path,bytes,sha256
.omo/evidence/current-visual-gate-review.md,5255,c2bbe004e427f3b326d9b1757e4872df549364d05e46bade96d132f8385ef6df
.omo/evidence/identity-visual-integrity-gate-review.md,6625,b33dd6f4214b11b588f55e651288970b4db30bd1470c30548392e895db5e6b69
.omo/evidence/visual-integrity-gate-review.md,8116,455d3afa5db35624ae5b3d5f3d066944a8a19a1f3a7570f23062c406289757bc
docs/visual-qa/CLOSEOUT_CURRENT.md,8680,124476f855526193dd47e656c9f5b3ea0623ade73ca7e9d5f018163f15aa0187
docs/visual-qa/DEBUG_HANDOFF_20260927.md,1059,13264c5300521b19463e986c250f55728eaa07e09deae59583e5cb0da7f6452f
docs/visual-qa/comparison-3b18568/contact-0.png,874651,822ac0edc245408302c0789b0e01f45a307a0a0964a90f2d4e62353050d4d160
docs/visual-qa/comparison-3b18568/contact-1.png,996371,9cb39cfbb69cdec1cdc58f9d42d6fdfc16fe97d0ce3638b3fea661f2c5a3b5b3
docs/visual-qa/comparison-3b18568/contact-2.png,419668,5a96d3bee2a6511216e435bd137e74a955a60c8f402495dcf4cad0d690269146
docs/visual-qa/comparison-3b18568/index.html,7560,125e7660c357b5a00b11a7caf4d4fedf06546820c08e99f5e8737c3c3b102299
docs/visual-qa/comparison-3b18568/m0_316_entrance-after.webp,29550,5d2edbe40e64397a41b77ef6c0a69131b8491406a9c6429f99daadfdee7f9052
docs/visual-qa/comparison-3b18568/m0_316_entrance-before.webp,29198,07b2989a8c6f704656cc21b8d809014e340faaf381f505b3ad6271e32774a98a
docs/visual-qa/comparison-3b18568/m0_316_office-after.webp,60574,57197f2ebed2b18e047c02baa36c6b3ca3a32c294abf69bc4ce2a04e3e823793
docs/visual-qa/comparison-3b18568/m0_316_office-before.webp,39912,6e966ae985479a0eaf5c6f9758fe3e6f6276e94a4e3fd8b24da49bd46a5fc08c
docs/visual-qa/comparison-3b18568/m0_3f_corridor-after.webp,32370,c0e6b277d46fefed507fe7dfb2303a9b495df55b0eaf8bb615c61aa5856880a6
docs/visual-qa/comparison-3b18568/m0_3f_corridor-before.webp,61426,09c60906df6d6ce4207858ef3f02a8d564116a2b845aa70f89af227bebd14d3d
docs/visual-qa/comparison-3b18568/m10_second_campus_1f-after.webp,66546,ae21f3d53fd3a26416adf214d3161db7fa092b9e21d2897c4800b61b57185b36
docs/visual-qa/comparison-3b18568/m10_second_campus_1f-before.webp,26840,e362b83dc5c47eb763fdcf2d983be7e957ab40dc1d66a3432d7b422489446789
docs/visual-qa/comparison-3b18568/m1_4f_lobby-after.webp,100980,faf7e4ccf3fe60ba3eeb16619d4466db76e315355e176abcbe691aa9c51eda87
docs/visual-qa/comparison-3b18568/m1_4f_lobby-before.webp,37488,271bd3b3944f555dfc6d2c4621a354818db9c645793acfe69c3676414afb93bf
docs/visual-qa/comparison-3b18568/m2_4f_409-after.webp,52770,5355322bf145acb79350fe071cf1cca5122ca9b15abedd0e88d35da0f579c1b7
docs/visual-qa/comparison-3b18568/m2_4f_409-before.webp,39006,7809fc42d78a254be2a1b2cd62e1f12d28403790d56fab09a8521c7640c42b23
docs/visual-qa/comparison-3b18568/m2_4f_duty_room-after.webp,39788,235e78bdf2f18b6ef7d2de5ec2427677a67cf78bef9e41a7353a67cb64d71a0f
docs/visual-qa/comparison-3b18568/m2_4f_duty_room-before.webp,36300,c3cd4db7fdf26cf1bff696f03db79969a6e2275dbe510fd5084c9359b0245495
docs/visual-qa/comparison-3b18568/m3_4f_nursing_station-after.webp,51176,066b62d18c0e5bb6a124d6f6643899447af7c6b94cbb3b027eb3f64275951d0f
docs/visual-qa/comparison-3b18568/m3_4f_nursing_station-before.webp,37730,3f43eeadac19e53541c23e3ce0940e70f078e29eda35d9e31a74662b95fca416
docs/visual-qa/comparison-3b18568/m3_4f_ward_gate-after.webp,57650,24c22c76d3a8349be4b305b773524d5cd001222d5e5fecc5bf7612ab9881c9ba
docs/visual-qa/comparison-3b18568/m3_4f_ward_gate-before.webp,43172,baaf958885b1610732eb3171461b57eb66fb7bd2d3c6c07c43b0805362be548c
docs/visual-qa/comparison-3b18568/m4_2f_er_arrival-after.webp,63168,4ff4701fc96582618864fa28655fa03d8cb242f2449a846572bc6ed03398a58f
docs/visual-qa/comparison-3b18568/m4_2f_er_arrival-before.webp,34296,f6cb2fb573d4d2d42099348bb84979ecc68f506c8d9871788c275fbe6386b13b
docs/visual-qa/comparison-3b18568/m4_2f_er_bays-after.webp,40028,76761765268135ccbd257fee6f075258a89a2ec19b23bba4f4745bcf2640855c
docs/visual-qa/comparison-3b18568/m4_2f_er_bays-before.webp,37866,c2a0137dcad0a940072de496e7d47ce3a5ba8e2d2c39a189c54f08d307f6b671
docs/visual-qa/comparison-3b18568/m4_2f_er_exterior-after.webp,20528,430c81824e8d5a54a395225a97fcf2fe4cd64c0aeb51eba241ebe245582c0981
docs/visual-qa/comparison-3b18568/m4_2f_er_exterior-before.webp,28178,9762b18d89cae82c5f082e010840cbca0cd0cbd68f5c4303071607713a7084c4
docs/visual-qa/comparison-3b18568/m4_2f_er_treatment-after.webp,60530,5bba75c206ceb23e489f165fdc898d6f12708f8a7785251601cfba09e3921083
docs/visual-qa/comparison-3b18568/m4_2f_er_treatment-before.webp,41332,d3c8ed8a4ced4ff61299a5d7c5db8adf830cc8312b69fcc1175b78e82337c4bf
docs/visual-qa/comparison-3b18568/m4_2f_er_triage-after.webp,61566,6beab41a2a2f753f101e3247666968ce8be4225e289621179b12d36c31bc0660
docs/visual-qa/comparison-3b18568/m4_2f_er_triage-before.webp,44430,48b7e9b57010788c19794658de531cb86cb8b806a9c5853efbfb3291e00c7fed
docs/visual-qa/comparison-3b18568/m5_1f_lobby_entrance-after.webp,108902,6f87c53968d5916b8f3816977bb967c4b9c87411e8ebcf29aabe44b416a358e9
docs/visual-qa/comparison-3b18568/m5_1f_lobby_entrance-before.webp,40542,f8f8105c3a4e750c279b7f740df3af13eed991948f9fd3e8da0d6f93516fabc8
docs/visual-qa/comparison-3b18568/m5_1f_reception-after.webp,64320,86a88e8202fb953fa080d0b54b3457bd0ea008343b7e3871c58d4d581319e4a0
docs/visual-qa/comparison-3b18568/m5_1f_reception-before.webp,47192,eab204973ece3057763eac900044ef9501b377a91dd834995c532aae202d8fa0
docs/visual-qa/comparison-3b18568/m6_8f_bridge_entry-after.webp,55140,b1fe2f44bb1476e96b156c5fedaf31f995459af0d84497cc54abccaff7429a0c
docs/visual-qa/comparison-3b18568/m6_8f_bridge_entry-before.webp,44838,fde15e13a58ff58a2829b6c86247c925bf682c995e3ee2330e99a473172de932
docs/visual-qa/comparison-3b18568/m7_skybridge_end-after.webp,48594,4c94bd32ebe34ef0379cc96a2c88784b7a0be293fd9b9858f2819ece2e681efb
docs/visual-qa/comparison-3b18568/m7_skybridge_end-before.webp,39546,c278576b3824698f88f886ad6531583d0a4629ec02755a64aefd4fd9da6bf327
docs/visual-qa/comparison-3b18568/m7_skybridge_mid-after.webp,96268,0a630218051f9e7fa0d1136953563d653588ec7237adc09307fb2ea766984091
docs/visual-qa/comparison-3b18568/m7_skybridge_mid-before.webp,74894,d5d2dc52611c65f68ac05804638dee2b9dc505226e84e0d9ae2efde26782ec27
docs/visual-qa/comparison-3b18568/m7_skybridge_start-after.webp,103358,cfe36b9cbbc1a05ccd6321a3e33ddbee02d29fcb50e255a9607a0d0a98e092bb
docs/visual-qa/comparison-3b18568/m7_skybridge_start-before.webp,71106,499e2294283bd4732aa75e4b6af5f811ea7ac6c82a75834823e4a919348916a9
docs/visual-qa/comparison-3b18568/m8_second_campus_std-after.webp,28064,63f4d6f75a7b9dfa60db1a39c3b7fbd4ce021c276c1f662648686c637966fc8f
docs/visual-qa/comparison-3b18568/m8_second_campus_std-before.webp,23506,715f593671bbe1e648576430c41e0c4ced4e308f9600b02f81ac3f87fc918672
docs/visual-qa/comparison-3b18568/m9_second_campus_2f-after.webp,122042,6fe4429991417ff562d6bfacd67792352c8a0e0d3165f9720f993e174ae6565d
docs/visual-qa/comparison-3b18568/m9_second_campus_2f-before.webp,47446,4b02842783d1b782980738436d924942542558675231705eba14b5802a7ceaf2
docs/visual-qa/comparison-cb9d1e5/contact-0.png,925862,fee10d16a5e4202e1f311c834fae1ab341eb2094cfcb35494d2953459c7d3d62
docs/visual-qa/comparison-cb9d1e5/contact-1.png,989775,4626b2f068afa2bade3e04c94fbcd430eb0315a26d54c35c31190a495cb79a91
docs/visual-qa/comparison-cb9d1e5/contact-2.png,419799,1a10261e12e9b143e835f4b942f436800ff5a32550ce726fb198635fc399cb90
docs/visual-qa/comparison-cb9d1e5/index.html,7578,02fc5946049f17d806ddc6ada8856bb6a8ac5f1604755fde027a165d966444cb
docs/visual-qa/comparison-cb9d1e5/m0_316_entrance-after.webp,29532,a054fcdc76ec8779970d66b9b3b35f7c365427dd7af00ccdda5cfa3a976981cc
docs/visual-qa/comparison-cb9d1e5/m0_316_entrance-before.webp,29198,07b2989a8c6f704656cc21b8d809014e340faaf381f505b3ad6271e32774a98a
docs/visual-qa/comparison-cb9d1e5/m0_316_office-after.webp,60574,57197f2ebed2b18e047c02baa36c6b3ca3a32c294abf69bc4ce2a04e3e823793
docs/visual-qa/comparison-cb9d1e5/m0_316_office-before.webp,39912,6e966ae985479a0eaf5c6f9758fe3e6f6276e94a4e3fd8b24da49bd46a5fc08c
docs/visual-qa/comparison-cb9d1e5/m0_3f_corridor-after.webp,61524,6935aa826ec9025020e6d21cc9296feb866cb4bc2d0af19be70ed2cdf42a90d8
docs/visual-qa/comparison-cb9d1e5/m0_3f_corridor-before.webp,61426,09c60906df6d6ce4207858ef3f02a8d564116a2b845aa70f89af227bebd14d3d
docs/visual-qa/comparison-cb9d1e5/m10_second_campus_1f-after.webp,66546,ae21f3d53fd3a26416adf214d3161db7fa092b9e21d2897c4800b61b57185b36
docs/visual-qa/comparison-cb9d1e5/m10_second_campus_1f-before.webp,26840,e362b83dc5c47eb763fdcf2d983be7e957ab40dc1d66a3432d7b422489446789
docs/visual-qa/comparison-cb9d1e5/m1_4f_lobby-after.webp,100596,e76e25f92643aed5bcab3df97424800c27e7a90e10f2003de03683ce4432f65a
docs/visual-qa/comparison-cb9d1e5/m1_4f_lobby-before.webp,37488,271bd3b3944f555dfc6d2c4621a354818db9c645793acfe69c3676414afb93bf
docs/visual-qa/comparison-cb9d1e5/m2_4f_409-after.webp,48102,715f0081c8a6c556f572ac181b7727e72d210c99540a63614aa3851a2df43d54
docs/visual-qa/comparison-cb9d1e5/m2_4f_409-before.webp,39006,7809fc42d78a254be2a1b2cd62e1f12d28403790d56fab09a8521c7640c42b23
docs/visual-qa/comparison-cb9d1e5/m2_4f_duty_room-after.webp,39788,235e78bdf2f18b6ef7d2de5ec2427677a67cf78bef9e41a7353a67cb64d71a0f
docs/visual-qa/comparison-cb9d1e5/m2_4f_duty_room-before.webp,36300,c3cd4db7fdf26cf1bff696f03db79969a6e2275dbe510fd5084c9359b0245495
docs/visual-qa/comparison-cb9d1e5/m3_4f_nursing_station-after.webp,51176,066b62d18c0e5bb6a124d6f6643899447af7c6b94cbb3b027eb3f64275951d0f
docs/visual-qa/comparison-cb9d1e5/m3_4f_nursing_station-before.webp,37730,3f43eeadac19e53541c23e3ce0940e70f078e29eda35d9e31a74662b95fca416
docs/visual-qa/comparison-cb9d1e5/m3_4f_ward_gate-after.webp,60322,2fac2bf6fbf791d52932fbfedcb8995292bfbf1028681bf77f2fea46f7d9936a
docs/visual-qa/comparison-cb9d1e5/m3_4f_ward_gate-before.webp,43172,baaf958885b1610732eb3171461b57eb66fb7bd2d3c6c07c43b0805362be548c
docs/visual-qa/comparison-cb9d1e5/m4_2f_er_arrival-after.webp,59598,69296ba710fb3016458a330bb512bf5d4b238bceb4145994ee15641e557e672a
docs/visual-qa/comparison-cb9d1e5/m4_2f_er_arrival-before.webp,34296,f6cb2fb573d4d2d42099348bb84979ecc68f506c8d9871788c275fbe6386b13b
docs/visual-qa/comparison-cb9d1e5/m4_2f_er_bays-after.webp,33522,0769beb1965f3bbab99e03afb4dc598fde3d9d917f41b679bea59ebf8b095733
docs/visual-qa/comparison-cb9d1e5/m4_2f_er_bays-before.webp,37866,c2a0137dcad0a940072de496e7d47ce3a5ba8e2d2c39a189c54f08d307f6b671
docs/visual-qa/comparison-cb9d1e5/m4_2f_er_exterior-after.webp,20528,430c81824e8d5a54a395225a97fcf2fe4cd64c0aeb51eba241ebe245582c0981
docs/visual-qa/comparison-cb9d1e5/m4_2f_er_exterior-before.webp,28178,9762b18d89cae82c5f082e010840cbca0cd0cbd68f5c4303071607713a7084c4
docs/visual-qa/comparison-cb9d1e5/m4_2f_er_treatment-after.webp,55364,478981198d8e9e24175eb4958a13948203ed85ddc45871cca28e63cd2940d988
docs/visual-qa/comparison-cb9d1e5/m4_2f_er_treatment-before.webp,41332,d3c8ed8a4ced4ff61299a5d7c5db8adf830cc8312b69fcc1175b78e82337c4bf
docs/visual-qa/comparison-cb9d1e5/m4_2f_er_triage-after.webp,61590,b142c26c4010bbf5a8b5e623c843fba6bfa3da80e704dc2f24052b26e6acca99
docs/visual-qa/comparison-cb9d1e5/m4_2f_er_triage-before.webp,44430,48b7e9b57010788c19794658de531cb86cb8b806a9c5853efbfb3291e00c7fed
docs/visual-qa/comparison-cb9d1e5/m5_1f_lobby_entrance-after.webp,107464,4eb1e7808001de324b9d8f7ce944b29eeff8ba9a7b1907b5a6410ae1ac5672cf
docs/visual-qa/comparison-cb9d1e5/m5_1f_lobby_entrance-before.webp,40542,f8f8105c3a4e750c279b7f740df3af13eed991948f9fd3e8da0d6f93516fabc8
docs/visual-qa/comparison-cb9d1e5/m5_1f_reception-after.webp,64320,86a88e8202fb953fa080d0b54b3457bd0ea008343b7e3871c58d4d581319e4a0
docs/visual-qa/comparison-cb9d1e5/m5_1f_reception-before.webp,47192,eab204973ece3057763eac900044ef9501b377a91dd834995c532aae202d8fa0
docs/visual-qa/comparison-cb9d1e5/m6_8f_bridge_entry-after.webp,55704,32b40b0bdda3acc9ef0e3cc3e2c4745c4162f9b69d6a07c9512ff2f2270a4482
docs/visual-qa/comparison-cb9d1e5/m6_8f_bridge_entry-before.webp,44838,fde15e13a58ff58a2829b6c86247c925bf682c995e3ee2330e99a473172de932
docs/visual-qa/comparison-cb9d1e5/m7_skybridge_end-after.webp,48594,4c94bd32ebe34ef0379cc96a2c88784b7a0be293fd9b9858f2819ece2e681efb
docs/visual-qa/comparison-cb9d1e5/m7_skybridge_end-before.webp,39546,c278576b3824698f88f886ad6531583d0a4629ec02755a64aefd4fd9da6bf327
docs/visual-qa/comparison-cb9d1e5/m7_skybridge_mid-after.webp,96268,0a630218051f9e7fa0d1136953563d653588ec7237adc09307fb2ea766984091
docs/visual-qa/comparison-cb9d1e5/m7_skybridge_mid-before.webp,74894,d5d2dc52611c65f68ac05804638dee2b9dc505226e84e0d9ae2efde26782ec27
docs/visual-qa/comparison-cb9d1e5/m7_skybridge_start-after.webp,100188,a25101cf05c1dc569793b159ee90f86786f1859bdb1b7cb7fbdcbb0822954140
docs/visual-qa/comparison-cb9d1e5/m7_skybridge_start-before.webp,71106,499e2294283bd4732aa75e4b6af5f811ea7ac6c82a75834823e4a919348916a9
docs/visual-qa/comparison-cb9d1e5/m8_second_campus_std-after.webp,28534,a0a092098bd6cb0cf35586e09c873329b745b60441699ac0ed6c8943a6375551
docs/visual-qa/comparison-cb9d1e5/m8_second_campus_std-before.webp,23506,715f593671bbe1e648576430c41e0c4ced4e308f9600b02f81ac3f87fc918672
docs/visual-qa/comparison-cb9d1e5/m9_second_campus_2f-after.webp,121734,131be1d708378f9e2314f0a103a17db718644a66837c2ee5a7ff161469f015b8
docs/visual-qa/comparison-cb9d1e5/m9_second_campus_2f-before.webp,47446,4b02842783d1b782980738436d924942542558675231705eba14b5802a7ceaf2
docs/visual-qa/comparison-current/contact-0.png,925773,6c3ed607c32163c38a0a1ca7fa23a386f02c149cdd782a023676b721e1f878e0
docs/visual-qa/comparison-current/contact-1.png,991515,6674f0b01c7b85257c87ff5fee9b09b78609f76fb6bdc92ae65c2ebe4e94a318
docs/visual-qa/comparison-current/contact-2.png,416409,483d3919e0a5c2e6ecd26a100e51c4617b6ad8c05bc2dadb5b33e12f98c870fc
docs/visual-qa/comparison-current/index.html,7560,125e7660c357b5a00b11a7caf4d4fedf06546820c08e99f5e8737c3c3b102299
docs/visual-qa/comparison-current/m0_316_entrance-after.webp,29560,a3d36be0d34450c97c7aac3799428455cccfd13637c4acb7cfe03ee32a09580f
docs/visual-qa/comparison-current/m0_316_entrance-before.webp,29198,07b2989a8c6f704656cc21b8d809014e340faaf381f505b3ad6271e32774a98a
docs/visual-qa/comparison-current/m0_316_office-after.webp,60574,57197f2ebed2b18e047c02baa36c6b3ca3a32c294abf69bc4ce2a04e3e823793
docs/visual-qa/comparison-current/m0_316_office-before.webp,39912,6e966ae985479a0eaf5c6f9758fe3e6f6276e94a4e3fd8b24da49bd46a5fc08c
docs/visual-qa/comparison-current/m0_3f_corridor-after.webp,61516,53177b7b05b04e0ce152750faf0563862e979e3f0d882d049464ca4ed5b8f791
docs/visual-qa/comparison-current/m0_3f_corridor-before.webp,61426,09c60906df6d6ce4207858ef3f02a8d564116a2b845aa70f89af227bebd14d3d
docs/visual-qa/comparison-current/m10_second_campus_1f-after.webp,64110,84337017991ec9ebf937d17bc1e8c720c345b0aef8a9a004b9514cbe153653f4
docs/visual-qa/comparison-current/m10_second_campus_1f-before.webp,26840,e362b83dc5c47eb763fdcf2d983be7e957ab40dc1d66a3432d7b422489446789
docs/visual-qa/comparison-current/m1_4f_lobby-after.webp,100212,2b15ac582617ff3068f246d4d5c8de7980b6984899d060f688575e8faae06194
docs/visual-qa/comparison-current/m1_4f_lobby-before.webp,37488,271bd3b3944f555dfc6d2c4621a354818db9c645793acfe69c3676414afb93bf
docs/visual-qa/comparison-current/m2_4f_409-after.webp,48094,dbf8318c0846a8cf21040d3fb2b74a34dda7ce621855834ed888bd8964998bcc
docs/visual-qa/comparison-current/m2_4f_409-before.webp,39006,7809fc42d78a254be2a1b2cd62e1f12d28403790d56fab09a8521c7640c42b23
docs/visual-qa/comparison-current/m2_4f_duty_room-after.webp,39788,235e78bdf2f18b6ef7d2de5ec2427677a67cf78bef9e41a7353a67cb64d71a0f
docs/visual-qa/comparison-current/m2_4f_duty_room-before.webp,36300,c3cd4db7fdf26cf1bff696f03db79969a6e2275dbe510fd5084c9359b0245495
docs/visual-qa/comparison-current/m3_4f_nursing_station-after.webp,45024,d843b673c107804ab9697913183b50d1b9621a6eed7b884951364747df6e5789
docs/visual-qa/comparison-current/m3_4f_nursing_station-before.webp,37730,3f43eeadac19e53541c23e3ce0940e70f078e29eda35d9e31a74662b95fca416
docs/visual-qa/comparison-current/m3_4f_ward_gate-after.webp,58536,0e76b87d04187438accb9e230e85e92361c3efd0716d4e5f918e7f4c2764ee9d
docs/visual-qa/comparison-current/m3_4f_ward_gate-before.webp,43172,baaf958885b1610732eb3171461b57eb66fb7bd2d3c6c07c43b0805362be548c
docs/visual-qa/comparison-current/m4_2f_er_arrival-after.webp,64240,0f8e459ee7e236bfa3a00e0885fc7f3d79de2baaafbe71fa9744230a27bf6607
docs/visual-qa/comparison-current/m4_2f_er_arrival-before.webp,34296,f6cb2fb573d4d2d42099348bb84979ecc68f506c8d9871788c275fbe6386b13b
docs/visual-qa/comparison-current/m4_2f_er_bays-after.webp,33550,3f22cad0d387c73bf409fdb0cd5a09b21a4b7a2cab4f1a4d114f30f9de64e25b
docs/visual-qa/comparison-current/m4_2f_er_bays-before.webp,37866,c2a0137dcad0a940072de496e7d47ce3a5ba8e2d2c39a189c54f08d307f6b671
docs/visual-qa/comparison-current/m4_2f_er_exterior-after.webp,20528,430c81824e8d5a54a395225a97fcf2fe4cd64c0aeb51eba241ebe245582c0981
docs/visual-qa/comparison-current/m4_2f_er_exterior-before.webp,28178,9762b18d89cae82c5f082e010840cbca0cd0cbd68f5c4303071607713a7084c4
docs/visual-qa/comparison-current/m4_2f_er_treatment-after.webp,55364,478981198d8e9e24175eb4958a13948203ed85ddc45871cca28e63cd2940d988
docs/visual-qa/comparison-current/m4_2f_er_treatment-before.webp,41332,d3c8ed8a4ced4ff61299a5d7c5db8adf830cc8312b69fcc1175b78e82337c4bf
docs/visual-qa/comparison-current/m4_2f_er_triage-after.webp,54224,c81866dd5672659983116b9c7a0d86eefd314c879fc9a194acc71d39afd705fc
docs/visual-qa/comparison-current/m4_2f_er_triage-before.webp,44430,48b7e9b57010788c19794658de531cb86cb8b806a9c5853efbfb3291e00c7fed
docs/visual-qa/comparison-current/m5_1f_lobby_entrance-after.webp,108756,413bf246f1d9936a0c62261ea20eb65cce11a145bbb56e368599da353c231829
docs/visual-qa/comparison-current/m5_1f_lobby_entrance-before.webp,40542,f8f8105c3a4e750c279b7f740df3af13eed991948f9fd3e8da0d6f93516fabc8
docs/visual-qa/comparison-current/m5_1f_reception-after.webp,64320,86a88e8202fb953fa080d0b54b3457bd0ea008343b7e3871c58d4d581319e4a0
docs/visual-qa/comparison-current/m5_1f_reception-before.webp,47192,eab204973ece3057763eac900044ef9501b377a91dd834995c532aae202d8fa0
docs/visual-qa/comparison-current/m6_8f_bridge_entry-after.webp,55070,671f2c78d2e7d603a556b32f57af7eb3a47f918bb407c274d3523fad4fa45b85
docs/visual-qa/comparison-current/m6_8f_bridge_entry-before.webp,44838,fde15e13a58ff58a2829b6c86247c925bf682c995e3ee2330e99a473172de932
docs/visual-qa/comparison-current/m7_skybridge_end-after.webp,42948,43180d32a1aaf057e0609c714cb2e19e1e9d1dde9ed55e0e1072c2a79d7bf0e7
docs/visual-qa/comparison-current/m7_skybridge_end-before.webp,39546,c278576b3824698f88f886ad6531583d0a4629ec02755a64aefd4fd9da6bf327
docs/visual-qa/comparison-current/m7_skybridge_mid-after.webp,96268,0a630218051f9e7fa0d1136953563d653588ec7237adc09307fb2ea766984091
docs/visual-qa/comparison-current/m7_skybridge_mid-before.webp,74894,d5d2dc52611c65f68ac05804638dee2b9dc505226e84e0d9ae2efde26782ec27
docs/visual-qa/comparison-current/m7_skybridge_start-after.webp,103698,9103f914bcb473d828aa445bf24cd0f909fb9419e596102c3379f44b2c1c6acd
docs/visual-qa/comparison-current/m7_skybridge_start-before.webp,71106,499e2294283bd4732aa75e4b6af5f811ea7ac6c82a75834823e4a919348916a9
docs/visual-qa/comparison-current/m8_second_campus_std-after.webp,28818,962b8007ff4857f7d993573aa3f63a3d7cb155a33facd4633b40701444998031
docs/visual-qa/comparison-current/m8_second_campus_std-before.webp,23506,715f593671bbe1e648576430c41e0c4ced4e308f9600b02f81ac3f87fc918672
docs/visual-qa/comparison-current/m9_second_campus_2f-after.webp,122042,6fe4429991417ff562d6bfacd67792352c8a0e0d3165f9720f993e174ae6565d
docs/visual-qa/comparison-current/m9_second_campus_2f-before.webp,47446,4b02842783d1b782980738436d924942542558675231705eba14b5802a7ceaf2
docs/visual-qa/evidence/20260927/closeout-images/m1-3f-storage-annie-static.png,1067798,9b989476068e7dd8211498233a187db1354871435c21792c7993eee19b6e8d4f
docs/visual-qa/evidence/20260927/closeout-images/m1-annie-close-inspection.png,1021055,c8d2b0b05d84aef1b62bee5fa339f86efa3f82c84c90ad2712bd277dfd28bb28
docs/visual-qa/evidence/20260927/closeout-images/m3-0033-registration.png,189502,9c222cb7acf75a5faadd988ede92d7a92edc9caeee17a306eb0cbeca16c5ad0a
docs/visual-qa/evidence/20260927/closeout-images/m4-transfer-form.png,327886,70554bcf9e2d6e61d389e2f9c21a8bc44304af8685cb5fbda59d300dfdd30f12
docs/visual-qa/evidence/20260927/closeout-images/m5-bridge-idle-2.png,1235086,ba4e587479550018876da1157751830fddbd4b94cce3e603a5044d3767832124
docs/visual-qa/evidence/20260927/closeout-images/m5-return-bridge-annie.png,1235139,4a79e7fabd33a944b73d87bb47c50af7c5357ed12719cb29f10076d135af3163
docs/visual-qa/evidence/20260927/closeout-images/m6-annie-cpr-close.png,1346718,83d1b2ec389cb6d870b110fe7dcdefdb200870c7ce619f44f24df4916a88b7f4
docs/visual-qa/evidence/20260927/closeout-images/m6-cpr-press-1.png,1380688,6b3f8bff78420efce181db19f49788fc0ec8f5239b6b3a7ffec3e9fce38446e9
docs/visual-qa/evidence/20260927/closeout-images/m7-b2-mirror-316.png,969949,d0eb6a777381cd182f36d0172057d9edfe64109e7972c4ea987da9f5ac5ea925
docs/visual-qa/evidence/20260927/closeout-images/m9-successful-dawn-ending.png,179481,b5ce746e3c36ddbdad2c7e968b0f8e5bee2572f2cadd3051a3088e04cf0d3ac4
docs/visual-qa/evidence/20260927/final-9613926/capture-manifest.json,23232,e878945f97dea703ef6a5fcf27a2b6a7bdef7b364a74098187cb4a8f0b82026d
docs/visual-qa/evidence/20260927/final-9613926/m0_316_entrance_detail.png,714060,5c689887c0641732a6bbace9aae7c7746181065ee8816c9629d490ded9afaa79
docs/visual-qa/evidence/20260927/final-9613926/m0_316_entrance_entrance.png,854145,6e4ea7391423fe1c4633016079fd0253e2e9d81104cacafebae3545c1444cedd
docs/visual-qa/evidence/20260927/final-9613926/m0_316_entrance_junction.png,863723,1393565055d3203582bb1eb1c4af97339be82d33c49863702c4800c0a93c976d
docs/visual-qa/evidence/20260927/final-9613926/m0_316_entrance_mid.png,919610,e4c096efa2b395c2ae764bb2abca735ec2f7c9cd27355a6c84a46a6b541802a2
docs/visual-qa/evidence/20260927/final-9613926/m0_316_office_detail.png,773020,df0426fd95b6f0f894c3b3a8b1d3a7b0b365f1dab4a6b680571914993abb6096
docs/visual-qa/evidence/20260927/final-9613926/m0_316_office_entrance.png,959784,cb76166b6089a3a8efda323f8e6100134ad9c0e79ec67f1b07483f6bf838b19c
docs/visual-qa/evidence/20260927/final-9613926/m0_316_office_junction.png,857306,cdd026ce4c254e5ac03e5377e0c22e40ce1536fbd725baa4a4f988714147068b
docs/visual-qa/evidence/20260927/final-9613926/m0_316_office_mid.png,1104413,5062fc814e2d20bf11f7d913d490ee4b0abb91250b6f7b8debc06fa75e010f05
docs/visual-qa/evidence/20260927/final-9613926/m0_3f_corridor_detail.png,1031943,9ac0f0e02bee169af6d28d3e709abfab34df4e22a95b9a43985bae3f10e8fdac
docs/visual-qa/evidence/20260927/final-9613926/m0_3f_corridor_entrance.png,1059829,c1642e250a92ed66afe2abd0cd085e9c9d2e403cd04b36cd060ba879c864eb6e
docs/visual-qa/evidence/20260927/final-9613926/m0_3f_corridor_junction.png,992053,dff093909a94471231b0f52164fc629741273640d767495ed8c5b8a4ea6669d4
docs/visual-qa/evidence/20260927/final-9613926/m0_3f_corridor_mid.png,1022094,b84e313f999aebe0ce3fd2302d9686cf2f0ebc83a15d226f790ea2152d44f7a9
docs/visual-qa/evidence/20260927/final-9613926/m10_second_campus_1f_detail.png,817246,d82639948d778ddb51f6c34efb60f0cc409da270095bc9065dd79b4ccf52f158
docs/visual-qa/evidence/20260927/final-9613926/m10_second_campus_1f_entrance.png,1062082,c090f4a8894a837a08d66eb7c3934e483c5cec8a70cd7b24ae4e9410bf3aa8c6
docs/visual-qa/evidence/20260927/final-9613926/m10_second_campus_1f_junction.png,849298,6e5afda72c0679f7e6e59b9ca3ed274bacdfa7c6534dc52d5ea42d7ee67d7b52
docs/visual-qa/evidence/20260927/final-9613926/m10_second_campus_1f_mid.png,1135570,9dfafafa115cc74a3fcdade36e3f1ab8c13b2879029763ea136cd6a52a335ce4
docs/visual-qa/evidence/20260927/final-9613926/m1_4f_lobby_detail.png,690245,709c42061b467301412eaf8c4d31c93cbc49b817bef40f5c504f9cb2c736129f
docs/visual-qa/evidence/20260927/final-9613926/m1_4f_lobby_entrance.png,1163196,02fd4a26f7e343abf464a4036b0578a12bd672a0fa088562bd8fa6e225afb5f0
docs/visual-qa/evidence/20260927/final-9613926/m1_4f_lobby_junction.png,822888,f379e8b96739c4a1d15a21f25ccdee2d3831cd8924b3f5f124572969c290f90f
docs/visual-qa/evidence/20260927/final-9613926/m1_4f_lobby_mid.png,1201367,2ed848f5aa35b457085a7fee016ea6b1e8d188b871983a2beef06deefa5d709b
docs/visual-qa/evidence/20260927/final-9613926/m2_4f_409_detail.png,1012154,2a3cecd7759b5d194d138c53a85b1b474e915792dc91f2f8a826914900bda9f7
docs/visual-qa/evidence/20260927/final-9613926/m2_4f_409_entrance.png,1005404,7876a94046d6e15911eef69531881db11e14b60059b78883077931fd2a56b9c5
docs/visual-qa/evidence/20260927/final-9613926/m2_4f_409_junction.png,988930,de2b0413c18fe9201afb47f56d7c598a50535f97a3ec838eca3c7fbd6fb1d924
docs/visual-qa/evidence/20260927/final-9613926/m2_4f_409_mid.png,1037762,fef2cb34f8c5a5eb6481ec797b29ffda7c3f9f9595d21187ef13190f4f45ece6
docs/visual-qa/evidence/20260927/final-9613926/m2_4f_duty_room_detail.png,940473,747958b5be772a9e2d967b59800cb35cf4d39c1ded8c8753c1d12656f6bf4a4a
docs/visual-qa/evidence/20260927/final-9613926/m2_4f_duty_room_entrance.png,952309,21560de2221b04c4716ccceb3524ef2fbbae4fc0fda38bf3f02f929f97bbbf3c
docs/visual-qa/evidence/20260927/final-9613926/m2_4f_duty_room_junction.png,994431,c08098f2d7a888cc06fb5e2883c45d42cdd277d690a47932241ae8d9a7180ab7
docs/visual-qa/evidence/20260927/final-9613926/m2_4f_duty_room_mid.png,1132698,1d3a617d4a3bc18188ff477687109aaaad3de0cc0582030d14f213550034a54d
docs/visual-qa/evidence/20260927/final-9613926/m3_4f_nursing_station_detail.png,742030,f2a9f974bb94c1ed4ffe0f1afc8589e8e2dacaf74ad13ccdd8b405306644877f
docs/visual-qa/evidence/20260927/final-9613926/m3_4f_nursing_station_entrance.png,810347,9883b915a5d65c22d3a645bef6e0825433b4bf74825c74a489f0d930abf1fae8
docs/visual-qa/evidence/20260927/final-9613926/m3_4f_nursing_station_junction.png,816933,97a67a3a8290ecd79afa2c3ba2a18872f611eaaf9f697454871880192e87c647
docs/visual-qa/evidence/20260927/final-9613926/m3_4f_nursing_station_mid.png,987283,2860d8208795d0b4ee3e8ae568d722a776583a71c3db4e5e24b0bcda095d0220
docs/visual-qa/evidence/20260927/final-9613926/m3_4f_ward_gate_detail.png,1007514,273fca00869c0bca1778927be0b43c87661b3e77de4ad6d4c70e6153645e91dd
docs/visual-qa/evidence/20260927/final-9613926/m3_4f_ward_gate_entrance.png,985983,e5b407023b47afc3561b7022dcdc4b22aae8a428303e02219f7640bda177c440
docs/visual-qa/evidence/20260927/final-9613926/m3_4f_ward_gate_junction.png,851147,a0b538c0dbfc07e08d090f2d7d1617091e819bdfb94201085007d8401a1e88a0
docs/visual-qa/evidence/20260927/final-9613926/m3_4f_ward_gate_mid.png,997652,177b8d12f26b638dcfcca3c549703be3b9c1704eec5d004735bd04bc2042dd48
docs/visual-qa/evidence/20260927/final-9613926/m4_2f_er_arrival_detail.png,832481,06cdb24d91afdfbc7d7120814d211ac2192535c5bb0f7a4264f984ac4773b7ea
docs/visual-qa/evidence/20260927/final-9613926/m4_2f_er_arrival_entrance.png,1016935,4ef28d24356a0bedeb9fd44f48a43cb4bdc3a8e05667fd99c2130e76e8ba529a
docs/visual-qa/evidence/20260927/final-9613926/m4_2f_er_arrival_junction.png,854172,5ecfb2c14ae9af086b19a8b70e24d1986c6b6fc6919be2aa1a5df6608835b549
docs/visual-qa/evidence/20260927/final-9613926/m4_2f_er_arrival_mid.png,1020842,1ca3f4b4dcbed444c86256e64d7fe1c2662cc6891c165e14ac8469af641a95fc
docs/visual-qa/evidence/20260927/final-9613926/m4_2f_er_bays_detail.png,957592,aa38714a15fd5aadbf0a77e3185c7019900c0d50282844f70d722352e65a87b6
docs/visual-qa/evidence/20260927/final-9613926/m4_2f_er_bays_entrance.png,975447,58ca0950a333b8131e8232ebc96224c7b31c4ee3abdb41dedd81b56967f48852
docs/visual-qa/evidence/20260927/final-9613926/m4_2f_er_bays_junction.png,1024012,51ae8f777b4027be25789f8ef0a49b5181e72fb85d041b4aeaac17a6e0b65aa6
docs/visual-qa/evidence/20260927/final-9613926/m4_2f_er_bays_mid.png,1005994,d668ba529b710bd5aa2e8a0872b14786d6cc070bdaa0bafa100d92433d5ad569
docs/visual-qa/evidence/20260927/final-9613926/m4_2f_er_exterior_detail.png,506239,b0d9d67b6dbe00869643de54eb7c146bc5c4f57318f0591901aec823396c3160
docs/visual-qa/evidence/20260927/final-9613926/m4_2f_er_exterior_entrance.png,646087,af21f2b793b745f2f24e99892db6711c2edf77d67c1103349d429a28463d297c
docs/visual-qa/evidence/20260927/final-9613926/m4_2f_er_exterior_junction.png,797426,0f123f2775036924e481959c446a6b68cd2b4dec4ed9854649e6571f99df812b
docs/visual-qa/evidence/20260927/final-9613926/m4_2f_er_exterior_mid.png,781514,3fa2147d610c0cc83e28fa889807d1d352870341674ff10e4074970001589cb9
docs/visual-qa/evidence/20260927/final-9613926/m4_2f_er_treatment_detail.png,786573,087c174922d94492991e387c0d237a1a1aecd4ef8f87f1e3cd3731e72ec77c30
docs/visual-qa/evidence/20260927/final-9613926/m4_2f_er_treatment_entrance.png,991218,17b720fbdd76155a62119a8efc32010708384bfd69142d5a126acf9fc55d9e13
docs/visual-qa/evidence/20260927/final-9613926/m4_2f_er_treatment_junction.png,923658,06b653a4d48fcd6fafe0971d202a1b4fb3a33cb153328a6ce4dd499f9af12b70
docs/visual-qa/evidence/20260927/final-9613926/m4_2f_er_treatment_mid.png,1095148,703dd1be307d4dd7153cc7cadcb5d5eb747b7bb23b65e291f6eafe978b33f5bd
docs/visual-qa/evidence/20260927/final-9613926/m4_2f_er_triage_detail.png,888938,2160074881bd4dd8c4b3eac8dc3531af12d82b05f33341d195881195b0045c31
docs/visual-qa/evidence/20260927/final-9613926/m4_2f_er_triage_entrance.png,931473,be51499e60ac86e7b59c6c73267c1411df94e6f305826b5cf197096014b471fd
docs/visual-qa/evidence/20260927/final-9613926/m4_2f_er_triage_junction.png,1139085,07c23931ee2c57638289315c75a219e98e3c68428038fa393fc2e573ff0d9983
docs/visual-qa/evidence/20260927/final-9613926/m4_2f_er_triage_mid.png,1084279,3a9d9302b76f9f2fe81ff86c6e17fa00a45f0e77bc8206eefb559df08d02c161
docs/visual-qa/evidence/20260927/final-9613926/m5_1f_lobby_entrance_detail.png,933428,b009e3078b86114bcd032d78344010b2351e702f8b418659c5b70e55ab6db4cf
docs/visual-qa/evidence/20260927/final-9613926/m5_1f_lobby_entrance_entrance.png,1207884,b9c3e4df68c4324f7b816cc6ff5e17f3e9fbadaa10b3e05d0c2017ee2acd9f7a
docs/visual-qa/evidence/20260927/final-9613926/m5_1f_lobby_entrance_junction.png,975746,7e5420ed9f5675c5bf46eb0d23c0c147ae60335698ce2d5a7a777ddd2bdf012c
docs/visual-qa/evidence/20260927/final-9613926/m5_1f_lobby_entrance_mid.png,1270421,216af4c087f0f7cfaff4824469559d9da9ff593efc8a3dfd6e6f879a7149de66
docs/visual-qa/evidence/20260927/final-9613926/m5_1f_reception_detail.png,865495,d9550a320cdb2708a4bb3492783e7ecb5c3a6fe1a65e2ddb880996206a0b525f
docs/visual-qa/evidence/20260927/final-9613926/m5_1f_reception_entrance.png,884133,e027e0be937340e25202ec5c80e0aa2aeed288b9088a99be7d68cf032b3bdabd
docs/visual-qa/evidence/20260927/final-9613926/m5_1f_reception_junction.png,1166428,8072c84eee2e9dd1e6312116453e50f7e5da81979612749655cc33fccafa3380
docs/visual-qa/evidence/20260927/final-9613926/m5_1f_reception_mid.png,1243173,69309239c807b507a84b68814130fc5a1780c68b8aee2fb6cb120489a4a14029
docs/visual-qa/evidence/20260927/final-9613926/m6_8f_bridge_entry_detail.png,818986,ef0e41c9fa6328add72e01b2a053629b81b12b94ae4c51193923660f5a5dcc23
docs/visual-qa/evidence/20260927/final-9613926/m6_8f_bridge_entry_entrance.png,917010,29d999717a00b3ea48c177acd4780f80b7c2256667425e6d64a2997d371df6c2
docs/visual-qa/evidence/20260927/final-9613926/m6_8f_bridge_entry_junction.png,1019606,65efd56ea6a12dc7f770e121c328599f3f3d1c443be6e2e9d941b80b5fdb1cd9
docs/visual-qa/evidence/20260927/final-9613926/m6_8f_bridge_entry_mid.png,1009139,8dea5442c8444d3cd161fceee1343b939ca9322a574c8696c5de0d5758478656
docs/visual-qa/evidence/20260927/final-9613926/m7_skybridge_end_detail.png,676243,08b90f689908e73ab4d10268fd67912f9fafb0a34fe645b378d5646870f73178
docs/visual-qa/evidence/20260927/final-9613926/m7_skybridge_end_entrance.png,855640,b09c596d8d4481a0b881eb22d933aa55d9af2f54a94cbdaaac00944e1d253757
docs/visual-qa/evidence/20260927/final-9613926/m7_skybridge_end_junction.png,819514,4c45ca36d467ab411103605360907a85f5d35391f8996b86bf6ce51eec7b29d3
docs/visual-qa/evidence/20260927/final-9613926/m7_skybridge_end_mid.png,864316,71fd5372c0370a3a7e6af8a0a947f45478db5a33f07cdaca39affc6cfcd1d74e
docs/visual-qa/evidence/20260927/final-9613926/m7_skybridge_mid_detail.png,964754,392408a6dbd5b3c700bf02950a050033463283fc1bb938aea91d76ca26b8b249
docs/visual-qa/evidence/20260927/final-9613926/m7_skybridge_mid_entrance.png,1095042,877bc0e748975467644a3fae204d0036cc41f59b4b18024bbc270f53b1014f76
docs/visual-qa/evidence/20260927/final-9613926/m7_skybridge_mid_junction.png,908189,f75a5c773cafb737a61e842948ded4809f615433b28b247f33f57a22cb11c89f
docs/visual-qa/evidence/20260927/final-9613926/m7_skybridge_mid_mid.png,1086802,93d584180724a0d1d1bf6ed618d00ebf46b16139085403e0bec68445f1b4088e
docs/visual-qa/evidence/20260927/final-9613926/m7_skybridge_start_detail.png,1002488,92f354d9ce5cb10757cab6c60ec11e68622deb73f31537ed6175c88686080d2f
docs/visual-qa/evidence/20260927/final-9613926/m7_skybridge_start_entrance.png,1107803,b9aed4864d2c49756cc3a8d3ff554e954b4445e6f1c273bb62a9e0e2cbad3474
docs/visual-qa/evidence/20260927/final-9613926/m7_skybridge_start_junction.png,926322,e37ae383739a4b7288e0d2c1e535370fbf5982ee144b017ad3d1c6570971174b
docs/visual-qa/evidence/20260927/final-9613926/m7_skybridge_start_mid.png,1114223,7128ac4fa32527c443803a58fc3c6668cb3d6b63c133bcbf79307d363802d070
docs/visual-qa/evidence/20260927/final-9613926/m8_second_campus_std_detail.png,586429,7cb509d5f2f09255cdfcb7314e02e2e09db45cac7cf0bbec119705ae41e9c6b3
docs/visual-qa/evidence/20260927/final-9613926/m8_second_campus_std_entrance.png,737736,b70d5f04735636ca43236bc9c04ab7e5e4ba972c03c1bb1fd001892ac71cc88f
docs/visual-qa/evidence/20260927/final-9613926/m8_second_campus_std_junction.png,804024,3ccc73d023cd97c701f8d7eef356931511dbfb3f7281ab22e3222e6b416c3dae
docs/visual-qa/evidence/20260927/final-9613926/m8_second_campus_std_mid.png,950619,2b198ce75871fbc6de9ddeb2ebb7b0249179eba6876c0a198a48ad598953fbdd
docs/visual-qa/evidence/20260927/final-9613926/m9_second_campus_2f_detail.png,941792,df5502d69550c587b6e50c5ae87f9b333db440f63289800094cadb4e167d5eb0
docs/visual-qa/evidence/20260927/final-9613926/m9_second_campus_2f_entrance.png,1331228,587d48f7cff6465a3f9ba40f4856d93403f8c2a7d5c30b55356209b4a08a725b
docs/visual-qa/evidence/20260927/final-9613926/m9_second_campus_2f_junction.png,947140,196d9ee74869b12b96da9faecde85568d5a11c0bb2dd02a7847d6d624c815cfc
docs/visual-qa/evidence/20260927/final-9613926/m9_second_campus_2f_mid.png,1280328,3e4e98f11dbd646015176c6e8c79bcf8f606c2eeba47b80d5997db6f6040d0fa
docs/visual-qa/evidence/20260927/public-8e1be87/capture-manifest.json,23317,693ea6c47303c83084817363d0d0eecf361bf07b2ca5765c23c2dcf2b32dd723
docs/visual-qa/evidence/20260927/public-8e1be87/m0_316_entrance_detail.png,638523,6aa65eeed4ad11188e36102edcefc163db65c0ff3e8ca60ee756efcb529fa302
docs/visual-qa/evidence/20260927/public-8e1be87/m0_316_entrance_entrance.png,693764,d6d22bd476cdddd2df575fec62abe499e7ba23bdb18910d2239303af69c1cfa4
docs/visual-qa/evidence/20260927/public-8e1be87/m0_316_entrance_junction.png,647244,c9aa24932a1322259155f17af959c3ba826468de0588a3741ce0cdeb2ae56d0b
docs/visual-qa/evidence/20260927/public-8e1be87/m0_316_entrance_mid.png,769021,86efa0e38fb249ebd317514efa5f7a3c7645c37899f90e9eca8276a09be855a8
docs/visual-qa/evidence/20260927/public-8e1be87/m0_316_office_detail.png,648097,372cce875f68dab3601a30caae40280b10847607651a9745cf3b0e40fea4a33c
docs/visual-qa/evidence/20260927/public-8e1be87/m0_316_office_entrance.png,677512,cd3a7bde11bbccfcc0336ef75dc42980e0ef26053b6a2567eb8d7b86dbe44367
docs/visual-qa/evidence/20260927/public-8e1be87/m0_316_office_junction.png,699068,cb8cca2d50c10ea4659c1f9141a431f32d703742e4529fa9d5a0b3b44c483ef0
docs/visual-qa/evidence/20260927/public-8e1be87/m0_316_office_mid.png,715846,411c01b38b4b694bb9ace41d0db8df469ef5c205e61db83f501ca10948ee2f13
docs/visual-qa/evidence/20260927/public-8e1be87/m0_3f_corridor_detail.png,846653,75dc4f03070b1b0396c9c8eafa96a707ed848e34cf593b65a1428984f2e6fbf3
docs/visual-qa/evidence/20260927/public-8e1be87/m0_3f_corridor_entrance.png,858320,2fa1cf7c8cbbf9b9ea404e217680bd5899ecdf6f3fef84bd61b82b949687fbd2
docs/visual-qa/evidence/20260927/public-8e1be87/m0_3f_corridor_junction.png,828288,3dea606821c93a8caac1f9cc05f18b879d43afbda8aade6b878e08a5355bafdb
docs/visual-qa/evidence/20260927/public-8e1be87/m0_3f_corridor_mid.png,813788,6155c6c4dd7a133f67886ed2afd7679f30afba3645a2617befbce508483d8c4d
docs/visual-qa/evidence/20260927/public-8e1be87/m10_second_campus_1f_detail.png,817246,d82639948d778ddb51f6c34efb60f0cc409da270095bc9065dd79b4ccf52f158
docs/visual-qa/evidence/20260927/public-8e1be87/m10_second_campus_1f_entrance.png,1014033,1757ba6f58fa43c50d7ff6b6f85fd151af78322d0880b2956cdfa741e227e876
docs/visual-qa/evidence/20260927/public-8e1be87/m10_second_campus_1f_junction.png,849298,6e5afda72c0679f7e6e59b9ca3ed274bacdfa7c6534dc52d5ea42d7ee67d7b52
docs/visual-qa/evidence/20260927/public-8e1be87/m10_second_campus_1f_mid.png,1078103,676748b4307407046b9c9722457540d3c318e2f4938669b0e2586f54bab155ea
docs/visual-qa/evidence/20260927/public-8e1be87/m1_4f_lobby_detail.png,571324,eac180eee6ce78a04544742457f8e8ec1af9b17764e1db93c131963f4d7af0aa
docs/visual-qa/evidence/20260927/public-8e1be87/m1_4f_lobby_entrance.png,998645,9c39a1ee6791a801f86a7a5ac43709705235a8d7c8528574e61ec2d3e0ec65ef
docs/visual-qa/evidence/20260927/public-8e1be87/m1_4f_lobby_junction.png,639328,7aab9f1b9345a3814ea4b13829e3ff11c54d5c20f31641cedf735919892758c6
docs/visual-qa/evidence/20260927/public-8e1be87/m1_4f_lobby_mid.png,1033586,f19ccb7125113fb583ca367341fbf4c3830b7ecebe0bc8d62b0ba8ef4a3b6d5e
docs/visual-qa/evidence/20260927/public-8e1be87/m2_4f_409_detail.png,1012154,2a3cecd7759b5d194d138c53a85b1b474e915792dc91f2f8a826914900bda9f7
docs/visual-qa/evidence/20260927/public-8e1be87/m2_4f_409_entrance.png,1043624,f00a8363fec482d3f519f59773363529ffc843929c5831a5aed2fd4f95b7d330
docs/visual-qa/evidence/20260927/public-8e1be87/m2_4f_409_junction.png,988930,de2b0413c18fe9201afb47f56d7c598a50535f97a3ec838eca3c7fbd6fb1d924
docs/visual-qa/evidence/20260927/public-8e1be87/m2_4f_409_mid.png,962658,d4a62d9c20516334d069fd58c59aef2f3119adb97f61af545d6fdc408cbb1f09
docs/visual-qa/evidence/20260927/public-8e1be87/m2_4f_duty_room_detail.png,581542,ee4e6f4a4662a8d074c2044687f0c4c7932c95c1b34742d96b9974265a58008e
docs/visual-qa/evidence/20260927/public-8e1be87/m2_4f_duty_room_entrance.png,661304,dcc6afeaea259e8f6b2752533ebc96620a81248238bbdb853a880cf87f6c9e67
docs/visual-qa/evidence/20260927/public-8e1be87/m2_4f_duty_room_junction.png,691031,a64994e0fffc82b63d6321190aaa80ddaa15e87b1b5d320a490c397f9eebc5ed
docs/visual-qa/evidence/20260927/public-8e1be87/m2_4f_duty_room_mid.png,812499,e8448893735929770d4113069d5173545b7027f00f77772a6cd0f282baeaccde
docs/visual-qa/evidence/20260927/public-8e1be87/m3_4f_nursing_station_detail.png,679249,754f69f39769e6dfa78a7e0241dd01c22fb11d3fbf32fc60771560fc422f490d
docs/visual-qa/evidence/20260927/public-8e1be87/m3_4f_nursing_station_entrance.png,728440,d558dd271fb8e676d5e30efea1326d8d6b26c84c8e7eecc70fe57b109ce70133
docs/visual-qa/evidence/20260927/public-8e1be87/m3_4f_nursing_station_junction.png,671904,a5734d7b9866ffc496f9f0d9e1bf0e013bab8911788fe5eee3071795b1e70a76
docs/visual-qa/evidence/20260927/public-8e1be87/m3_4f_nursing_station_mid.png,912861,7069dcdacf59b95e0d0305371407b97b199f1558b648f37b7448b77454fda2c0
docs/visual-qa/evidence/20260927/public-8e1be87/m3_4f_ward_gate_detail.png,753768,fd3ea569374bc35dd1114f97cc7fc7037dbbef0032c9a79402345ca0699c0fe7
docs/visual-qa/evidence/20260927/public-8e1be87/m3_4f_ward_gate_entrance.png,875569,e32a7c7892e273f422958742686f752995c74db60fc51017fd3f7361b903387b
docs/visual-qa/evidence/20260927/public-8e1be87/m3_4f_ward_gate_junction.png,714720,de6528ea81d22007da73db2b0f727f113377cd9bdb62f6adae33cb8d1e59dd18
docs/visual-qa/evidence/20260927/public-8e1be87/m3_4f_ward_gate_mid.png,913007,fa3567ea0aa1e72db2a3c758d5b1334465d4b336afdacd919d84e093dea19331
docs/visual-qa/evidence/20260927/public-8e1be87/m4_2f_er_arrival_detail.png,832481,06cdb24d91afdfbc7d7120814d211ac2192535c5bb0f7a4264f984ac4773b7ea
docs/visual-qa/evidence/20260927/public-8e1be87/m4_2f_er_arrival_entrance.png,1016935,4ef28d24356a0bedeb9fd44f48a43cb4bdc3a8e05667fd99c2130e76e8ba529a
docs/visual-qa/evidence/20260927/public-8e1be87/m4_2f_er_arrival_junction.png,854172,5ecfb2c14ae9af086b19a8b70e24d1986c6b6fc6919be2aa1a5df6608835b549
docs/visual-qa/evidence/20260927/public-8e1be87/m4_2f_er_arrival_mid.png,1020842,1ca3f4b4dcbed444c86256e64d7fe1c2662cc6891c165e14ac8469af641a95fc
docs/visual-qa/evidence/20260927/public-8e1be87/m4_2f_er_bays_detail.png,957592,aa38714a15fd5aadbf0a77e3185c7019900c0d50282844f70d722352e65a87b6
docs/visual-qa/evidence/20260927/public-8e1be87/m4_2f_er_bays_entrance.png,976896,f6ea4c0771b9266ba03b60084a763a0b1b0a6675a3dd7813306c4a591b703850
docs/visual-qa/evidence/20260927/public-8e1be87/m4_2f_er_bays_junction.png,1024012,51ae8f777b4027be25789f8ef0a49b5181e72fb85d041b4aeaac17a6e0b65aa6
docs/visual-qa/evidence/20260927/public-8e1be87/m4_2f_er_bays_mid.png,1005994,d668ba529b710bd5aa2e8a0872b14786d6cc070bdaa0bafa100d92433d5ad569
docs/visual-qa/evidence/20260927/public-8e1be87/m4_2f_er_exterior_detail.png,506141,ad47b794d91e99e913b6dd35aeab8e7f20012caab60b648e0227cdfa98fedcb4
docs/visual-qa/evidence/20260927/public-8e1be87/m4_2f_er_exterior_entrance.png,646087,af21f2b793b745f2f24e99892db6711c2edf77d67c1103349d429a28463d297c
docs/visual-qa/evidence/20260927/public-8e1be87/m4_2f_er_exterior_junction.png,797426,0f123f2775036924e481959c446a6b68cd2b4dec4ed9854649e6571f99df812b
docs/visual-qa/evidence/20260927/public-8e1be87/m4_2f_er_exterior_mid.png,781483,8759f9383cc997fb738374c4e62a4f283c7eda4f11ab0749704aa5cb2ba08b15
docs/visual-qa/evidence/20260927/public-8e1be87/m4_2f_er_treatment_detail.png,786573,087c174922d94492991e387c0d237a1a1aecd4ef8f87f1e3cd3731e72ec77c30
docs/visual-qa/evidence/20260927/public-8e1be87/m4_2f_er_treatment_entrance.png,991218,17b720fbdd76155a62119a8efc32010708384bfd69142d5a126acf9fc55d9e13
docs/visual-qa/evidence/20260927/public-8e1be87/m4_2f_er_treatment_junction.png,923658,06b653a4d48fcd6fafe0971d202a1b4fb3a33cb153328a6ce4dd499f9af12b70
docs/visual-qa/evidence/20260927/public-8e1be87/m4_2f_er_treatment_mid.png,1095148,703dd1be307d4dd7153cc7cadcb5d5eb747b7bb23b65e291f6eafe978b33f5bd
docs/visual-qa/evidence/20260927/public-8e1be87/m4_2f_er_triage_detail.png,924735,56e6ea7aae836343d252784a1a40b3749205f2bad2a14d3a66331615c7b54c54
docs/visual-qa/evidence/20260927/public-8e1be87/m4_2f_er_triage_entrance.png,931387,077550b19af5ddcf602d719023d182d4870b0e097384cab89e9862717161ae92
docs/visual-qa/evidence/20260927/public-8e1be87/m4_2f_er_triage_junction.png,1170981,5af4a9d3ab4fd7ada7be783b1e20954494e4d100634d811b66595a637430d608
docs/visual-qa/evidence/20260927/public-8e1be87/m4_2f_er_triage_mid.png,1110525,9dae733d926c79d2c2e25ddec855241a8c5ec353da4db9c86f0026344a1606ef
docs/visual-qa/evidence/20260927/public-8e1be87/m5_1f_lobby_entrance_detail.png,933428,b009e3078b86114bcd032d78344010b2351e702f8b418659c5b70e55ab6db4cf
docs/visual-qa/evidence/20260927/public-8e1be87/m5_1f_lobby_entrance_entrance.png,1207884,b9c3e4df68c4324f7b816cc6ff5e17f3e9fbadaa10b3e05d0c2017ee2acd9f7a
docs/visual-qa/evidence/20260927/public-8e1be87/m5_1f_lobby_entrance_junction.png,975746,7e5420ed9f5675c5bf46eb0d23c0c147ae60335698ce2d5a7a777ddd2bdf012c
docs/visual-qa/evidence/20260927/public-8e1be87/m5_1f_lobby_entrance_mid.png,1270421,216af4c087f0f7cfaff4824469559d9da9ff593efc8a3dfd6e6f879a7149de66
docs/visual-qa/evidence/20260927/public-8e1be87/m5_1f_reception_detail.png,874902,ea7bd253213a6bb5ef1ce4c079b004d2782ec05dce8825f36b5c11fe006c77e0
docs/visual-qa/evidence/20260927/public-8e1be87/m5_1f_reception_entrance.png,884133,e027e0be937340e25202ec5c80e0aa2aeed288b9088a99be7d68cf032b3bdabd
docs/visual-qa/evidence/20260927/public-8e1be87/m5_1f_reception_junction.png,1179499,33e8d5cb73fd5125297ee2404a39e4f90e64bff1c968bdf5ece0e2d75e6828c1
docs/visual-qa/evidence/20260927/public-8e1be87/m5_1f_reception_mid.png,1243173,69309239c807b507a84b68814130fc5a1780c68b8aee2fb6cb120489a4a14029
docs/visual-qa/evidence/20260927/public-8e1be87/m6_8f_bridge_entry_detail.png,818986,ef0e41c9fa6328add72e01b2a053629b81b12b94ae4c51193923660f5a5dcc23
docs/visual-qa/evidence/20260927/public-8e1be87/m6_8f_bridge_entry_entrance.png,929793,6a5d97930c4438dd7f9a3002a18e1d36ebddb3e4c9baeab4acf64e1d8d44ffd8
docs/visual-qa/evidence/20260927/public-8e1be87/m6_8f_bridge_entry_junction.png,1019606,65efd56ea6a12dc7f770e121c328599f3f3d1c443be6e2e9d941b80b5fdb1cd9
docs/visual-qa/evidence/20260927/public-8e1be87/m6_8f_bridge_entry_mid.png,1009139,8dea5442c8444d3cd161fceee1343b939ca9322a574c8696c5de0d5758478656
docs/visual-qa/evidence/20260927/public-8e1be87/m7_skybridge_end_detail.png,677476,c668a38660e0544a767418b76d10e30b68ba3069e5b4a8c80ecc10debdd99495
docs/visual-qa/evidence/20260927/public-8e1be87/m7_skybridge_end_entrance.png,863498,db56952577132fccd8387aeec1b045ec4dcb46967f56af19c55ffdbc57c2925e
docs/visual-qa/evidence/20260927/public-8e1be87/m7_skybridge_end_junction.png,814856,03690cf0452d78179c20cc72aa30cbadd8f19fa8a3bb57d2d3006262b1647e72
docs/visual-qa/evidence/20260927/public-8e1be87/m7_skybridge_end_mid.png,864778,183a36483474b99bda7eadf2fa3c56bd057d328849a00eedcc1532bf99493776
docs/visual-qa/evidence/20260927/public-8e1be87/m7_skybridge_mid_detail.png,1006722,3bd5af709524ae52b771502f3136cb14ac2ff1cd57e26d6d06de687ed6bb626c
docs/visual-qa/evidence/20260927/public-8e1be87/m7_skybridge_mid_entrance.png,1099596,f439c3730a0c7d377ba452b019ba215751ecbce293e7c179965f1184f4e16d64
docs/visual-qa/evidence/20260927/public-8e1be87/m7_skybridge_mid_junction.png,916373,c5487a187f1f184dbd26976958cee2b7ec954cfaa8318847ee1115f9dd488a34
docs/visual-qa/evidence/20260927/public-8e1be87/m7_skybridge_mid_mid.png,1079268,b51384839b16b56d836f533d759aa2f74fe9d8802b8b3e1fa6b42caf193869ca
docs/visual-qa/evidence/20260927/public-8e1be87/m7_skybridge_start_detail.png,1003729,6bdeba40955f5f5b13c0ec51cd63ad8de5949a6fc2bc07ad314c2cbdf75b0e07
docs/visual-qa/evidence/20260927/public-8e1be87/m7_skybridge_start_entrance.png,1104059,89a04bbf913a2777358156bb0100528111d5d7e9b19f03205ab6ac2ca6264d3a
docs/visual-qa/evidence/20260927/public-8e1be87/m7_skybridge_start_junction.png,925145,8b3f11fd5a959cf45a7322165706e3065bdfcef4b49be7b4e4aea9c391e08cd1
docs/visual-qa/evidence/20260927/public-8e1be87/m7_skybridge_start_mid.png,1111118,1f6dc04ed7779762a5be6bacbd110470156ec16972f3c7919a266240f88c2b87
docs/visual-qa/evidence/20260927/public-8e1be87/m8_second_campus_std_detail.png,586429,7cb509d5f2f09255cdfcb7314e02e2e09db45cac7cf0bbec119705ae41e9c6b3
docs/visual-qa/evidence/20260927/public-8e1be87/m8_second_campus_std_entrance.png,729643,b9bffc2a2b1d618ffe66844525bef770a92ce0604395505686419ef4ef603d8b
docs/visual-qa/evidence/20260927/public-8e1be87/m8_second_campus_std_junction.png,804024,3ccc73d023cd97c701f8d7eef356931511dbfb3f7281ab22e3222e6b416c3dae
docs/visual-qa/evidence/20260927/public-8e1be87/m8_second_campus_std_mid.png,950619,2b198ce75871fbc6de9ddeb2ebb7b0249179eba6876c0a198a48ad598953fbdd
docs/visual-qa/evidence/20260927/public-8e1be87/m9_second_campus_2f_detail.png,941792,df5502d69550c587b6e50c5ae87f9b333db440f63289800094cadb4e167d5eb0
docs/visual-qa/evidence/20260927/public-8e1be87/m9_second_campus_2f_entrance.png,1326345,27fc099eb1829b3db62cc4b5f07ad0635fea0f05a7cee571529df087ac8a7fb8
docs/visual-qa/evidence/20260927/public-8e1be87/m9_second_campus_2f_junction.png,947140,196d9ee74869b12b96da9faecde85568d5a11c0bb2dd02a7847d6d624c815cfc
docs/visual-qa/evidence/20260927/public-8e1be87/m9_second_campus_2f_mid.png,1280328,3e4e98f11dbd646015176c6e8c79bcf8f606c2eeba47b80d5997db6f6040d0fa
docs/visual-qa/evidence/20260927/visual-after-3b18568/capture-manifest.json,23223,5a1c3ecdf438f4c6434af93ea1c0035552f5f3ca0300e7b766893d2e17d028a2
docs/visual-qa/evidence/20260927/visual-after-3b18568/m0_316_entrance_detail.png,714054,74ca9f5b1711e2d914bd8f22c0e22b44642cf3616bdb76b8548e830406a6a631
docs/visual-qa/evidence/20260927/visual-after-3b18568/m0_316_entrance_entrance.png,854124,062badf7245dd46c6e3e2a417554cb8389184cde38e0d595a0253738c12c775a
docs/visual-qa/evidence/20260927/visual-after-3b18568/m0_316_entrance_junction.png,863736,a02f56c736411831a83f1dae1826bb941266d36c526426ef9f4c5a31ad888087
docs/visual-qa/evidence/20260927/visual-after-3b18568/m0_316_entrance_mid.png,919621,edfc25c75dd25b77dc5304ebbf1bacc6a69ff5d08c7f163785c6ebf5ade74b40
docs/visual-qa/evidence/20260927/visual-after-3b18568/m0_316_office_detail.png,773020,df0426fd95b6f0f894c3b3a8b1d3a7b0b365f1dab4a6b680571914993abb6096
docs/visual-qa/evidence/20260927/visual-after-3b18568/m0_316_office_entrance.png,959784,cb76166b6089a3a8efda323f8e6100134ad9c0e79ec67f1b07483f6bf838b19c
docs/visual-qa/evidence/20260927/visual-after-3b18568/m0_316_office_junction.png,857306,cdd026ce4c254e5ac03e5377e0c22e40ce1536fbd725baa4a4f988714147068b
docs/visual-qa/evidence/20260927/visual-after-3b18568/m0_316_office_mid.png,1104413,5062fc814e2d20bf11f7d913d490ee4b0abb91250b6f7b8debc06fa75e010f05
docs/visual-qa/evidence/20260927/visual-after-3b18568/m0_3f_corridor_detail.png,1031943,9ac0f0e02bee169af6d28d3e709abfab34df4e22a95b9a43985bae3f10e8fdac
docs/visual-qa/evidence/20260927/visual-after-3b18568/m0_3f_corridor_entrance.png,1205140,87e76154934938108442e684528ece4375c69a2ac0379d987c72d905aafe37aa
docs/visual-qa/evidence/20260927/visual-after-3b18568/m0_3f_corridor_junction.png,992053,dff093909a94471231b0f52164fc629741273640d767495ed8c5b8a4ea6669d4
docs/visual-qa/evidence/20260927/visual-after-3b18568/m0_3f_corridor_mid.png,1022094,b84e313f999aebe0ce3fd2302d9686cf2f0ebc83a15d226f790ea2152d44f7a9
docs/visual-qa/evidence/20260927/visual-after-3b18568/m10_second_campus_1f_detail.png,817246,d82639948d778ddb51f6c34efb60f0cc409da270095bc9065dd79b4ccf52f158
docs/visual-qa/evidence/20260927/visual-after-3b18568/m10_second_campus_1f_entrance.png,1062082,c090f4a8894a837a08d66eb7c3934e483c5cec8a70cd7b24ae4e9410bf3aa8c6
docs/visual-qa/evidence/20260927/visual-after-3b18568/m10_second_campus_1f_junction.png,849298,6e5afda72c0679f7e6e59b9ca3ed274bacdfa7c6534dc52d5ea42d7ee67d7b52
docs/visual-qa/evidence/20260927/visual-after-3b18568/m10_second_campus_1f_mid.png,1136117,9321545178f9b88e18e10e868e517d65e62d6830dd71587e3182bcc5832e6eae
docs/visual-qa/evidence/20260927/visual-after-3b18568/m1_4f_lobby_detail.png,690245,709c42061b467301412eaf8c4d31c93cbc49b817bef40f5c504f9cb2c736129f
docs/visual-qa/evidence/20260927/visual-after-3b18568/m1_4f_lobby_entrance.png,1165731,f8a566505c9f2a7a1d9181c2dcafdc9e5e9e54d0f51c61a926c01ca2abc07a75
docs/visual-qa/evidence/20260927/visual-after-3b18568/m1_4f_lobby_junction.png,822888,f379e8b96739c4a1d15a21f25ccdee2d3831cd8924b3f5f124572969c290f90f
docs/visual-qa/evidence/20260927/visual-after-3b18568/m1_4f_lobby_mid.png,1201367,2ed848f5aa35b457085a7fee016ea6b1e8d188b871983a2beef06deefa5d709b
docs/visual-qa/evidence/20260927/visual-after-3b18568/m2_4f_409_detail.png,1012154,2a3cecd7759b5d194d138c53a85b1b474e915792dc91f2f8a826914900bda9f7
docs/visual-qa/evidence/20260927/visual-after-3b18568/m2_4f_409_entrance.png,1005404,7876a94046d6e15911eef69531881db11e14b60059b78883077931fd2a56b9c5
docs/visual-qa/evidence/20260927/visual-after-3b18568/m2_4f_409_junction.png,988930,de2b0413c18fe9201afb47f56d7c598a50535f97a3ec838eca3c7fbd6fb1d924
docs/visual-qa/evidence/20260927/visual-after-3b18568/m2_4f_409_mid.png,1037762,fef2cb34f8c5a5eb6481ec797b29ffda7c3f9f9595d21187ef13190f4f45ece6
docs/visual-qa/evidence/20260927/visual-after-3b18568/m2_4f_duty_room_detail.png,940481,a2760dd9b64330fd5b1698a8ce13bf061d7ced3284e9a9bd5f0f00e7fd5907c7
docs/visual-qa/evidence/20260927/visual-after-3b18568/m2_4f_duty_room_entrance.png,952309,21560de2221b04c4716ccceb3524ef2fbbae4fc0fda38bf3f02f929f97bbbf3c
docs/visual-qa/evidence/20260927/visual-after-3b18568/m2_4f_duty_room_junction.png,994431,c08098f2d7a888cc06fb5e2883c45d42cdd277d690a47932241ae8d9a7180ab7
docs/visual-qa/evidence/20260927/visual-after-3b18568/m2_4f_duty_room_mid.png,1132698,1d3a617d4a3bc18188ff477687109aaaad3de0cc0582030d14f213550034a54d
docs/visual-qa/evidence/20260927/visual-after-3b18568/m3_4f_nursing_station_detail.png,742030,f2a9f974bb94c1ed4ffe0f1afc8589e8e2dacaf74ad13ccdd8b405306644877f
docs/visual-qa/evidence/20260927/visual-after-3b18568/m3_4f_nursing_station_entrance.png,810347,9883b915a5d65c22d3a645bef6e0825433b4bf74825c74a489f0d930abf1fae8
docs/visual-qa/evidence/20260927/visual-after-3b18568/m3_4f_nursing_station_junction.png,816933,97a67a3a8290ecd79afa2c3ba2a18872f611eaaf9f697454871880192e87c647
docs/visual-qa/evidence/20260927/visual-after-3b18568/m3_4f_nursing_station_mid.png,987283,2860d8208795d0b4ee3e8ae568d722a776583a71c3db4e5e24b0bcda095d0220
docs/visual-qa/evidence/20260927/visual-after-3b18568/m3_4f_ward_gate_detail.png,1007517,a54ea88f0ae11780540d12d271e7401c16256559204727a3b10c5b6ca1edc676
docs/visual-qa/evidence/20260927/visual-after-3b18568/m3_4f_ward_gate_entrance.png,985983,e5b407023b47afc3561b7022dcdc4b22aae8a428303e02219f7640bda177c440
docs/visual-qa/evidence/20260927/visual-after-3b18568/m3_4f_ward_gate_junction.png,851147,a0b538c0dbfc07e08d090f2d7d1617091e819bdfb94201085007d8401a1e88a0
docs/visual-qa/evidence/20260927/visual-after-3b18568/m3_4f_ward_gate_mid.png,997656,0ef1a60d4e53ad2a9628962ae09e44d34f069fbd2563bbe68d4ba3c67790c695
docs/visual-qa/evidence/20260927/visual-after-3b18568/m4_2f_er_arrival_detail.png,832481,06cdb24d91afdfbc7d7120814d211ac2192535c5bb0f7a4264f984ac4773b7ea
docs/visual-qa/evidence/20260927/visual-after-3b18568/m4_2f_er_arrival_entrance.png,1044201,2766da4159b85918fa304563ed2e6226300694d7deb041bd155ca9b48155c09a
docs/visual-qa/evidence/20260927/visual-after-3b18568/m4_2f_er_arrival_junction.png,854172,5ecfb2c14ae9af086b19a8b70e24d1986c6b6fc6919be2aa1a5df6608835b549
docs/visual-qa/evidence/20260927/visual-after-3b18568/m4_2f_er_arrival_mid.png,1020842,1ca3f4b4dcbed444c86256e64d7fe1c2662cc6891c165e14ac8469af641a95fc
docs/visual-qa/evidence/20260927/visual-after-3b18568/m4_2f_er_bays_detail.png,936550,9ac3b6a59e37d6efda6b357a3f34cbb5b0285c6efefae9fc58a5f107a22ccb7d
docs/visual-qa/evidence/20260927/visual-after-3b18568/m4_2f_er_bays_entrance.png,957129,305b7eecfd51ac915d14514c157390627c2d1ff873113e28c66def7732eb3023
docs/visual-qa/evidence/20260927/visual-after-3b18568/m4_2f_er_bays_junction.png,1003340,6411753e5f40ec1724965da786fb3ee3f7fe0e55dd0c6361dcb7cb5e9fbd28fa
docs/visual-qa/evidence/20260927/visual-after-3b18568/m4_2f_er_bays_mid.png,987168,f6c59f3035d8c9f01a3f788e4270a2d9a185c38425d49b71317a86bd6f7d97fb
docs/visual-qa/evidence/20260927/visual-after-3b18568/m4_2f_er_exterior_detail.png,506239,b0d9d67b6dbe00869643de54eb7c146bc5c4f57318f0591901aec823396c3160
docs/visual-qa/evidence/20260927/visual-after-3b18568/m4_2f_er_exterior_entrance.png,646087,af21f2b793b745f2f24e99892db6711c2edf77d67c1103349d429a28463d297c
docs/visual-qa/evidence/20260927/visual-after-3b18568/m4_2f_er_exterior_junction.png,797426,0f123f2775036924e481959c446a6b68cd2b4dec4ed9854649e6571f99df812b
docs/visual-qa/evidence/20260927/visual-after-3b18568/m4_2f_er_exterior_mid.png,781514,3fa2147d610c0cc83e28fa889807d1d352870341674ff10e4074970001589cb9
docs/visual-qa/evidence/20260927/visual-after-3b18568/m4_2f_er_treatment_detail.png,786573,087c174922d94492991e387c0d237a1a1aecd4ef8f87f1e3cd3731e72ec77c30
docs/visual-qa/evidence/20260927/visual-after-3b18568/m4_2f_er_treatment_entrance.png,980499,2d0c9386d25481064ed93949f336ec1a2db5d62fd050bdb389d507c4cd8addfb
docs/visual-qa/evidence/20260927/visual-after-3b18568/m4_2f_er_treatment_junction.png,923658,06b653a4d48fcd6fafe0971d202a1b4fb3a33cb153328a6ce4dd499f9af12b70
docs/visual-qa/evidence/20260927/visual-after-3b18568/m4_2f_er_treatment_mid.png,1093152,43268971df8f1ddee4a45de45982c66c53226928977528b7582aa2cf3c3beb2b
docs/visual-qa/evidence/20260927/visual-after-3b18568/m4_2f_er_triage_detail.png,888938,2160074881bd4dd8c4b3eac8dc3531af12d82b05f33341d195881195b0045c31
docs/visual-qa/evidence/20260927/visual-after-3b18568/m4_2f_er_triage_entrance.png,931408,d68a7f370ada1b8791287c29f5dd0888327e613eba4c4b2dd360ebf631c22de6
docs/visual-qa/evidence/20260927/visual-after-3b18568/m4_2f_er_triage_junction.png,1139085,07c23931ee2c57638289315c75a219e98e3c68428038fa393fc2e573ff0d9983
docs/visual-qa/evidence/20260927/visual-after-3b18568/m4_2f_er_triage_mid.png,1084279,3a9d9302b76f9f2fe81ff86c6e17fa00a45f0e77bc8206eefb559df08d02c161
docs/visual-qa/evidence/20260927/visual-after-3b18568/m5_1f_lobby_entrance_detail.png,933428,b009e3078b86114bcd032d78344010b2351e702f8b418659c5b70e55ab6db4cf
docs/visual-qa/evidence/20260927/visual-after-3b18568/m5_1f_lobby_entrance_entrance.png,1232904,50fb6a6f501a966a8ff924fe8783b9d4c0aef8f137d98bf36265a77b52d25d48
docs/visual-qa/evidence/20260927/visual-after-3b18568/m5_1f_lobby_entrance_junction.png,975478,c8564cdeee8a5dcc3c859c43d1c5b0e08770848efe8a2f4056af138c8d89c3b5
docs/visual-qa/evidence/20260927/visual-after-3b18568/m5_1f_lobby_entrance_mid.png,1270421,216af4c087f0f7cfaff4824469559d9da9ff593efc8a3dfd6e6f879a7149de66
docs/visual-qa/evidence/20260927/visual-after-3b18568/m5_1f_reception_detail.png,865495,d9550a320cdb2708a4bb3492783e7ecb5c3a6fe1a65e2ddb880996206a0b525f
docs/visual-qa/evidence/20260927/visual-after-3b18568/m5_1f_reception_entrance.png,884133,e027e0be937340e25202ec5c80e0aa2aeed288b9088a99be7d68cf032b3bdabd
docs/visual-qa/evidence/20260927/visual-after-3b18568/m5_1f_reception_junction.png,1166422,db37db299107c7a3f6323af85a394c0d4a7a4057bbf083772fabfdb94f28667d
docs/visual-qa/evidence/20260927/visual-after-3b18568/m5_1f_reception_mid.png,1243173,69309239c807b507a84b68814130fc5a1780c68b8aee2fb6cb120489a4a14029
docs/visual-qa/evidence/20260927/visual-after-3b18568/m6_8f_bridge_entry_detail.png,818986,ef0e41c9fa6328add72e01b2a053629b81b12b94ae4c51193923660f5a5dcc23
docs/visual-qa/evidence/20260927/visual-after-3b18568/m6_8f_bridge_entry_entrance.png,961648,8d7462faa43888c6a2fcc1de539c668c4b8eaf1318d8d7f454b3244ec1182435
docs/visual-qa/evidence/20260927/visual-after-3b18568/m6_8f_bridge_entry_junction.png,1043531,b58f8696a63f0759e6ed36cb20feb041e58c82b2145ec332cab1c8efdbc4bcdc
docs/visual-qa/evidence/20260927/visual-after-3b18568/m6_8f_bridge_entry_mid.png,1041317,80dec4e22f010f6e89def1eddb905a5329275800b9f1ce97200fd63b961a7ba8
docs/visual-qa/evidence/20260927/visual-after-3b18568/m7_skybridge_end_detail.png,676243,08b90f689908e73ab4d10268fd67912f9fafb0a34fe645b378d5646870f73178
docs/visual-qa/evidence/20260927/visual-after-3b18568/m7_skybridge_end_entrance.png,848897,cc7fecc3f3101a947513dfc890459beb926cb947c6fa619c3a6714171b0ab4f1
docs/visual-qa/evidence/20260927/visual-after-3b18568/m7_skybridge_end_junction.png,830525,399f43c6d94964a49c3ba2c90f45a5d791d5f5e23b84013ab9edf8effcb5ee35
docs/visual-qa/evidence/20260927/visual-after-3b18568/m7_skybridge_end_mid.png,900519,9dcfffa1e6448c6e1c2fd0156a4227fddbe78e31282b2f5d063aea326af25559
docs/visual-qa/evidence/20260927/visual-after-3b18568/m7_skybridge_mid_detail.png,959791,f217b3e3ccb9ab890886bbea6f97f2d07d298f004b41c17acd34a3433080f38d
docs/visual-qa/evidence/20260927/visual-after-3b18568/m7_skybridge_mid_entrance.png,1113620,0da2916490ae48ac5dea4ff02bd69fbe34cce00f79d83f29574d9f758e8f2b3d
docs/visual-qa/evidence/20260927/visual-after-3b18568/m7_skybridge_mid_junction.png,921411,f8413a1b84446d675c2e1d752582a3e9fbe8c5cec65967e364e5850871fa3db0
docs/visual-qa/evidence/20260927/visual-after-3b18568/m7_skybridge_mid_mid.png,1124718,67793b9f3459c3973ebe22fcf5558d49dc45da6d17cbeb392f3e5ef08045e39f
docs/visual-qa/evidence/20260927/visual-after-3b18568/m7_skybridge_start_detail.png,1011296,2018a7ca9127cbd80aa998cd3e27bbc513428edb06382f03a0a7785eefff00de
docs/visual-qa/evidence/20260927/visual-after-3b18568/m7_skybridge_start_entrance.png,1166893,607332743d17ddd1028a2bb07e894a889c173b4e09295805b22f80150d44fcdd
docs/visual-qa/evidence/20260927/visual-after-3b18568/m7_skybridge_start_junction.png,966736,96a032ea8e4d47ed0a5d75d149242bfc1e71e9480a28aedc4d2dfe32374a92a7
docs/visual-qa/evidence/20260927/visual-after-3b18568/m7_skybridge_start_mid.png,1145561,69b4aaf2a1a22b02a08bcc9647163ff3bd048995646ba8f3d84ab003942df034
docs/visual-qa/evidence/20260927/visual-after-3b18568/m8_second_campus_std_detail.png,586429,7cb509d5f2f09255cdfcb7314e02e2e09db45cac7cf0bbec119705ae41e9c6b3
docs/visual-qa/evidence/20260927/visual-after-3b18568/m8_second_campus_std_entrance.png,741578,c5efdc1246d0fc79fa7692f13817841651281ba84eb80d8bfaee3d3c66277e7c
docs/visual-qa/evidence/20260927/visual-after-3b18568/m8_second_campus_std_junction.png,804024,3ccc73d023cd97c701f8d7eef356931511dbfb3f7281ab22e3222e6b416c3dae
docs/visual-qa/evidence/20260927/visual-after-3b18568/m8_second_campus_std_mid.png,950619,2b198ce75871fbc6de9ddeb2ebb7b0249179eba6876c0a198a48ad598953fbdd
docs/visual-qa/evidence/20260927/visual-after-3b18568/m9_second_campus_2f_detail.png,941792,df5502d69550c587b6e50c5ae87f9b333db440f63289800094cadb4e167d5eb0
docs/visual-qa/evidence/20260927/visual-after-3b18568/m9_second_campus_2f_entrance.png,1331228,587d48f7cff6465a3f9ba40f4856d93403f8c2a7d5c30b55356209b4a08a725b
docs/visual-qa/evidence/20260927/visual-after-3b18568/m9_second_campus_2f_junction.png,947140,196d9ee74869b12b96da9faecde85568d5a11c0bb2dd02a7847d6d624c815cfc
docs/visual-qa/evidence/20260927/visual-after-3b18568/m9_second_campus_2f_mid.png,1280328,3e4e98f11dbd646015176c6e8c79bcf8f606c2eeba47b80d5997db6f6040d0fa
docs/visual-qa/evidence/20260927/visual-after-cb9d1e5/capture-manifest.json,23228,eb591afff61ecdee423d8e8b78beb464ac7fbf46ee620cf98b433e13507b0f77
docs/visual-qa/evidence/20260927/visual-after-cb9d1e5/m0_316_entrance_detail.png,714054,74ca9f5b1711e2d914bd8f22c0e22b44642cf3616bdb76b8548e830406a6a631
docs/visual-qa/evidence/20260927/visual-after-cb9d1e5/m0_316_entrance_entrance.png,854132,e05941e6d3f0cd85e383b114ae31d0919751c71c9a26706fea246937ade1b321
docs/visual-qa/evidence/20260927/visual-after-cb9d1e5/m0_316_entrance_junction.png,863727,14645247a5967c751baf94bb717713314fed4f87dfc7e010be2db076de3f910a
docs/visual-qa/evidence/20260927/visual-after-cb9d1e5/m0_316_entrance_mid.png,919621,edfc25c75dd25b77dc5304ebbf1bacc6a69ff5d08c7f163785c6ebf5ade74b40
docs/visual-qa/evidence/20260927/visual-after-cb9d1e5/m0_316_office_detail.png,773020,df0426fd95b6f0f894c3b3a8b1d3a7b0b365f1dab4a6b680571914993abb6096
docs/visual-qa/evidence/20260927/visual-after-cb9d1e5/m0_316_office_entrance.png,959784,cb76166b6089a3a8efda323f8e6100134ad9c0e79ec67f1b07483f6bf838b19c
docs/visual-qa/evidence/20260927/visual-after-cb9d1e5/m0_316_office_junction.png,857306,cdd026ce4c254e5ac03e5377e0c22e40ce1536fbd725baa4a4f988714147068b
docs/visual-qa/evidence/20260927/visual-after-cb9d1e5/m0_316_office_mid.png,1104413,5062fc814e2d20bf11f7d913d490ee4b0abb91250b6f7b8debc06fa75e010f05
docs/visual-qa/evidence/20260927/visual-after-cb9d1e5/m0_3f_corridor_detail.png,1031943,9ac0f0e02bee169af6d28d3e709abfab34df4e22a95b9a43985bae3f10e8fdac
docs/visual-qa/evidence/20260927/visual-after-cb9d1e5/m0_3f_corridor_entrance.png,1059855,4254a0f111cd097425f1902e08144a812abaa6c7f4a1c8263493c5d226efad61
docs/visual-qa/evidence/20260927/visual-after-cb9d1e5/m0_3f_corridor_junction.png,992053,dff093909a94471231b0f52164fc629741273640d767495ed8c5b8a4ea6669d4
docs/visual-qa/evidence/20260927/visual-after-cb9d1e5/m0_3f_corridor_mid.png,1022094,b84e313f999aebe0ce3fd2302d9686cf2f0ebc83a15d226f790ea2152d44f7a9
docs/visual-qa/evidence/20260927/visual-after-cb9d1e5/m10_second_campus_1f_detail.png,817246,d82639948d778ddb51f6c34efb60f0cc409da270095bc9065dd79b4ccf52f158
docs/visual-qa/evidence/20260927/visual-after-cb9d1e5/m10_second_campus_1f_entrance.png,1062082,c090f4a8894a837a08d66eb7c3934e483c5cec8a70cd7b24ae4e9410bf3aa8c6
docs/visual-qa/evidence/20260927/visual-after-cb9d1e5/m10_second_campus_1f_junction.png,849298,6e5afda72c0679f7e6e59b9ca3ed274bacdfa7c6534dc52d5ea42d7ee67d7b52
docs/visual-qa/evidence/20260927/visual-after-cb9d1e5/m10_second_campus_1f_mid.png,1109843,50cc7eed6f80dbe07bc698a0889934a8b5086df75be85b5100db6c29646cf80d
docs/visual-qa/evidence/20260927/visual-after-cb9d1e5/m1_4f_lobby_detail.png,690245,709c42061b467301412eaf8c4d31c93cbc49b817bef40f5c504f9cb2c736129f
docs/visual-qa/evidence/20260927/visual-after-cb9d1e5/m1_4f_lobby_entrance.png,1163196,02fd4a26f7e343abf464a4036b0578a12bd672a0fa088562bd8fa6e225afb5f0
docs/visual-qa/evidence/20260927/visual-after-cb9d1e5/m1_4f_lobby_junction.png,822888,f379e8b96739c4a1d15a21f25ccdee2d3831cd8924b3f5f124572969c290f90f
docs/visual-qa/evidence/20260927/visual-after-cb9d1e5/m1_4f_lobby_mid.png,1201367,2ed848f5aa35b457085a7fee016ea6b1e8d188b871983a2beef06deefa5d709b
docs/visual-qa/evidence/20260927/visual-after-cb9d1e5/m2_4f_409_detail.png,1012154,2a3cecd7759b5d194d138c53a85b1b474e915792dc91f2f8a826914900bda9f7
docs/visual-qa/evidence/20260927/visual-after-cb9d1e5/m2_4f_409_entrance.png,1030623,75362c3446e7c4c7ac6ab30563f46fce415a3976cddd3ac0a6907a4ac398b614
docs/visual-qa/evidence/20260927/visual-after-cb9d1e5/m2_4f_409_junction.png,988930,de2b0413c18fe9201afb47f56d7c598a50535f97a3ec838eca3c7fbd6fb1d924
docs/visual-qa/evidence/20260927/visual-after-cb9d1e5/m2_4f_409_mid.png,1037762,fef2cb34f8c5a5eb6481ec797b29ffda7c3f9f9595d21187ef13190f4f45ece6
docs/visual-qa/evidence/20260927/visual-after-cb9d1e5/m2_4f_duty_room_detail.png,940479,b0a3d571d6727faa3b698021c578d0376be30dbe6bddfb7d4ab40d7dbb3d7836
docs/visual-qa/evidence/20260927/visual-after-cb9d1e5/m2_4f_duty_room_entrance.png,952309,21560de2221b04c4716ccceb3524ef2fbbae4fc0fda38bf3f02f929f97bbbf3c
docs/visual-qa/evidence/20260927/visual-after-cb9d1e5/m2_4f_duty_room_junction.png,994431,c08098f2d7a888cc06fb5e2883c45d42cdd277d690a47932241ae8d9a7180ab7
docs/visual-qa/evidence/20260927/visual-after-cb9d1e5/m2_4f_duty_room_mid.png,1132695,53ea3804fe6166c3219fd8b75f9aa8e46e9b7ec752673bed60bee0d9984d409e
docs/visual-qa/evidence/20260927/visual-after-cb9d1e5/m3_4f_nursing_station_detail.png,742030,f2a9f974bb94c1ed4ffe0f1afc8589e8e2dacaf74ad13ccdd8b405306644877f
docs/visual-qa/evidence/20260927/visual-after-cb9d1e5/m3_4f_nursing_station_entrance.png,810347,9883b915a5d65c22d3a645bef6e0825433b4bf74825c74a489f0d930abf1fae8
docs/visual-qa/evidence/20260927/visual-after-cb9d1e5/m3_4f_nursing_station_junction.png,816933,97a67a3a8290ecd79afa2c3ba2a18872f611eaaf9f697454871880192e87c647
docs/visual-qa/evidence/20260927/visual-after-cb9d1e5/m3_4f_nursing_station_mid.png,987283,2860d8208795d0b4ee3e8ae568d722a776583a71c3db4e5e24b0bcda095d0220
docs/visual-qa/evidence/20260927/visual-after-cb9d1e5/m3_4f_ward_gate_detail.png,1032368,c26884683df5e2dbd7ab06e7efce9480fffee296a906d7d9c7f3f5bc17499842
docs/visual-qa/evidence/20260927/visual-after-cb9d1e5/m3_4f_ward_gate_entrance.png,1035929,e3d5f9a29691d27666201f61240d3d55aa9c76cf31a237c350d4b4833507bc9d
docs/visual-qa/evidence/20260927/visual-after-cb9d1e5/m3_4f_ward_gate_junction.png,864680,4163e6dca989cfae57f2414e7c114cd8bd2fcfe01e4daf1f7822f5fef3a186bf
docs/visual-qa/evidence/20260927/visual-after-cb9d1e5/m3_4f_ward_gate_mid.png,1016081,d4582afae5a93d257cc08252d66968d68450719e4cfa1fb532657307b33183b7
docs/visual-qa/evidence/20260927/visual-after-cb9d1e5/m4_2f_er_arrival_detail.png,832481,06cdb24d91afdfbc7d7120814d211ac2192535c5bb0f7a4264f984ac4773b7ea
docs/visual-qa/evidence/20260927/visual-after-cb9d1e5/m4_2f_er_arrival_entrance.png,1016935,4ef28d24356a0bedeb9fd44f48a43cb4bdc3a8e05667fd99c2130e76e8ba529a
docs/visual-qa/evidence/20260927/visual-after-cb9d1e5/m4_2f_er_arrival_junction.png,854172,5ecfb2c14ae9af086b19a8b70e24d1986c6b6fc6919be2aa1a5df6608835b549
docs/visual-qa/evidence/20260927/visual-after-cb9d1e5/m4_2f_er_arrival_mid.png,1020842,1ca3f4b4dcbed444c86256e64d7fe1c2662cc6891c165e14ac8469af641a95fc
docs/visual-qa/evidence/20260927/visual-after-cb9d1e5/m4_2f_er_bays_detail.png,957592,aa38714a15fd5aadbf0a77e3185c7019900c0d50282844f70d722352e65a87b6
docs/visual-qa/evidence/20260927/visual-after-cb9d1e5/m4_2f_er_bays_entrance.png,976909,de0bb6ce1b73a30f924d3b10790e292d8ef9f8013c66e6bd9bba6e92e0cdf212
docs/visual-qa/evidence/20260927/visual-after-cb9d1e5/m4_2f_er_bays_junction.png,1024012,51ae8f777b4027be25789f8ef0a49b5181e72fb85d041b4aeaac17a6e0b65aa6
docs/visual-qa/evidence/20260927/visual-after-cb9d1e5/m4_2f_er_bays_mid.png,1005994,d668ba529b710bd5aa2e8a0872b14786d6cc070bdaa0bafa100d92433d5ad569
docs/visual-qa/evidence/20260927/visual-after-cb9d1e5/m4_2f_er_exterior_detail.png,506235,c02f9fb01880ab12b0b56357df338d7a35dc404963485561bab1d2dcfa87e7ca
docs/visual-qa/evidence/20260927/visual-after-cb9d1e5/m4_2f_er_exterior_entrance.png,646087,af21f2b793b745f2f24e99892db6711c2edf77d67c1103349d429a28463d297c
docs/visual-qa/evidence/20260927/visual-after-cb9d1e5/m4_2f_er_exterior_junction.png,797426,0f123f2775036924e481959c446a6b68cd2b4dec4ed9854649e6571f99df812b
docs/visual-qa/evidence/20260927/visual-after-cb9d1e5/m4_2f_er_exterior_mid.png,781514,3fa2147d610c0cc83e28fa889807d1d352870341674ff10e4074970001589cb9
docs/visual-qa/evidence/20260927/visual-after-cb9d1e5/m4_2f_er_treatment_detail.png,786573,087c174922d94492991e387c0d237a1a1aecd4ef8f87f1e3cd3731e72ec77c30
docs/visual-qa/evidence/20260927/visual-after-cb9d1e5/m4_2f_er_treatment_entrance.png,991218,17b720fbdd76155a62119a8efc32010708384bfd69142d5a126acf9fc55d9e13
docs/visual-qa/evidence/20260927/visual-after-cb9d1e5/m4_2f_er_treatment_junction.png,923658,06b653a4d48fcd6fafe0971d202a1b4fb3a33cb153328a6ce4dd499f9af12b70
docs/visual-qa/evidence/20260927/visual-after-cb9d1e5/m4_2f_er_treatment_mid.png,1095148,703dd1be307d4dd7153cc7cadcb5d5eb747b7bb23b65e291f6eafe978b33f5bd
docs/visual-qa/evidence/20260927/visual-after-cb9d1e5/m4_2f_er_triage_detail.png,931332,c397b58152bf509e2975b2de39260d54db7a436e0ee5d538cea10ade3ba89200
docs/visual-qa/evidence/20260927/visual-after-cb9d1e5/m4_2f_er_triage_entrance.png,931407,f293509827359cd419fdbd95e9c477ead4e3068ef1f255a220ea6ac1e2881cc4
docs/visual-qa/evidence/20260927/visual-after-cb9d1e5/m4_2f_er_triage_junction.png,1170981,5af4a9d3ab4fd7ada7be783b1e20954494e4d100634d811b66595a637430d608
docs/visual-qa/evidence/20260927/visual-after-cb9d1e5/m4_2f_er_triage_mid.png,1084279,3a9d9302b76f9f2fe81ff86c6e17fa00a45f0e77bc8206eefb559df08d02c161
docs/visual-qa/evidence/20260927/visual-after-cb9d1e5/m5_1f_lobby_entrance_detail.png,933428,b009e3078b86114bcd032d78344010b2351e702f8b418659c5b70e55ab6db4cf
docs/visual-qa/evidence/20260927/visual-after-cb9d1e5/m5_1f_lobby_entrance_entrance.png,1207884,b9c3e4df68c4324f7b816cc6ff5e17f3e9fbadaa10b3e05d0c2017ee2acd9f7a
docs/visual-qa/evidence/20260927/visual-after-cb9d1e5/m5_1f_lobby_entrance_junction.png,975478,c8564cdeee8a5dcc3c859c43d1c5b0e08770848efe8a2f4056af138c8d89c3b5
docs/visual-qa/evidence/20260927/visual-after-cb9d1e5/m5_1f_lobby_entrance_mid.png,1270421,216af4c087f0f7cfaff4824469559d9da9ff593efc8a3dfd6e6f879a7149de66
docs/visual-qa/evidence/20260927/visual-after-cb9d1e5/m5_1f_reception_detail.png,865495,d9550a320cdb2708a4bb3492783e7ecb5c3a6fe1a65e2ddb880996206a0b525f
docs/visual-qa/evidence/20260927/visual-after-cb9d1e5/m5_1f_reception_entrance.png,884133,e027e0be937340e25202ec5c80e0aa2aeed288b9088a99be7d68cf032b3bdabd
docs/visual-qa/evidence/20260927/visual-after-cb9d1e5/m5_1f_reception_junction.png,1166422,db37db299107c7a3f6323af85a394c0d4a7a4057bbf083772fabfdb94f28667d
docs/visual-qa/evidence/20260927/visual-after-cb9d1e5/m5_1f_reception_mid.png,1243173,69309239c807b507a84b68814130fc5a1780c68b8aee2fb6cb120489a4a14029
docs/visual-qa/evidence/20260927/visual-after-cb9d1e5/m6_8f_bridge_entry_detail.png,818986,ef0e41c9fa6328add72e01b2a053629b81b12b94ae4c51193923660f5a5dcc23
docs/visual-qa/evidence/20260927/visual-after-cb9d1e5/m6_8f_bridge_entry_entrance.png,945489,cb721083b4c741ded925927e547a28fd59251d9bd11cbf9371d5a29a4a9fa79d
docs/visual-qa/evidence/20260927/visual-after-cb9d1e5/m6_8f_bridge_entry_junction.png,1043531,b58f8696a63f0759e6ed36cb20feb041e58c82b2145ec332cab1c8efdbc4bcdc
docs/visual-qa/evidence/20260927/visual-after-cb9d1e5/m6_8f_bridge_entry_mid.png,1041317,80dec4e22f010f6e89def1eddb905a5329275800b9f1ce97200fd63b961a7ba8
docs/visual-qa/evidence/20260927/visual-after-cb9d1e5/m7_skybridge_end_detail.png,676243,08b90f689908e73ab4d10268fd67912f9fafb0a34fe645b378d5646870f73178
docs/visual-qa/evidence/20260927/visual-after-cb9d1e5/m7_skybridge_end_entrance.png,848897,cc7fecc3f3101a947513dfc890459beb926cb947c6fa619c3a6714171b0ab4f1
docs/visual-qa/evidence/20260927/visual-after-cb9d1e5/m7_skybridge_end_junction.png,830525,399f43c6d94964a49c3ba2c90f45a5d791d5f5e23b84013ab9edf8effcb5ee35
docs/visual-qa/evidence/20260927/visual-after-cb9d1e5/m7_skybridge_end_mid.png,900519,9dcfffa1e6448c6e1c2fd0156a4227fddbe78e31282b2f5d063aea326af25559
docs/visual-qa/evidence/20260927/visual-after-cb9d1e5/m7_skybridge_mid_detail.png,959791,f217b3e3ccb9ab890886bbea6f97f2d07d298f004b41c17acd34a3433080f38d
docs/visual-qa/evidence/20260927/visual-after-cb9d1e5/m7_skybridge_mid_entrance.png,1113620,0da2916490ae48ac5dea4ff02bd69fbe34cce00f79d83f29574d9f758e8f2b3d
docs/visual-qa/evidence/20260927/visual-after-cb9d1e5/m7_skybridge_mid_junction.png,921411,f8413a1b84446d675c2e1d752582a3e9fbe8c5cec65967e364e5850871fa3db0
docs/visual-qa/evidence/20260927/visual-after-cb9d1e5/m7_skybridge_mid_mid.png,1124718,67793b9f3459c3973ebe22fcf5558d49dc45da6d17cbeb392f3e5ef08045e39f
docs/visual-qa/evidence/20260927/visual-after-cb9d1e5/m7_skybridge_start_detail.png,1011296,2018a7ca9127cbd80aa998cd3e27bbc513428edb06382f03a0a7785eefff00de
docs/visual-qa/evidence/20260927/visual-after-cb9d1e5/m7_skybridge_start_entrance.png,1138551,16bc84f85c5202f5e3a2ac4d8cef68f7a755303fdda13d838107c669ad0a73d5
docs/visual-qa/evidence/20260927/visual-after-cb9d1e5/m7_skybridge_start_junction.png,966736,96a032ea8e4d47ed0a5d75d149242bfc1e71e9480a28aedc4d2dfe32374a92a7
docs/visual-qa/evidence/20260927/visual-after-cb9d1e5/m7_skybridge_start_mid.png,1145561,69b4aaf2a1a22b02a08bcc9647163ff3bd048995646ba8f3d84ab003942df034
docs/visual-qa/evidence/20260927/visual-after-cb9d1e5/m8_second_campus_std_detail.png,586429,7cb509d5f2f09255cdfcb7314e02e2e09db45cac7cf0bbec119705ae41e9c6b3
docs/visual-qa/evidence/20260927/visual-after-cb9d1e5/m8_second_campus_std_entrance.png,737846,0d3af0a5c32193918e1c7feac58c22268aa81c460fb760eb8c6cbc05b9a23863
docs/visual-qa/evidence/20260927/visual-after-cb9d1e5/m8_second_campus_std_junction.png,804024,3ccc73d023cd97c701f8d7eef356931511dbfb3f7281ab22e3222e6b416c3dae
docs/visual-qa/evidence/20260927/visual-after-cb9d1e5/m8_second_campus_std_mid.png,950619,2b198ce75871fbc6de9ddeb2ebb7b0249179eba6876c0a198a48ad598953fbdd
docs/visual-qa/evidence/20260927/visual-after-cb9d1e5/m9_second_campus_2f_detail.png,941792,df5502d69550c587b6e50c5ae87f9b333db440f63289800094cadb4e167d5eb0
docs/visual-qa/evidence/20260927/visual-after-cb9d1e5/m9_second_campus_2f_entrance.png,1329333,49b3bb1b336a7c4e02cd3c6c8c5be441e63112376b0285fb06451c1d153b486c
docs/visual-qa/evidence/20260927/visual-after-cb9d1e5/m9_second_campus_2f_junction.png,947140,196d9ee74869b12b96da9faecde85568d5a11c0bb2dd02a7847d6d624c815cfc
docs/visual-qa/evidence/20260927/visual-after-cb9d1e5/m9_second_campus_2f_mid.png,1280328,3e4e98f11dbd646015176c6e8c79bcf8f606c2eeba47b80d5997db6f6040d0fa
docs/visual-qa/evidence/20260927/visual-after-current/capture-manifest.json,23225,57bacbdc86637306bc8e6a45df1e5027122d04800f3ae835b058cf75aca82ddd
docs/visual-qa/evidence/20260927/visual-after-current/m0_316_entrance_detail.png,714059,cfbe8b6185b7e4a5dccfa936208cc0c187e1e8e5a2e45706c8121bacf72072cc
docs/visual-qa/evidence/20260927/visual-after-current/m0_316_entrance_entrance.png,854262,0d7084ca422a14cfb039589ebf2367d004b1fb2a5abc90c1760e6dfcbc8a2950
docs/visual-qa/evidence/20260927/visual-after-current/m0_316_entrance_junction.png,863731,0281d53510d9acea2f29a6f06f9dae39c90a7721066a4ddd3e5b0e8881e543b9
docs/visual-qa/evidence/20260927/visual-after-current/m0_316_entrance_mid.png,919623,285890e78c3e0f5837e14b67221b81278f8f3047af61073029087d3ffd6ec834
docs/visual-qa/evidence/20260927/visual-after-current/m0_316_office_detail.png,773020,df0426fd95b6f0f894c3b3a8b1d3a7b0b365f1dab4a6b680571914993abb6096
docs/visual-qa/evidence/20260927/visual-after-current/m0_316_office_entrance.png,959784,cb76166b6089a3a8efda323f8e6100134ad9c0e79ec67f1b07483f6bf838b19c
docs/visual-qa/evidence/20260927/visual-after-current/m0_316_office_junction.png,857306,cdd026ce4c254e5ac03e5377e0c22e40ce1536fbd725baa4a4f988714147068b
docs/visual-qa/evidence/20260927/visual-after-current/m0_316_office_mid.png,1104413,5062fc814e2d20bf11f7d913d490ee4b0abb91250b6f7b8debc06fa75e010f05
docs/visual-qa/evidence/20260927/visual-after-current/m0_3f_corridor_detail.png,1031943,9ac0f0e02bee169af6d28d3e709abfab34df4e22a95b9a43985bae3f10e8fdac
docs/visual-qa/evidence/20260927/visual-after-current/m0_3f_corridor_entrance.png,1059830,f92f7b71fef096ebe2cd57b911f675ebafa945637405f4270412fa412a321db1
docs/visual-qa/evidence/20260927/visual-after-current/m0_3f_corridor_junction.png,992053,dff093909a94471231b0f52164fc629741273640d767495ed8c5b8a4ea6669d4
docs/visual-qa/evidence/20260927/visual-after-current/m0_3f_corridor_mid.png,1022094,b84e313f999aebe0ce3fd2302d9686cf2f0ebc83a15d226f790ea2152d44f7a9
docs/visual-qa/evidence/20260927/visual-after-current/m10_second_campus_1f_detail.png,817246,d82639948d778ddb51f6c34efb60f0cc409da270095bc9065dd79b4ccf52f158
docs/visual-qa/evidence/20260927/visual-after-current/m10_second_campus_1f_entrance.png,1041848,42da40a6658c4a53554bf1cfa1ca0cb3fd3a355d959f70fab8c7b3ace6e2b5a2
docs/visual-qa/evidence/20260927/visual-after-current/m10_second_campus_1f_junction.png,849298,6e5afda72c0679f7e6e59b9ca3ed274bacdfa7c6534dc52d5ea42d7ee67d7b52
docs/visual-qa/evidence/20260927/visual-after-current/m10_second_campus_1f_mid.png,1078103,676748b4307407046b9c9722457540d3c318e2f4938669b0e2586f54bab155ea
docs/visual-qa/evidence/20260927/visual-after-current/m1_4f_lobby_detail.png,690245,709c42061b467301412eaf8c4d31c93cbc49b817bef40f5c504f9cb2c736129f
docs/visual-qa/evidence/20260927/visual-after-current/m1_4f_lobby_entrance.png,1160804,c24fd7044df3112cc65fc53052fa72aa04bb328ac95e6ac555bdf465d1ca36e9
docs/visual-qa/evidence/20260927/visual-after-current/m1_4f_lobby_junction.png,822888,f379e8b96739c4a1d15a21f25ccdee2d3831cd8924b3f5f124572969c290f90f
docs/visual-qa/evidence/20260927/visual-after-current/m1_4f_lobby_mid.png,1201367,2ed848f5aa35b457085a7fee016ea6b1e8d188b871983a2beef06deefa5d709b
docs/visual-qa/evidence/20260927/visual-after-current/m2_4f_409_detail.png,1012154,2a3cecd7759b5d194d138c53a85b1b474e915792dc91f2f8a826914900bda9f7
docs/visual-qa/evidence/20260927/visual-after-current/m2_4f_409_entrance.png,1030612,672355b9a73e7fddd3dd65de6fa7d58a25e599652b3f6efd9a4bb58b3c0cd5f7
docs/visual-qa/evidence/20260927/visual-after-current/m2_4f_409_junction.png,988930,de2b0413c18fe9201afb47f56d7c598a50535f97a3ec838eca3c7fbd6fb1d924
docs/visual-qa/evidence/20260927/visual-after-current/m2_4f_409_mid.png,1037762,fef2cb34f8c5a5eb6481ec797b29ffda7c3f9f9595d21187ef13190f4f45ece6
docs/visual-qa/evidence/20260927/visual-after-current/m2_4f_duty_room_detail.png,963115,00c448977a99b19f45b26fad4b9bb896fc353b70b2af4b55268de91d2ff62e88
docs/visual-qa/evidence/20260927/visual-after-current/m2_4f_duty_room_entrance.png,952309,21560de2221b04c4716ccceb3524ef2fbbae4fc0fda38bf3f02f929f97bbbf3c
docs/visual-qa/evidence/20260927/visual-after-current/m2_4f_duty_room_junction.png,1015245,abb8b0a7114409bcd1df22dabd3a9e74fd3d0f3f596a2bdb9834a7965cd7cef1
docs/visual-qa/evidence/20260927/visual-after-current/m2_4f_duty_room_mid.png,1132636,780495d2dbc053e7237ed11e54fac1e9363f7c02f53ec38f2da89295947b7e97
docs/visual-qa/evidence/20260927/visual-after-current/m3_4f_nursing_station_detail.png,757521,182c4e3f262f8b3e0b89c8382b1f2be14a9b4483be57885f86eeac569fd7e341
docs/visual-qa/evidence/20260927/visual-after-current/m3_4f_nursing_station_entrance.png,814585,4f6adf36038819bc45cb052934a8dd11f8cffd089f480313150e268024043c4b
docs/visual-qa/evidence/20260927/visual-after-current/m3_4f_nursing_station_junction.png,827392,d99ff0c33c3d79fd3f41f8f21ab01eb878d855fa6ec67a5316f5667ef628b126
docs/visual-qa/evidence/20260927/visual-after-current/m3_4f_nursing_station_mid.png,1028149,5bbc53b2894b5c944c860b80f93b0e5f73836bc80183827fac03a84c952eea31
docs/visual-qa/evidence/20260927/visual-after-current/m3_4f_ward_gate_detail.png,1032353,75f7c06b4fa3edca1867f72451e999439d4fadde74a6b332a5d901c7f04e1eb7
docs/visual-qa/evidence/20260927/visual-after-current/m3_4f_ward_gate_entrance.png,1031955,697261c2f89985ac53cd5b04f98bfc6dda16a2e5ba922463f4a27a345f962b86
docs/visual-qa/evidence/20260927/visual-after-current/m3_4f_ward_gate_junction.png,864680,4163e6dca989cfae57f2414e7c114cd8bd2fcfe01e4daf1f7822f5fef3a186bf
docs/visual-qa/evidence/20260927/visual-after-current/m3_4f_ward_gate_mid.png,1016057,a6e2876156cf40872bf83ceda5e0b377139c089a1d2df1975968f5c67866e5cc
docs/visual-qa/evidence/20260927/visual-after-current/m4_2f_er_arrival_detail.png,836891,65dd7abf2cb899153fb1a6f7e0c474dd21b5930c67b7c8f4004688c7d4533ddb
docs/visual-qa/evidence/20260927/visual-after-current/m4_2f_er_arrival_entrance.png,1048199,03f7edb828e23c1fe437a9b6870bbe9ef9bed09ca72b63f65f3a6dc41fdefe8f
docs/visual-qa/evidence/20260927/visual-after-current/m4_2f_er_arrival_junction.png,869592,203548c7157de92aa952a035c07a70c7d0a392084407ab21917af76b0b9d48cd
docs/visual-qa/evidence/20260927/visual-after-current/m4_2f_er_arrival_mid.png,1020842,1ca3f4b4dcbed444c86256e64d7fe1c2662cc6891c165e14ac8469af641a95fc
docs/visual-qa/evidence/20260927/visual-after-current/m4_2f_er_bays_detail.png,957592,aa38714a15fd5aadbf0a77e3185c7019900c0d50282844f70d722352e65a87b6
docs/visual-qa/evidence/20260927/visual-after-current/m4_2f_er_bays_entrance.png,976914,ca4e20c612224ed7c07ab7768fc20c032bcd5708d32b0b55b17ce84aaef72e95
docs/visual-qa/evidence/20260927/visual-after-current/m4_2f_er_bays_junction.png,1024012,51ae8f777b4027be25789f8ef0a49b5181e72fb85d041b4aeaac17a6e0b65aa6
docs/visual-qa/evidence/20260927/visual-after-current/m4_2f_er_bays_mid.png,1005994,d668ba529b710bd5aa2e8a0872b14786d6cc070bdaa0bafa100d92433d5ad569
docs/visual-qa/evidence/20260927/visual-after-current/m4_2f_er_exterior_detail.png,506220,8bce3eb9c14a66b7afee9d02b9168e00c079fa2d9623c615f47aaa7a28465546
docs/visual-qa/evidence/20260927/visual-after-current/m4_2f_er_exterior_entrance.png,646087,af21f2b793b745f2f24e99892db6711c2edf77d67c1103349d429a28463d297c
docs/visual-qa/evidence/20260927/visual-after-current/m4_2f_er_exterior_junction.png,797426,0f123f2775036924e481959c446a6b68cd2b4dec4ed9854649e6571f99df812b
docs/visual-qa/evidence/20260927/visual-after-current/m4_2f_er_exterior_mid.png,781509,f6aeb097813720b649545b53096a3869f796c6581f0a44c9736ce33ea4681584
docs/visual-qa/evidence/20260927/visual-after-current/m4_2f_er_treatment_detail.png,786573,087c174922d94492991e387c0d237a1a1aecd4ef8f87f1e3cd3731e72ec77c30
docs/visual-qa/evidence/20260927/visual-after-current/m4_2f_er_treatment_entrance.png,991218,17b720fbdd76155a62119a8efc32010708384bfd69142d5a126acf9fc55d9e13
docs/visual-qa/evidence/20260927/visual-after-current/m4_2f_er_treatment_junction.png,923658,06b653a4d48fcd6fafe0971d202a1b4fb3a33cb153328a6ce4dd499f9af12b70
docs/visual-qa/evidence/20260927/visual-after-current/m4_2f_er_treatment_mid.png,1095148,703dd1be307d4dd7153cc7cadcb5d5eb747b7bb23b65e291f6eafe978b33f5bd
docs/visual-qa/evidence/20260927/visual-after-current/m4_2f_er_triage_detail.png,924735,56e6ea7aae836343d252784a1a40b3749205f2bad2a14d3a66331615c7b54c54
docs/visual-qa/evidence/20260927/visual-after-current/m4_2f_er_triage_entrance.png,925422,f2ff70258e37160e4ae41871035f67dce6783682e5101c7644eb6d7ac4368f21
docs/visual-qa/evidence/20260927/visual-after-current/m4_2f_er_triage_junction.png,1170981,5af4a9d3ab4fd7ada7be783b1e20954494e4d100634d811b66595a637430d608
docs/visual-qa/evidence/20260927/visual-after-current/m4_2f_er_triage_mid.png,1096220,ea784da2f125c6306b49e5ba0928429aad48d68e65d927c6e00f0d2a3edd1ef8
docs/visual-qa/evidence/20260927/visual-after-current/m5_1f_lobby_entrance_detail.png,933428,b009e3078b86114bcd032d78344010b2351e702f8b418659c5b70e55ab6db4cf
docs/visual-qa/evidence/20260927/visual-after-current/m5_1f_lobby_entrance_entrance.png,1232011,7a9c52cf0e85111ff11abb7e979040d16c0a23e3b76eb4f60e3f16189036de48
docs/visual-qa/evidence/20260927/visual-after-current/m5_1f_lobby_entrance_junction.png,975425,51bcb2f22ccf44e86c68b25736d2678633239ebf6fc5c1420e1ac648b4283f1c
docs/visual-qa/evidence/20260927/visual-after-current/m5_1f_lobby_entrance_mid.png,1270421,216af4c087f0f7cfaff4824469559d9da9ff593efc8a3dfd6e6f879a7149de66
docs/visual-qa/evidence/20260927/visual-after-current/m5_1f_reception_detail.png,874902,ea7bd253213a6bb5ef1ce4c079b004d2782ec05dce8825f36b5c11fe006c77e0
docs/visual-qa/evidence/20260927/visual-after-current/m5_1f_reception_entrance.png,884133,e027e0be937340e25202ec5c80e0aa2aeed288b9088a99be7d68cf032b3bdabd
docs/visual-qa/evidence/20260927/visual-after-current/m5_1f_reception_junction.png,1179388,ec33ae6d559e9c73d77bdb21772fa5132751e08101bbfdfe3ad4df557ecb9f32
docs/visual-qa/evidence/20260927/visual-after-current/m5_1f_reception_mid.png,1273294,4c1c7f674d6134be948e4d4d4e058ca51ce41bac54e7d4bf34a387180a2ef2c8
docs/visual-qa/evidence/20260927/visual-after-current/m6_8f_bridge_entry_detail.png,818986,ef0e41c9fa6328add72e01b2a053629b81b12b94ae4c51193923660f5a5dcc23
docs/visual-qa/evidence/20260927/visual-after-current/m6_8f_bridge_entry_entrance.png,965353,e0897cf081a090ab60ee7553ba4ca546064f656e0c5dbd2ff5ca0eddeea7bd2b
docs/visual-qa/evidence/20260927/visual-after-current/m6_8f_bridge_entry_junction.png,1043531,b58f8696a63f0759e6ed36cb20feb041e58c82b2145ec332cab1c8efdbc4bcdc
docs/visual-qa/evidence/20260927/visual-after-current/m6_8f_bridge_entry_mid.png,1041317,80dec4e22f010f6e89def1eddb905a5329275800b9f1ce97200fd63b961a7ba8
docs/visual-qa/evidence/20260927/visual-after-current/m7_skybridge_end_detail.png,677476,c668a38660e0544a767418b76d10e30b68ba3069e5b4a8c80ecc10debdd99495
docs/visual-qa/evidence/20260927/visual-after-current/m7_skybridge_end_entrance.png,858219,0aedf8393427356f6cc5e46726e8556a93661a21d03f4229d6b922862116ee7b
docs/visual-qa/evidence/20260927/visual-after-current/m7_skybridge_end_junction.png,839447,1512cb92e9af756f2cea85a071183a31062620aa7bd0395172b1481bb0f4d11c
docs/visual-qa/evidence/20260927/visual-after-current/m7_skybridge_end_mid.png,915535,6e96c1d3ee6180c8d78be971ff65a36d7b1b9c4c7964145010595bbc337f4f9b
docs/visual-qa/evidence/20260927/visual-after-current/m7_skybridge_mid_detail.png,959791,f217b3e3ccb9ab890886bbea6f97f2d07d298f004b41c17acd34a3433080f38d
docs/visual-qa/evidence/20260927/visual-after-current/m7_skybridge_mid_entrance.png,1113620,0da2916490ae48ac5dea4ff02bd69fbe34cce00f79d83f29574d9f758e8f2b3d
docs/visual-qa/evidence/20260927/visual-after-current/m7_skybridge_mid_junction.png,921411,f8413a1b84446d675c2e1d752582a3e9fbe8c5cec65967e364e5850871fa3db0
docs/visual-qa/evidence/20260927/visual-after-current/m7_skybridge_mid_mid.png,1124718,67793b9f3459c3973ebe22fcf5558d49dc45da6d17cbeb392f3e5ef08045e39f
docs/visual-qa/evidence/20260927/visual-after-current/m7_skybridge_start_detail.png,1011296,2018a7ca9127cbd80aa998cd3e27bbc513428edb06382f03a0a7785eefff00de
docs/visual-qa/evidence/20260927/visual-after-current/m7_skybridge_start_entrance.png,1169590,e99212c84013b8b09ba527847fdebca861faf0c62e4608feb27f1bde190a6e1e
docs/visual-qa/evidence/20260927/visual-after-current/m7_skybridge_start_junction.png,966736,96a032ea8e4d47ed0a5d75d149242bfc1e71e9480a28aedc4d2dfe32374a92a7
docs/visual-qa/evidence/20260927/visual-after-current/m7_skybridge_start_mid.png,1145561,69b4aaf2a1a22b02a08bcc9647163ff3bd048995646ba8f3d84ab003942df034
docs/visual-qa/evidence/20260927/visual-after-current/m8_second_campus_std_detail.png,586429,7cb509d5f2f09255cdfcb7314e02e2e09db45cac7cf0bbec119705ae41e9c6b3
docs/visual-qa/evidence/20260927/visual-after-current/m8_second_campus_std_entrance.png,735635,58a7739601b280e8c33cdf629d13f766d35e8d8889f28c77973746b405d88509
docs/visual-qa/evidence/20260927/visual-after-current/m8_second_campus_std_junction.png,804024,3ccc73d023cd97c701f8d7eef356931511dbfb3f7281ab22e3222e6b416c3dae
docs/visual-qa/evidence/20260927/visual-after-current/m8_second_campus_std_mid.png,950619,2b198ce75871fbc6de9ddeb2ebb7b0249179eba6876c0a198a48ad598953fbdd
docs/visual-qa/evidence/20260927/visual-after-current/m9_second_campus_2f_detail.png,941792,df5502d69550c587b6e50c5ae87f9b333db440f63289800094cadb4e167d5eb0
docs/visual-qa/evidence/20260927/visual-after-current/m9_second_campus_2f_entrance.png,1331228,587d48f7cff6465a3f9ba40f4856d93403f8c2a7d5c30b55356209b4a08a725b
docs/visual-qa/evidence/20260927/visual-after-current/m9_second_campus_2f_junction.png,947140,196d9ee74869b12b96da9faecde85568d5a11c0bb2dd02a7847d6d624c815cfc
docs/visual-qa/evidence/20260927/visual-after-current/m9_second_campus_2f_mid.png,1280328,3e4e98f11dbd646015176c6e8c79bcf8f606c2eeba47b80d5997db6f6040d0fa
docs/visual-qa/evidence/20260927/visual-after-f0d66e8/m0_316_entrance_detail.png,714055,f204c2c90704700a7f437ff58679ae6d83a47830231b78a7a9785358f9e57dd0
docs/visual-qa/evidence/20260927/visual-after-f0d66e8/m0_316_entrance_entrance.png,854132,e05941e6d3f0cd85e383b114ae31d0919751c71c9a26706fea246937ade1b321
docs/visual-qa/evidence/20260927/visual-after-f0d66e8/m0_316_entrance_junction.png,863741,48e5594cb0bd9e9745b0057e152d0e5741a7a610bed12a48a38931b6735284ff
docs/visual-qa/evidence/20260927/visual-after-f0d66e8/m0_316_entrance_mid.png,919610,e4c096efa2b395c2ae764bb2abca735ec2f7c9cd27355a6c84a46a6b541802a2
docs/visual-qa/evidence/20260927/visual-after-f0d66e8/m0_316_office_detail.png,773020,df0426fd95b6f0f894c3b3a8b1d3a7b0b365f1dab4a6b680571914993abb6096
docs/visual-qa/evidence/20260927/visual-after-f0d66e8/m0_316_office_entrance.png,959784,cb76166b6089a3a8efda323f8e6100134ad9c0e79ec67f1b07483f6bf838b19c
docs/visual-qa/evidence/20260927/visual-after-f0d66e8/m0_316_office_junction.png,857306,cdd026ce4c254e5ac03e5377e0c22e40ce1536fbd725baa4a4f988714147068b
docs/visual-qa/evidence/20260927/visual-after-f0d66e8/m0_316_office_mid.png,1104413,5062fc814e2d20bf11f7d913d490ee4b0abb91250b6f7b8debc06fa75e010f05
docs/visual-qa/evidence/20260927/visual-after-f0d66e8/m0_3f_corridor_detail.png,1031943,9ac0f0e02bee169af6d28d3e709abfab34df4e22a95b9a43985bae3f10e8fdac
docs/visual-qa/evidence/20260927/visual-after-f0d66e8/m0_3f_corridor_entrance.png,1059239,1b6d8378dc4b2872f5cc9f312b7cd12b0702f3e9704db9713b7922064b7e67ca
docs/visual-qa/evidence/20260927/visual-after-f0d66e8/m0_3f_corridor_junction.png,992053,dff093909a94471231b0f52164fc629741273640d767495ed8c5b8a4ea6669d4
docs/visual-qa/evidence/20260927/visual-after-f0d66e8/m0_3f_corridor_mid.png,1022094,b84e313f999aebe0ce3fd2302d9686cf2f0ebc83a15d226f790ea2152d44f7a9
docs/visual-qa/evidence/20260927/visual-after-f0d66e8/m10_second_campus_1f_detail.png,817246,d82639948d778ddb51f6c34efb60f0cc409da270095bc9065dd79b4ccf52f158
docs/visual-qa/evidence/20260927/visual-after-f0d66e8/m10_second_campus_1f_entrance.png,1038371,e790bf70112fee5fd97eba592137b7691d0ad1b1f9291e03304cc0f1c59025c5
docs/visual-qa/evidence/20260927/visual-after-f0d66e8/m10_second_campus_1f_junction.png,849298,6e5afda72c0679f7e6e59b9ca3ed274bacdfa7c6534dc52d5ea42d7ee67d7b52
docs/visual-qa/evidence/20260927/visual-after-f0d66e8/m10_second_campus_1f_mid.png,1078103,676748b4307407046b9c9722457540d3c318e2f4938669b0e2586f54bab155ea
docs/visual-qa/evidence/20260927/visual-after-f0d66e8/m1_4f_lobby_detail.png,688374,e3d3e50e25ba02a1d71a238dc3d56939cdc07c5752ff5c370a22a2e939481dc3
docs/visual-qa/evidence/20260927/visual-after-f0d66e8/m1_4f_lobby_entrance.png,1162826,9bd26a03f6ed777a5f790d290aa56a0f59048625a85c96b33510730cb4bb8017
docs/visual-qa/evidence/20260927/visual-after-f0d66e8/m1_4f_lobby_junction.png,831165,1f1384074bb856c548fa9d16e89855e97840ba17444456fd903e6f14608dd9ed
docs/visual-qa/evidence/20260927/visual-after-f0d66e8/m1_4f_lobby_mid.png,1201965,6274cfd4a3f97ed3ac1c4782210ae839812ac8b1256e87205972d10ee4560ff4
docs/visual-qa/evidence/20260927/visual-after-f0d66e8/m2_4f_409_detail.png,1012154,2a3cecd7759b5d194d138c53a85b1b474e915792dc91f2f8a826914900bda9f7
docs/visual-qa/evidence/20260927/visual-after-f0d66e8/m2_4f_409_entrance.png,1030610,38e7bff12604e906a1080680a60040a748afb05dba8959a28b2045d62618fc48
docs/visual-qa/evidence/20260927/visual-after-f0d66e8/m2_4f_409_junction.png,988930,de2b0413c18fe9201afb47f56d7c598a50535f97a3ec838eca3c7fbd6fb1d924
docs/visual-qa/evidence/20260927/visual-after-f0d66e8/m2_4f_409_mid.png,1037762,fef2cb34f8c5a5eb6481ec797b29ffda7c3f9f9595d21187ef13190f4f45ece6
docs/visual-qa/evidence/20260927/visual-after-f0d66e8/m2_4f_duty_room_detail.png,940479,1cf712b89be0b191c08c81bb1dde7312c9bd88d8e3dac6c6d4353a183f26e073
docs/visual-qa/evidence/20260927/visual-after-f0d66e8/m2_4f_duty_room_entrance.png,952309,21560de2221b04c4716ccceb3524ef2fbbae4fc0fda38bf3f02f929f97bbbf3c
docs/visual-qa/evidence/20260927/visual-after-f0d66e8/m2_4f_duty_room_junction.png,994431,c08098f2d7a888cc06fb5e2883c45d42cdd277d690a47932241ae8d9a7180ab7
docs/visual-qa/evidence/20260927/visual-after-f0d66e8/m2_4f_duty_room_mid.png,1132685,13fb2b13e6a248c1512271062425a1dd11324993f3eab8309c93fc4b99c81e8f
docs/visual-qa/evidence/20260927/visual-after-f0d66e8/m3_4f_nursing_station_detail.png,742030,f2a9f974bb94c1ed4ffe0f1afc8589e8e2dacaf74ad13ccdd8b405306644877f
docs/visual-qa/evidence/20260927/visual-after-f0d66e8/m3_4f_nursing_station_entrance.png,810347,9883b915a5d65c22d3a645bef6e0825433b4bf74825c74a489f0d930abf1fae8
docs/visual-qa/evidence/20260927/visual-after-f0d66e8/m3_4f_nursing_station_junction.png,816933,97a67a3a8290ecd79afa2c3ba2a18872f611eaaf9f697454871880192e87c647
docs/visual-qa/evidence/20260927/visual-after-f0d66e8/m3_4f_nursing_station_mid.png,987283,2860d8208795d0b4ee3e8ae568d722a776583a71c3db4e5e24b0bcda095d0220
docs/visual-qa/evidence/20260927/visual-after-f0d66e8/m3_4f_ward_gate_detail.png,1007512,269e1e104391f6c7e5b645f228a874bd59314a4e32c8305e4a04e85ac0f5d5cd
docs/visual-qa/evidence/20260927/visual-after-f0d66e8/m3_4f_ward_gate_entrance.png,985983,e5b407023b47afc3561b7022dcdc4b22aae8a428303e02219f7640bda177c440
docs/visual-qa/evidence/20260927/visual-after-f0d66e8/m3_4f_ward_gate_junction.png,851147,a0b538c0dbfc07e08d090f2d7d1617091e819bdfb94201085007d8401a1e88a0
docs/visual-qa/evidence/20260927/visual-after-f0d66e8/m3_4f_ward_gate_mid.png,997620,37b16257c0713c60dd7a37b4380fca7c2d6e62484df14f861fc9140fcaa0f557
docs/visual-qa/evidence/20260927/visual-after-f0d66e8/m4_2f_er_arrival_detail.png,832481,06cdb24d91afdfbc7d7120814d211ac2192535c5bb0f7a4264f984ac4773b7ea
docs/visual-qa/evidence/20260927/visual-after-f0d66e8/m4_2f_er_arrival_entrance.png,1037766,1520a705a1575b254971609bd75f7aa9f34d9bec6e265654713d1e05b5f02351
docs/visual-qa/evidence/20260927/visual-after-f0d66e8/m4_2f_er_arrival_junction.png,854172,5ecfb2c14ae9af086b19a8b70e24d1986c6b6fc6919be2aa1a5df6608835b549
docs/visual-qa/evidence/20260927/visual-after-f0d66e8/m4_2f_er_arrival_mid.png,1020842,1ca3f4b4dcbed444c86256e64d7fe1c2662cc6891c165e14ac8469af641a95fc
docs/visual-qa/evidence/20260927/visual-after-f0d66e8/m4_2f_er_bays_detail.png,957829,1eed5fe960ee3e9669ce82367c5eb8c1f44592036de793b8076e3b6c27c19889
docs/visual-qa/evidence/20260927/visual-after-f0d66e8/m4_2f_er_bays_entrance.png,957367,e1a284b0eab4861d80c54799bcd7f4505b70e5df9e0cb7b2e855ae1431d76503
docs/visual-qa/evidence/20260927/visual-after-f0d66e8/m4_2f_er_bays_junction.png,1024204,0d43902f43df063c387507dfdf0bdaabad8255446b89f7fa1346f5522b4b1831
docs/visual-qa/evidence/20260927/visual-after-f0d66e8/m4_2f_er_bays_mid.png,1006327,d0cc5c842c7950b717912998113ccb0941041b55567a140cf9b6b2054c9ddbec
docs/visual-qa/evidence/20260927/visual-after-f0d66e8/m4_2f_er_exterior_detail.png,506233,1ec294d377ca38657e48490cb51026ff7ca9e3668c4ca973cfb63d68724250ca
docs/visual-qa/evidence/20260927/visual-after-f0d66e8/m4_2f_er_exterior_entrance.png,646087,af21f2b793b745f2f24e99892db6711c2edf77d67c1103349d429a28463d297c
docs/visual-qa/evidence/20260927/visual-after-f0d66e8/m4_2f_er_exterior_junction.png,797426,0f123f2775036924e481959c446a6b68cd2b4dec4ed9854649e6571f99df812b
docs/visual-qa/evidence/20260927/visual-after-f0d66e8/m4_2f_er_exterior_mid.png,781514,3fa2147d610c0cc83e28fa889807d1d352870341674ff10e4074970001589cb9
docs/visual-qa/evidence/20260927/visual-after-f0d66e8/m4_2f_er_treatment_detail.png,786573,087c174922d94492991e387c0d237a1a1aecd4ef8f87f1e3cd3731e72ec77c30
docs/visual-qa/evidence/20260927/visual-after-f0d66e8/m4_2f_er_treatment_entrance.png,991218,17b720fbdd76155a62119a8efc32010708384bfd69142d5a126acf9fc55d9e13
docs/visual-qa/evidence/20260927/visual-after-f0d66e8/m4_2f_er_treatment_junction.png,923658,06b653a4d48fcd6fafe0971d202a1b4fb3a33cb153328a6ce4dd499f9af12b70
docs/visual-qa/evidence/20260927/visual-after-f0d66e8/m4_2f_er_treatment_mid.png,1095148,703dd1be307d4dd7153cc7cadcb5d5eb747b7bb23b65e291f6eafe978b33f5bd
docs/visual-qa/evidence/20260927/visual-after-f0d66e8/m4_2f_er_triage_detail.png,888938,2160074881bd4dd8c4b3eac8dc3531af12d82b05f33341d195881195b0045c31
docs/visual-qa/evidence/20260927/visual-after-f0d66e8/m4_2f_er_triage_entrance.png,931409,b1b4b1a1635dae4e1662750b7897d31e30fe718f5143de1cffa74a69a30176e4
docs/visual-qa/evidence/20260927/visual-after-f0d66e8/m4_2f_er_triage_junction.png,1139085,07c23931ee2c57638289315c75a219e98e3c68428038fa393fc2e573ff0d9983
docs/visual-qa/evidence/20260927/visual-after-f0d66e8/m4_2f_er_triage_mid.png,1084279,3a9d9302b76f9f2fe81ff86c6e17fa00a45f0e77bc8206eefb559df08d02c161
docs/visual-qa/evidence/20260927/visual-after-f0d66e8/m5_1f_lobby_entrance_detail.png,933428,b009e3078b86114bcd032d78344010b2351e702f8b418659c5b70e55ab6db4cf
docs/visual-qa/evidence/20260927/visual-after-f0d66e8/m5_1f_lobby_entrance_entrance.png,1232904,50fb6a6f501a966a8ff924fe8783b9d4c0aef8f137d98bf36265a77b52d25d48
docs/visual-qa/evidence/20260927/visual-after-f0d66e8/m5_1f_lobby_entrance_junction.png,975425,51bcb2f22ccf44e86c68b25736d2678633239ebf6fc5c1420e1ac648b4283f1c
docs/visual-qa/evidence/20260927/visual-after-f0d66e8/m5_1f_lobby_entrance_mid.png,1270421,216af4c087f0f7cfaff4824469559d9da9ff593efc8a3dfd6e6f879a7149de66
docs/visual-qa/evidence/20260927/visual-after-f0d66e8/m5_1f_reception_detail.png,865495,d9550a320cdb2708a4bb3492783e7ecb5c3a6fe1a65e2ddb880996206a0b525f
docs/visual-qa/evidence/20260927/visual-after-f0d66e8/m5_1f_reception_entrance.png,884133,e027e0be937340e25202ec5c80e0aa2aeed288b9088a99be7d68cf032b3bdabd
docs/visual-qa/evidence/20260927/visual-after-f0d66e8/m5_1f_reception_junction.png,1166324,f9b78f139278d0bcfc45e0097c20da7c8974889575a8351f5b5103f26468a408
docs/visual-qa/evidence/20260927/visual-after-f0d66e8/m5_1f_reception_mid.png,1243173,69309239c807b507a84b68814130fc5a1780c68b8aee2fb6cb120489a4a14029
docs/visual-qa/evidence/20260927/visual-after-f0d66e8/m6_8f_bridge_entry_detail.png,818986,ef0e41c9fa6328add72e01b2a053629b81b12b94ae4c51193923660f5a5dcc23
docs/visual-qa/evidence/20260927/visual-after-f0d66e8/m6_8f_bridge_entry_entrance.png,961901,ee2b539b764a30eddb8ad02d5a3fe6b5da39c119f247c8558bb38a1269229386
docs/visual-qa/evidence/20260927/visual-after-f0d66e8/m6_8f_bridge_entry_junction.png,1043531,b58f8696a63f0759e6ed36cb20feb041e58c82b2145ec332cab1c8efdbc4bcdc
docs/visual-qa/evidence/20260927/visual-after-f0d66e8/m6_8f_bridge_entry_mid.png,1041317,80dec4e22f010f6e89def1eddb905a5329275800b9f1ce97200fd63b961a7ba8
docs/visual-qa/evidence/20260927/visual-after-f0d66e8/m7_skybridge_end_detail.png,676243,08b90f689908e73ab4d10268fd67912f9fafb0a34fe645b378d5646870f73178
docs/visual-qa/evidence/20260927/visual-after-f0d66e8/m7_skybridge_end_entrance.png,855640,b09c596d8d4481a0b881eb22d933aa55d9af2f54a94cbdaaac00944e1d253757
docs/visual-qa/evidence/20260927/visual-after-f0d66e8/m7_skybridge_end_junction.png,846897,77d6f9fce7eab208e5264d3b89c4be17deee4c0c577d2306fd84b7c67a923e13
docs/visual-qa/evidence/20260927/visual-after-f0d66e8/m7_skybridge_end_mid.png,933361,a02d6be9155b4fa3c1ca22afecdb11c77abe5f1a0d7101e3a5dd4cd9aa87fbf8
docs/visual-qa/evidence/20260927/visual-after-f0d66e8/m7_skybridge_mid_detail.png,964754,392408a6dbd5b3c700bf02950a050033463283fc1bb938aea91d76ca26b8b249
docs/visual-qa/evidence/20260927/visual-after-f0d66e8/m7_skybridge_mid_entrance.png,1152290,b207a3300d076b681935099fffd692b2fe06a63abca3f61b7b50f6afc7a2e2e7
docs/visual-qa/evidence/20260927/visual-after-f0d66e8/m7_skybridge_mid_junction.png,942863,be512b945744be7ef478f087e974f4537e92ba71aa7d598db0c135be135c3a65
docs/visual-qa/evidence/20260927/visual-after-f0d66e8/m7_skybridge_mid_mid.png,1162986,2d645c8e834a6d43cd20b4daa1f77b4f329092ddad9b0a40f02a6b9a6615b9e4
docs/visual-qa/evidence/20260927/visual-after-f0d66e8/m7_skybridge_start_detail.png,1018777,4f2b22e456f873a392dc5afecb334b0eb2514e347e3e6621c761b07eac79bcc4
docs/visual-qa/evidence/20260927/visual-after-f0d66e8/m7_skybridge_start_entrance.png,1172512,e3c50caa0efa3cddda97dee4eaa269e0e45e58eee29fe8f6d485ccd28e6de9b2
docs/visual-qa/evidence/20260927/visual-after-f0d66e8/m7_skybridge_start_junction.png,989501,b675bd020c7cdf352c0fb1155a5adae1e28847d1cd8ad638d4cbd70b6c456e0c
docs/visual-qa/evidence/20260927/visual-after-f0d66e8/m7_skybridge_start_mid.png,1178778,21dbb526a0de29911691ffae69a0912842537058ebfb55a992a0db6a78c8e948
docs/visual-qa/evidence/20260927/visual-after-f0d66e8/m8_second_campus_std_detail.png,586429,7cb509d5f2f09255cdfcb7314e02e2e09db45cac7cf0bbec119705ae41e9c6b3
docs/visual-qa/evidence/20260927/visual-after-f0d66e8/m8_second_campus_std_entrance.png,736495,7b020106f8704c23635932bc093d62ee4ea3b3dbb396d3b67de2d8abb9132c5a
docs/visual-qa/evidence/20260927/visual-after-f0d66e8/m8_second_campus_std_junction.png,804024,3ccc73d023cd97c701f8d7eef356931511dbfb3f7281ab22e3222e6b416c3dae
docs/visual-qa/evidence/20260927/visual-after-f0d66e8/m8_second_campus_std_mid.png,950619,2b198ce75871fbc6de9ddeb2ebb7b0249179eba6876c0a198a48ad598953fbdd
docs/visual-qa/evidence/20260927/visual-after-f0d66e8/m9_second_campus_2f_detail.png,941792,df5502d69550c587b6e50c5ae87f9b333db440f63289800094cadb4e167d5eb0
docs/visual-qa/evidence/20260927/visual-after-f0d66e8/m9_second_campus_2f_entrance.png,1329333,49b3bb1b336a7c4e02cd3c6c8c5be441e63112376b0285fb06451c1d153b486c
docs/visual-qa/evidence/20260927/visual-after-f0d66e8/m9_second_campus_2f_junction.png,947140,196d9ee74869b12b96da9faecde85568d5a11c0bb2dd02a7847d6d624c815cfc
docs/visual-qa/evidence/20260927/visual-after-f0d66e8/m9_second_campus_2f_mid.png,1280328,3e4e98f11dbd646015176c6e8c79bcf8f606c2eeba47b80d5997db6f6040d0fa
docs/visual-qa/evidence/20260927/visual-overlap-fix/capture-manifest.json,23229,adb1e2fc6e84535e2f4b8e07c4bbd36c428bd2675396e4ee916888eb88bfe962
docs/visual-qa/evidence/20260927/visual-overlap-fix/m0_316_entrance_detail.png,714054,74ca9f5b1711e2d914bd8f22c0e22b44642cf3616bdb76b8548e830406a6a631
docs/visual-qa/evidence/20260927/visual-overlap-fix/m0_316_entrance_entrance.png,854145,6e4ea7391423fe1c4633016079fd0253e2e9d81104cacafebae3545c1444cedd
docs/visual-qa/evidence/20260927/visual-overlap-fix/m0_316_entrance_junction.png,863723,1393565055d3203582bb1eb1c4af97339be82d33c49863702c4800c0a93c976d
docs/visual-qa/evidence/20260927/visual-overlap-fix/m0_316_entrance_mid.png,919610,e4c096efa2b395c2ae764bb2abca735ec2f7c9cd27355a6c84a46a6b541802a2
docs/visual-qa/evidence/20260927/visual-overlap-fix/m0_316_office_detail.png,773020,df0426fd95b6f0f894c3b3a8b1d3a7b0b365f1dab4a6b680571914993abb6096
docs/visual-qa/evidence/20260927/visual-overlap-fix/m0_316_office_entrance.png,959784,cb76166b6089a3a8efda323f8e6100134ad9c0e79ec67f1b07483f6bf838b19c
docs/visual-qa/evidence/20260927/visual-overlap-fix/m0_316_office_junction.png,857306,cdd026ce4c254e5ac03e5377e0c22e40ce1536fbd725baa4a4f988714147068b
docs/visual-qa/evidence/20260927/visual-overlap-fix/m0_316_office_mid.png,1104413,5062fc814e2d20bf11f7d913d490ee4b0abb91250b6f7b8debc06fa75e010f05
docs/visual-qa/evidence/20260927/visual-overlap-fix/m0_3f_corridor_detail.png,1031943,9ac0f0e02bee169af6d28d3e709abfab34df4e22a95b9a43985bae3f10e8fdac
docs/visual-qa/evidence/20260927/visual-overlap-fix/m0_3f_corridor_entrance.png,1059836,5d03f671202e84771748bb2c03cf5f1702fa362df89e0ede40c68e289a42cd7d
docs/visual-qa/evidence/20260927/visual-overlap-fix/m0_3f_corridor_junction.png,992053,dff093909a94471231b0f52164fc629741273640d767495ed8c5b8a4ea6669d4
docs/visual-qa/evidence/20260927/visual-overlap-fix/m0_3f_corridor_mid.png,1022094,b84e313f999aebe0ce3fd2302d9686cf2f0ebc83a15d226f790ea2152d44f7a9
docs/visual-qa/evidence/20260927/visual-overlap-fix/m10_second_campus_1f_detail.png,817246,d82639948d778ddb51f6c34efb60f0cc409da270095bc9065dd79b4ccf52f158
docs/visual-qa/evidence/20260927/visual-overlap-fix/m10_second_campus_1f_entrance.png,1062082,c090f4a8894a837a08d66eb7c3934e483c5cec8a70cd7b24ae4e9410bf3aa8c6
docs/visual-qa/evidence/20260927/visual-overlap-fix/m10_second_campus_1f_junction.png,849298,6e5afda72c0679f7e6e59b9ca3ed274bacdfa7c6534dc52d5ea42d7ee67d7b52
docs/visual-qa/evidence/20260927/visual-overlap-fix/m10_second_campus_1f_mid.png,1079276,2c3bb6c5c4c27aff2c8658e5481aadf04fa5b62e588223c931f3e0fa7fe68afd
docs/visual-qa/evidence/20260927/visual-overlap-fix/m1_4f_lobby_detail.png,690245,709c42061b467301412eaf8c4d31c93cbc49b817bef40f5c504f9cb2c736129f
docs/visual-qa/evidence/20260927/visual-overlap-fix/m1_4f_lobby_entrance.png,1163196,02fd4a26f7e343abf464a4036b0578a12bd672a0fa088562bd8fa6e225afb5f0
docs/visual-qa/evidence/20260927/visual-overlap-fix/m1_4f_lobby_junction.png,822888,f379e8b96739c4a1d15a21f25ccdee2d3831cd8924b3f5f124572969c290f90f
docs/visual-qa/evidence/20260927/visual-overlap-fix/m1_4f_lobby_mid.png,1201367,2ed848f5aa35b457085a7fee016ea6b1e8d188b871983a2beef06deefa5d709b
docs/visual-qa/evidence/20260927/visual-overlap-fix/m2_4f_409_detail.png,1012154,2a3cecd7759b5d194d138c53a85b1b474e915792dc91f2f8a826914900bda9f7
docs/visual-qa/evidence/20260927/visual-overlap-fix/m2_4f_409_entrance.png,1030630,bc71e34bc9b15ed764496e01a35c403d8ed4d91205b5b300cdffb507829144d9
docs/visual-qa/evidence/20260927/visual-overlap-fix/m2_4f_409_junction.png,988930,de2b0413c18fe9201afb47f56d7c598a50535f97a3ec838eca3c7fbd6fb1d924
docs/visual-qa/evidence/20260927/visual-overlap-fix/m2_4f_409_mid.png,1037762,fef2cb34f8c5a5eb6481ec797b29ffda7c3f9f9595d21187ef13190f4f45ece6
docs/visual-qa/evidence/20260927/visual-overlap-fix/m2_4f_duty_room_detail.png,940478,34be16a8743a5d2f5a98673084bccc9718403f427e822b0b672219f283e9532b
docs/visual-qa/evidence/20260927/visual-overlap-fix/m2_4f_duty_room_entrance.png,952309,21560de2221b04c4716ccceb3524ef2fbbae4fc0fda38bf3f02f929f97bbbf3c
docs/visual-qa/evidence/20260927/visual-overlap-fix/m2_4f_duty_room_junction.png,994431,c08098f2d7a888cc06fb5e2883c45d42cdd277d690a47932241ae8d9a7180ab7
docs/visual-qa/evidence/20260927/visual-overlap-fix/m2_4f_duty_room_mid.png,1132699,9ce59bdc3784b6482a7b4967f52f6e1dc782aa698abb7435b134f7048f0d087b
docs/visual-qa/evidence/20260927/visual-overlap-fix/m3_4f_nursing_station_detail.png,742030,f2a9f974bb94c1ed4ffe0f1afc8589e8e2dacaf74ad13ccdd8b405306644877f
docs/visual-qa/evidence/20260927/visual-overlap-fix/m3_4f_nursing_station_entrance.png,810347,9883b915a5d65c22d3a645bef6e0825433b4bf74825c74a489f0d930abf1fae8
docs/visual-qa/evidence/20260927/visual-overlap-fix/m3_4f_nursing_station_junction.png,834606,7ea2eb7e98c2dafaa178b9746843c83df40e75183078fcacbbab3e769b651320
docs/visual-qa/evidence/20260927/visual-overlap-fix/m3_4f_nursing_station_mid.png,987283,2860d8208795d0b4ee3e8ae568d722a776583a71c3db4e5e24b0bcda095d0220
docs/visual-qa/evidence/20260927/visual-overlap-fix/m3_4f_ward_gate_detail.png,1032371,3634ca965ec1734103842f391842c5bfb5a2917b5794ab22fc5729856d5590ea
docs/visual-qa/evidence/20260927/visual-overlap-fix/m3_4f_ward_gate_entrance.png,1031955,697261c2f89985ac53cd5b04f98bfc6dda16a2e5ba922463f4a27a345f962b86
docs/visual-qa/evidence/20260927/visual-overlap-fix/m3_4f_ward_gate_junction.png,864680,4163e6dca989cfae57f2414e7c114cd8bd2fcfe01e4daf1f7822f5fef3a186bf
docs/visual-qa/evidence/20260927/visual-overlap-fix/m3_4f_ward_gate_mid.png,1016061,abb25ce2a4c6001235fdc2848ec39c2210376390bead7bea1bb12aa073b09a1e
docs/visual-qa/evidence/20260927/visual-overlap-fix/m4_2f_er_arrival_detail.png,832481,06cdb24d91afdfbc7d7120814d211ac2192535c5bb0f7a4264f984ac4773b7ea
docs/visual-qa/evidence/20260927/visual-overlap-fix/m4_2f_er_arrival_entrance.png,1016935,4ef28d24356a0bedeb9fd44f48a43cb4bdc3a8e05667fd99c2130e76e8ba529a
docs/visual-qa/evidence/20260927/visual-overlap-fix/m4_2f_er_arrival_junction.png,859499,dce2831fd7f6f038b08d873531cc1dc7650912f1c268d58697f93312d68c0340
docs/visual-qa/evidence/20260927/visual-overlap-fix/m4_2f_er_arrival_mid.png,1020842,1ca3f4b4dcbed444c86256e64d7fe1c2662cc6891c165e14ac8469af641a95fc
docs/visual-qa/evidence/20260927/visual-overlap-fix/m4_2f_er_bays_detail.png,957592,aa38714a15fd5aadbf0a77e3185c7019900c0d50282844f70d722352e65a87b6
docs/visual-qa/evidence/20260927/visual-overlap-fix/m4_2f_er_bays_entrance.png,976914,8401abb05a43a05030c4dae95e07e51e42b56a5c42aacb10ccbf20571fc8282e
docs/visual-qa/evidence/20260927/visual-overlap-fix/m4_2f_er_bays_junction.png,1024012,51ae8f777b4027be25789f8ef0a49b5181e72fb85d041b4aeaac17a6e0b65aa6
docs/visual-qa/evidence/20260927/visual-overlap-fix/m4_2f_er_bays_mid.png,1005994,d668ba529b710bd5aa2e8a0872b14786d6cc070bdaa0bafa100d92433d5ad569
docs/visual-qa/evidence/20260927/visual-overlap-fix/m4_2f_er_exterior_detail.png,506241,d3f5a48b033915d2d0a5a2fc3ec9d0c1ef6ae7cb886f8818560a249c8d96e24b
docs/visual-qa/evidence/20260927/visual-overlap-fix/m4_2f_er_exterior_entrance.png,646087,af21f2b793b745f2f24e99892db6711c2edf77d67c1103349d429a28463d297c
docs/visual-qa/evidence/20260927/visual-overlap-fix/m4_2f_er_exterior_junction.png,797426,0f123f2775036924e481959c446a6b68cd2b4dec4ed9854649e6571f99df812b
docs/visual-qa/evidence/20260927/visual-overlap-fix/m4_2f_er_exterior_mid.png,781514,3fa2147d610c0cc83e28fa889807d1d352870341674ff10e4074970001589cb9
docs/visual-qa/evidence/20260927/visual-overlap-fix/m4_2f_er_treatment_detail.png,786573,087c174922d94492991e387c0d237a1a1aecd4ef8f87f1e3cd3731e72ec77c30
docs/visual-qa/evidence/20260927/visual-overlap-fix/m4_2f_er_treatment_entrance.png,991218,17b720fbdd76155a62119a8efc32010708384bfd69142d5a126acf9fc55d9e13
docs/visual-qa/evidence/20260927/visual-overlap-fix/m4_2f_er_treatment_junction.png,923658,06b653a4d48fcd6fafe0971d202a1b4fb3a33cb153328a6ce4dd499f9af12b70
docs/visual-qa/evidence/20260927/visual-overlap-fix/m4_2f_er_treatment_mid.png,1095148,703dd1be307d4dd7153cc7cadcb5d5eb747b7bb23b65e291f6eafe978b33f5bd
docs/visual-qa/evidence/20260927/visual-overlap-fix/m4_2f_er_triage_detail.png,924735,56e6ea7aae836343d252784a1a40b3749205f2bad2a14d3a66331615c7b54c54
docs/visual-qa/evidence/20260927/visual-overlap-fix/m4_2f_er_triage_entrance.png,925438,6c9953840f9aa41d94f4f72cec3ebe1e2ea509d1c1c28aa2babba8129f5d4035
docs/visual-qa/evidence/20260927/visual-overlap-fix/m4_2f_er_triage_junction.png,1170981,5af4a9d3ab4fd7ada7be783b1e20954494e4d100634d811b66595a637430d608
docs/visual-qa/evidence/20260927/visual-overlap-fix/m4_2f_er_triage_mid.png,1096220,ea784da2f125c6306b49e5ba0928429aad48d68e65d927c6e00f0d2a3edd1ef8
docs/visual-qa/evidence/20260927/visual-overlap-fix/m5_1f_lobby_entrance_detail.png,933428,b009e3078b86114bcd032d78344010b2351e702f8b418659c5b70e55ab6db4cf
docs/visual-qa/evidence/20260927/visual-overlap-fix/m5_1f_lobby_entrance_entrance.png,1207884,b9c3e4df68c4324f7b816cc6ff5e17f3e9fbadaa10b3e05d0c2017ee2acd9f7a
docs/visual-qa/evidence/20260927/visual-overlap-fix/m5_1f_lobby_entrance_junction.png,975746,7e5420ed9f5675c5bf46eb0d23c0c147ae60335698ce2d5a7a777ddd2bdf012c
docs/visual-qa/evidence/20260927/visual-overlap-fix/m5_1f_lobby_entrance_mid.png,1270421,216af4c087f0f7cfaff4824469559d9da9ff593efc8a3dfd6e6f879a7149de66
docs/visual-qa/evidence/20260927/visual-overlap-fix/m5_1f_reception_detail.png,865495,d9550a320cdb2708a4bb3492783e7ecb5c3a6fe1a65e2ddb880996206a0b525f
docs/visual-qa/evidence/20260927/visual-overlap-fix/m5_1f_reception_entrance.png,884133,e027e0be937340e25202ec5c80e0aa2aeed288b9088a99be7d68cf032b3bdabd
docs/visual-qa/evidence/20260927/visual-overlap-fix/m5_1f_reception_junction.png,1166428,8072c84eee2e9dd1e6312116453e50f7e5da81979612749655cc33fccafa3380
docs/visual-qa/evidence/20260927/visual-overlap-fix/m5_1f_reception_mid.png,1243173,69309239c807b507a84b68814130fc5a1780c68b8aee2fb6cb120489a4a14029
docs/visual-qa/evidence/20260927/visual-overlap-fix/m6_8f_bridge_entry_detail.png,818986,ef0e41c9fa6328add72e01b2a053629b81b12b94ae4c51193923660f5a5dcc23
docs/visual-qa/evidence/20260927/visual-overlap-fix/m6_8f_bridge_entry_entrance.png,917010,29d999717a00b3ea48c177acd4780f80b7c2256667425e6d64a2997d371df6c2
docs/visual-qa/evidence/20260927/visual-overlap-fix/m6_8f_bridge_entry_junction.png,1019606,65efd56ea6a12dc7f770e121c328599f3f3d1c443be6e2e9d941b80b5fdb1cd9
docs/visual-qa/evidence/20260927/visual-overlap-fix/m6_8f_bridge_entry_mid.png,1009139,8dea5442c8444d3cd161fceee1343b939ca9322a574c8696c5de0d5758478656
docs/visual-qa/evidence/20260927/visual-overlap-fix/m7_skybridge_end_detail.png,676243,08b90f689908e73ab4d10268fd67912f9fafb0a34fe645b378d5646870f73178
docs/visual-qa/evidence/20260927/visual-overlap-fix/m7_skybridge_end_entrance.png,848897,cc7fecc3f3101a947513dfc890459beb926cb947c6fa619c3a6714171b0ab4f1
docs/visual-qa/evidence/20260927/visual-overlap-fix/m7_skybridge_end_junction.png,830525,399f43c6d94964a49c3ba2c90f45a5d791d5f5e23b84013ab9edf8effcb5ee35
docs/visual-qa/evidence/20260927/visual-overlap-fix/m7_skybridge_end_mid.png,900519,9dcfffa1e6448c6e1c2fd0156a4227fddbe78e31282b2f5d063aea326af25559
docs/visual-qa/evidence/20260927/visual-overlap-fix/m7_skybridge_mid_detail.png,959791,f217b3e3ccb9ab890886bbea6f97f2d07d298f004b41c17acd34a3433080f38d
docs/visual-qa/evidence/20260927/visual-overlap-fix/m7_skybridge_mid_entrance.png,1113620,0da2916490ae48ac5dea4ff02bd69fbe34cce00f79d83f29574d9f758e8f2b3d
docs/visual-qa/evidence/20260927/visual-overlap-fix/m7_skybridge_mid_junction.png,921411,f8413a1b84446d675c2e1d752582a3e9fbe8c5cec65967e364e5850871fa3db0
docs/visual-qa/evidence/20260927/visual-overlap-fix/m7_skybridge_mid_mid.png,1124718,67793b9f3459c3973ebe22fcf5558d49dc45da6d17cbeb392f3e5ef08045e39f
docs/visual-qa/evidence/20260927/visual-overlap-fix/m7_skybridge_start_detail.png,1011296,2018a7ca9127cbd80aa998cd3e27bbc513428edb06382f03a0a7785eefff00de
docs/visual-qa/evidence/20260927/visual-overlap-fix/m7_skybridge_start_entrance.png,1138551,16bc84f85c5202f5e3a2ac4d8cef68f7a755303fdda13d838107c669ad0a73d5
docs/visual-qa/evidence/20260927/visual-overlap-fix/m7_skybridge_start_junction.png,966736,96a032ea8e4d47ed0a5d75d149242bfc1e71e9480a28aedc4d2dfe32374a92a7
docs/visual-qa/evidence/20260927/visual-overlap-fix/m7_skybridge_start_mid.png,1145561,69b4aaf2a1a22b02a08bcc9647163ff3bd048995646ba8f3d84ab003942df034
docs/visual-qa/evidence/20260927/visual-overlap-fix/m8_second_campus_std_detail.png,586429,7cb509d5f2f09255cdfcb7314e02e2e09db45cac7cf0bbec119705ae41e9c6b3
docs/visual-qa/evidence/20260927/visual-overlap-fix/m8_second_campus_std_entrance.png,739500,03cc39a82fe76c7b7fd5a82e8874a7685ecee71f0ec6ad69636a4e90d3110e07
docs/visual-qa/evidence/20260927/visual-overlap-fix/m8_second_campus_std_junction.png,804024,3ccc73d023cd97c701f8d7eef356931511dbfb3f7281ab22e3222e6b416c3dae
docs/visual-qa/evidence/20260927/visual-overlap-fix/m8_second_campus_std_mid.png,950619,2b198ce75871fbc6de9ddeb2ebb7b0249179eba6876c0a198a48ad598953fbdd
docs/visual-qa/evidence/20260927/visual-overlap-fix/m9_second_campus_2f_detail.png,941792,df5502d69550c587b6e50c5ae87f9b333db440f63289800094cadb4e167d5eb0
docs/visual-qa/evidence/20260927/visual-overlap-fix/m9_second_campus_2f_entrance.png,1329854,e5c039d5cee3cc732532779f96cdce6d3dc5726fbfa7f6ac4df6683e1ad3edb9
docs/visual-qa/evidence/20260927/visual-overlap-fix/m9_second_campus_2f_junction.png,947140,196d9ee74869b12b96da9faecde85568d5a11c0bb2dd02a7847d6d624c815cfc
docs/visual-qa/evidence/20260927/visual-overlap-fix/m9_second_campus_2f_mid.png,1280328,3e4e98f11dbd646015176c6e8c79bcf8f606c2eeba47b80d5997db6f6040d0fa
prototype/qa-results/316-phone-browser.log,310,61bcf930608b186ec6b1cf1ae76b1e48ffcbf1d6c7079ecc2136060f60880885
prototype/qa-results/316-phone-browser/eighth-floor-call.png,764841,c84b5c1120e820c30411b7c3897c4d99d727a4ccd8260d6d3572f3bd2a33d875
prototype/qa-results/316-phone-browser/result.json,344,399de6737ff6d8d72f0f6cc8cd4bd56d70a79f22ad71e14af0dbd799f6a959e9
prototype/qa-results/316-phone-browser/unread-thought.png,847315,195b27fa3e4fce23d8a9e3a6c34c62fc8a3a78146672246aec38422f1ce4238c
prototype/qa-results/316-phone-public-b5d41e1/eighth-floor-call.png,759570,57b38cb66fa96691ff55e1a95ec3c227bd885131ac3577e4c09e45b82618d954
prototype/qa-results/316-phone-public-b5d41e1/result.json,364,4d1daca931acf13afc00002c6bf7d6a83c75785298570fe73f24f51f42ea1d4d
prototype/qa-results/316-phone-public-b5d41e1/unread-thought.png,692330,9de888c3fc820806d735b952c3264f2137a58f920e0c80bb79cfc983dfa9b539
prototype/qa-results/6f-preview-current/00-33-registration-active.png,1169189,cbb284d7985e9849b702fa96226ed0cff9d6aeb243172a3872346f6424cea6ef
prototype/qa-results/6f-preview-current/6f-preview-gap.png,138481,a773c69f06ae66889327911609e7ff40894c16b2a02b44e1bacba9a03ba46d57
prototype/qa-results/6f-preview-current/elevator-6f-active.png,1039302,43b83ac69c31aacfb63d7aaccddc2b47083457d06ade25139d039a4d85a19623
prototype/qa-results/6f-preview-current/result.json,1040,0081150aa5eabf9b3ddf5fa14897cbcd28ae3694a4ff914eadb52236d3d2044a
prototype/qa-results/6f-preview-final/00-33-registration-active.png,1062495,ac44b9e71130ab966752720c19c6f80fcd22f61435ac68d99559d490ffce1662
prototype/qa-results/6f-preview-final/6f-preview-gap.png,284475,3c23c808fb71018d1668cd4bd2ec3bcfada69768144b06bcfd6bbe3dfec4efa6
prototype/qa-results/6f-preview-final/elevator-6f-active.png,1044744,cec8740b4ea3a8bb99d19ac00712bcc54a7780f928165cdf3a2617a772fc0f62
prototype/qa-results/6f-preview-final/result.json,1040,5ed70bd31688b8a444c381e31639a0a291efe247f08ef8f6b852e113a8a4e628
prototype/qa-results/LOADING_PERFORMANCE_AFTER.csv,1746,8cd3ed03477ecc99d58c0b3e12faff5a418511cc454f9727845d7dbe8f348baa
prototype/qa-results/LOADING_PERFORMANCE_AFTER.json,5074,ea6e2adabfcbad3ecae630e341ebd45cf897d2b6e55f057c8f4d66a78360ef1e
prototype/qa-results/LOADING_PERFORMANCE_BEFORE.csv,1287,fc72708251a823abab426f3c80d35be2bafc8f70d10ea3b75976eb6fafe08641
prototype/qa-results/LOADING_PERFORMANCE_BEFORE.json,6988,14c85354d7d6fe539f4f9b4d3b5e9d0f281f09d67b95ecc2877ce15765c4a2a1
prototype/qa-results/LOADING_PERFORMANCE_FINAL.csv,1730,0e54d710516bda4efd2ed2c3bc9bb8d5670c745d3cf4370542908deb29a9595c
prototype/qa-results/LOADING_PERFORMANCE_FINAL.json,5039,c73f58c826f2fb9c9dc8f27a4f92d184a9f8e3f5cdb1e21079d9e562e37ff6ce
prototype/qa-results/act-presentation-current/act2-active.png,1004806,1f1f1d67c0eb3e0b98509321c4fba5a726041723f799878ce6464faa6d8856a0
prototype/qa-results/act-presentation-current/act3-active.png,1026598,99b932480b6dfc926274810fc1ba9933ccbfa9cf9ad250384fce9b6b135d679f
prototype/qa-results/act-presentation-current/outro-active.png,850842,5edeb6296797318c28b454ff933a0f6d09d637a2dbda8a55228392d0fd5371f2
prototype/qa-results/act-presentation-current/outro-final.png,809069,239d2b9bc23137bce500577acff75feed54a4904a810ea288ec7e7081020654d
prototype/qa-results/act-presentation-current/production-opening.png,1243605,504053141d0b59b6a92ff70f77cbef73cb1e009a6acd350946d65135ec549ea9
prototype/qa-results/act-presentation-current/result.json,353,eec53f983046775c33559433de44262ed453bc6b1dfc6a00bd5f1605219f48d8
prototype/qa-results/asset-audio-hotfix-build.log,924,902ca72f0ae79a5efe567c17347beb691679a8ce85904c0e1a3157884a684c1d
prototype/qa-results/asset-queue-build.log,924,dc668233571830c8fdda7c0d208c7422f8f9aa9c22b6bc6d4aed0c4c499ea88a
prototype/qa-results/audio-hotfix.log,0,e3b0c44298fc1c149afbf4c8996fb92427ae41e4649b934ca495991b7852b855
prototype/qa-results/audio-hotfix/result.json,267,d50af2b648f55c12e4604f841b2e65823c786cc54ba1be64d9ac826acfbe5d1d
prototype/qa-results/b2-identity-local.log,1107,158ef10abd1b7d66971c7d52c39199cc3f92450f7a7fd386be5a8c81505c9704
prototype/qa-results/b2-identity-local/01-attempt-consumed.png,97503,28aaa6d94f6bf3147c38408e434a8ea27761ccf4cc7b86cd4ff4daf7ddb684c2
prototype/qa-results/b2-identity-local/02-b2-closure-active.png,949858,14ecd1c3f2b95aae12ea22140dc6691148b95955ce4810ab9bb8e97679b429a4
prototype/qa-results/b2-identity-local/02-ending-cg.png,185456,d027bd76a5955377ae4db67972a0ec6a334458a5a669e12c89bca2a99ca8936c
prototype/qa-results/b2-identity-local/03-316-pre-input-cinematic.png,842645,1e4e02763dce35ac8054d37890fe45e298396e46dcfd2d9ddd6301f88c1daba6
prototype/qa-results/b2-identity-local/result.json,1469,6e0b35e30a04e7d67693984d89acb2812dae6fc5b213e32811a10e162bc1b53e
prototype/qa-results/b2-public-8e1be87-frame-audit/01-attempt-consumed.png,107021,9014b741b42af881e20292c21f7e87bd2dc2077da75206147ee5bfb261f79f1f
prototype/qa-results/b2-public-8e1be87-frame-audit/02-b2-closure-active.png,540125,820cb39bd90ec6de53b213a29617c3cfcca8eead7db4d795c5d88d836aa16639
prototype/qa-results/b2-public-8e1be87-frame-audit/02-ending-cg.png,183186,f7320388e13f983be353e7c25e3d77619cd39ba72e5905575c41035260ccdbdd
prototype/qa-results/b2-public-8e1be87-frame-audit/03-316-pre-input-cinematic.png,680984,f23d99ad396e47567d45cd38b00f3a476f340cf14c4e13e87f577e87abdf1d1f
prototype/qa-results/b2-public-8e1be87-frame-audit/result.json,1491,4c4557f76c41dc2695ac4d321530ee5e3b5236269bc9dcff747d46a7e874631d
prototype/qa-results/b2-public-8e1be87.log,1156,7ee13eb23c728efde9b435106796559ea7b5d210157bedde3e7d190bcea91e4c
prototype/qa-results/b2-public-8e1be87/01-attempt-consumed.png,110512,6e755a30772e90cde29092523a020669bd3747f96eb65d163f678ea8e14c36cc
prototype/qa-results/b2-public-8e1be87/02-b2-closure-active.png,539665,6ccf05077073d4a1d327c017bc3fabe5202b143562724238bc5e903b816c480f
prototype/qa-results/b2-public-8e1be87/result.json,1434,00c93b31af01807b6e81bbeff08fb574372144a476692eb6c0fedcf91ae04527
prototype/qa-results/b2-public-ad13272.log,1107,a17db57a0486ecb9c9eee3a3e666d4762b4be5f61fe364ccc90d5bfd56b43e8d
prototype/qa-results/b2-public-ad13272/01-attempt-consumed.png,84966,5e96ba095b99f6d4f623096f76b462f8ba8dd406ae538473d64b00eedac017ac
prototype/qa-results/b2-public-ad13272/02-b2-closure-active.png,950940,1d0f8d008618034a9ca5ad55b38d7d7c14404e983aa9359414ac620fc1a4f70d
prototype/qa-results/b2-public-ad13272/02-ending-cg.png,168069,a2560dec91ee814b73c1044698b197de931dbd24e2b6d17fa262a5eba7ab5a1c
prototype/qa-results/b2-public-ad13272/03-316-pre-input-cinematic.png,841741,4d01e2da4a143bdb25eba1147e62f1b8b5a863457d21891c1cd004c8ae262a12
prototype/qa-results/b2-public-ad13272/result.json,1469,2b10f93028d0470360087559699c7d3518e013213fb3ce358bed9b6a6c4a7dd4
prototype/qa-results/b2-recap-current/01-attempt-consumed.png,87482,0e88f74700df8152fa060d62be9d6a2b6956440afe61dd75751c5a257c5e6dae
prototype/qa-results/b2-recap-current/02-b2-closure-active.png,662653,fb134940ecaf76054374e38e8e7c2e82396c17dcd12b657caf6fa1968273ba32
prototype/qa-results/b2-recap-current/02-ending-cg.png,152479,541f1f616c9af3e7462dd49437a9393916f1f0c6cc4cdc0ac2ef2a64dc46b742
prototype/qa-results/b2-recap-current/03-316-pre-input-cinematic.png,747195,d138fd9e31c16fca8a1661366dcd2a63e751cd221e87ba783dc2c1a8be8335b7
prototype/qa-results/b2-recap-current/result.json,1372,cc7e0695678883fbef33d9b49f81767bcfc9f1d7f23b3f30b8ae123d5903d556
prototype/qa-results/bridge-horror/outbound.png,1098173,1303aa5e299fc98a958615f789ab6f6077c2e4c80be0af2533242b9844bfdb79
prototype/qa-results/bridge-horror/result.json,316,1984a5003a258eb86de67b15ad14cdfba2a2d44e222bd54b4e9b52a1e9dfa4cd
prototype/qa-results/bridge-horror/return-stage-1.png,1068619,6cbff7f88434de5dff2a4789cec85ac355c2844bdc9eefab9fc530ea980af096
prototype/qa-results/bridge-horror/return-stage-3.png,1104590,bf1b1b5acb09a2ca63b79e894fce56acc466acf9767ea1ced030b2915689bab4
prototype/qa-results/browser-resources-final.json,332,e2ef4fb07467de5ac30d503fb9112f2686108930738da8ef6522f7efc8310cfc
prototype/qa-results/cinematic-travel-public-b5d41e1.log,306,3c0dbc237aed40a382982703ee5b6b6b3b04868c13e457efa64e750fcd6140ce
prototype/qa-results/cinematic-travel-public-b5d41e1/6f-preview-gap.png,188134,f171987f9bceb4b88fbac1da64b5375f3b14ae2457ccb4e8cccc709a9f9ed905
prototype/qa-results/cinematic-travel-public-b5d41e1/result.json,340,834bb80b9d3c0ca258a3c24e6ace07f42bab1fd0e7b07fe8ec1bb1c6dd28de80
prototype/qa-results/cinematic-travel-staged/00-33-registration-active.png,865257,209dab197cf987ef599fd9f6be3be76fb642495b9281db8ba8f063defadab302
prototype/qa-results/cinematic-travel-staged/elevator-6f-active.png,1039328,561007cad01e5fd010cf9abbd9f02e199f4c7374f85c148dd27daab44ef523e5
prototype/qa-results/cinematic-travel-staged/result.json,844,fb1c1a745f0309dbe49d2162281d6e9623a0124f065be3e3b5941d8b60774a2d
prototype/qa-results/closeout-b2/01-attempt-consumed.png,97503,28aaa6d94f6bf3147c38408e434a8ea27761ccf4cc7b86cd4ff4daf7ddb684c2
prototype/qa-results/closeout-b2/02-b2-closure-active.png,662425,c91b98ea66cbc2f77c60290ffde8137de1394d3bb1cfa1b82f378a9a01d21be6
prototype/qa-results/closeout-b2/02-ending-cg.png,249901,9c5e5581af2fa5147c23e7d3153b3a311d44f5c83ff16576f6b1273498d0630e
prototype/qa-results/closeout-b2/03-316-pre-input-cinematic.png,219523,571ac0c75e7ee1d991941cf08ba256cc668abbe676472cf1ddfdae7531105566
prototype/qa-results/closeout-b2/result.json,1394,350033dfabbf5a9a35a61e560048ecba068bcc79cd8a0dd1e05d7eaccba11c4f
prototype/qa-results/closeout-bridge/outbound.png,1072510,4f61e43329cf11a4d39bf925bb4de71e9743f47a0a0501d705e90ec971d2f154
prototype/qa-results/closeout-bridge/result.json,416,6d27d7601b3d9e5ab506e5373ca64df2ad9cc92ad0937ba387bf20774171aab1
prototype/qa-results/closeout-bridge/return-stage-1.png,1045743,8232e80ca48c73540a2a4e2591ac1b1ece9a11ff9571c8eaa5affb4c884207f4
prototype/qa-results/closeout-bridge/return-stage-2.png,1036320,9d98d6dafcfaf6e341d60af5886bb0eb6b0c9f34dd7ddffb4a3d60e516e8467f
prototype/qa-results/closeout-bridge/return-stage-3.png,1019545,6a6d7333248de6697196ec2a504be43c1440f475eba46c2c701c37f1297551b7
prototype/qa-results/closeout-cinematic-travel/00-33-registration-active.png,978254,2c5ff4e1e8c5871c74da3ee3f086ccae35ff7db5d87ca0043b88b4855d14fba3
prototype/qa-results/closeout-cinematic-travel/elevator-6f-active.png,1038921,2bd199f43879c29838b99664816ad90809d6545816ec4dd3f7bd3cf1a981a743
prototype/qa-results/closeout-cinematic-travel/result.json,866,638410ac270c907e519be215495563b465ce68d8d41013f24a3b6e76a2790d22
prototype/qa-results/closeout-extra-structural-282e8b3.json,1294,1a8ac481ae98541e446805f1827b15b14eeb9215d3834e04a61da72971558796
prototype/qa-results/closeout-landscape/outbound-dusk.png,1279503,bb5a03b3b9b780d0f46956bf7af2f4ce91b58b2b483788d77b81279396cb9aba
prototype/qa-results/closeout-landscape/predawn.png,1227310,5f11b918c3d46446bf88115c97ebfc386e9ceed8740dcc3c514363da5ebd63f8
prototype/qa-results/closeout-landscape/result.json,6173,a07d8713522abf4face2f32286fc19a1d92c5de420d94f66ce439fc8a1837e64
prototype/qa-results/closeout-landscape/return-deep-night.png,1218863,1e5c9acb6708f900426eab106811137b41788c72d8d393fb7b65fc6bc45cf1f3
prototype/qa-results/closeout-patientization/natural-patientization.png,507831,4ab6e0d7d947705dff22be18cd2cd9a2c5c9e4593e367c0f0836514dd822d29d
prototype/qa-results/closeout-patientization/result.json,1945,e7a7f83772d0a1b8b4315cf0e4552817fb8b86c0db732909760c035b005b877e
prototype/qa-results/closeout-patientization/skip-patientization.png,531066,62d6ad18be9e55f34a3f8bed1ec50ca99943bde423216049043fbb3c61239216
prototype/qa-results/closeout-story/functional/m1-handoff-identity-choice.png,133192,c3b8130e97d5a97b070748dfb5b08cae992026ec536956a41f94d8a6b3299933
prototype/qa-results/closeout-story/functional/m7-b-panel-e-prompt.png,852843,de703c105ed9689b5ac2d0443e22d32e7a6a96afdfe083ad0312bedabe0b89d7
prototype/qa-results/closeout-story/functional/m7-guard-post-approach.png,1287088,a8cee8b625d9317470a1f77d5fb3fde953f040db31cba5f29185bee66d15ec18
prototype/qa-results/closeout-story/m1-3f-admin-316.png,1077501,869d3caa8f2aac3b4cbdec94e4f45413024e7c0141485177f3f540297dd4f667
prototype/qa-results/closeout-story/m1-3f-storage-annie-static.png,1066704,2866a6f3e6cc3a04f0912ebdc4f3305148fadd2a403d88cb8e925e12a2474b12
prototype/qa-results/closeout-story/m1-annie-close-inspection.png,1018292,d5348abcdcc48f26b7b3f2e54751788da6bf02f9433372dbd5deea6317c4be7e
prototype/qa-results/closeout-story/m2-408c-bed.png,1231472,32bf530fa42151835efef9d76f47f7beadffdb36d3ecc2df0269139b81d61841
prototype/qa-results/closeout-story/m2-409-sealed.png,1111757,abe9fc56d4b143ffb364dc7b9731064ec82cab5f5aecbe28c509341cb669fc52
prototype/qa-results/closeout-story/m2-4f-duty-room.png,1207710,b014b357c8deb4656fd3cb956c2edc4771e5029576c0c4696515402d121f199d
prototype/qa-results/closeout-story/m2-4f-nursing-station.png,1347779,ac18c058a3d102c594da394c659201213e737dab054df13f4ce7c21edb41e46e
prototype/qa-results/closeout-story/m3-0033-registration.png,189502,9c222cb7acf75a5faadd988ede92d7a92edc9caeee17a306eb0cbeca16c5ad0a
prototype/qa-results/closeout-story/m3-316-legacy-terminal-phone.png,984466,25ac0f5ef610ad4a7670fee3270cacb6b0784c6ff08b24368a85ad20652acc25
prototype/qa-results/closeout-story/m3-er-nursing-station.png,988652,30e2bba078262757d7ee1e4bb56cf478f36b5ec4ce900555b78ee84355d3b3d4
prototype/qa-results/closeout-story/m4-guard-roster-clue.png,1390981,9670538e142ff098ae7e97867ece04fec9bfbedf3a027d5739dada150e51f8bc
prototype/qa-results/closeout-story/m4-ordinary-patient.png,1182721,7452b9023e38dc84ad8ba697e358361cf5da4a82df54c81393abc5f0b5adb4b7
prototype/qa-results/closeout-story/m4-transfer-form.png,334678,8945a72730bf0524511b122d31268f1831b663e9aa854302f9db1846a6a6b05a
prototype/qa-results/closeout-story/m5-bridge-close-annie.png,1315107,6b63356058f49efc18bef72b4f8a4e439bdc5045de870113337ce954dd3dadf5
prototype/qa-results/closeout-story/m5-outbound-bridge-baseline.png,1219001,98e6a701a4c48078e391f017d223fa220841eab909b3a77f2771b04985b26d29
prototype/qa-results/closeout-story/m5-return-bridge-annie.png,1211509,b004db9db7357fa0eb5d93f2325398535c57828a858cf77e4246533af4b6dc6e
prototype/qa-results/closeout-story/m5-security-playback.png,273640,10723935e3354d2cc1517aaf70b6e44460ba99215758e2517d9cf4cc4fbdad74
prototype/qa-results/closeout-story/m6-annie-cpr-close.png,1376528,d38c156cb3e94a301c7eced7435e4374f60ef5c6abe7960f58783d9310c10fc1
prototype/qa-results/closeout-story/m6-annie-cpr-long.png,1342463,f20857a1dad95d7761091a13ff0c63bfd1553e560a0aa7ad2f31b1dd7bf56a0e
prototype/qa-results/closeout-story/m6-annie-cpr.png,1370458,d7a75d78a15365208f432d6b30e2331dd80f94a6edefad79158483db3730cc2a
prototype/qa-results/closeout-story/m6-elevator-display-6.png,376868,aa986a330e49f76162f56b08350dcbfc7f1b37da5b0e2b3529d8614f8e1c7cd7
prototype/qa-results/closeout-story/m6-stethoscope-relic.png,1774629,6449bff5812b2bfbe56ce59c8221059f6a04373b7e2d63cd755b3f8624404090
prototype/qa-results/closeout-story/m7-1f-guard-post.png,1333450,4f8edf328b85771ebcff7a6ebd0d828803cbe78cf538698778e92eeb16b9061b
prototype/qa-results/closeout-story/m7-b-panel-concealed-door.png,879423,672376f2031094c2a01dd6aea4cc6d2cf832724b84e011d294740aa1298ea8a3
prototype/qa-results/closeout-story/m7-b2-mirror-316.png,986123,66b768f4dd284f647b12dd44b3b8a72e5fa7b7708caba15d8caedd14012d7279
prototype/qa-results/closeout-story/m9-dual-identity-form.png,200315,6ff6962cbe568b81186db11bbfc67a81cf3bf49164edadc79974f569c2936ba6
prototype/qa-results/closeout-story/m9-successful-dawn-ending.png,179481,b5ce746e3c36ddbdad2c7e968b0f8e5bee2572f2cadd3051a3088e04cf0d3ac4
prototype/qa-results/closeout-story/motion/m5-bridge-idle-1.png,1211830,82402cd4a92db4bded9c2b9828f92ed3a1fa853a3de84ffe17acd189e21cf933
prototype/qa-results/closeout-story/motion/m5-bridge-idle-2.png,1211798,69fae19865a53d5fe2ee2d4682747782cf3fd7fa73e67dfd068b55031e7c5024
prototype/qa-results/closeout-story/motion/m5-bridge-idle-3.png,1211831,3c3ebaaba7a1644c66d752eb890d8a0f78c9e4128644d15cf59c64aa711ee8a3
prototype/qa-results/closeout-story/motion/m6-cpr-press-1.png,1383867,0347f90474e64741b8938bf5d4bbd45b102a6084e64502c353e5c5597a720f25
prototype/qa-results/closeout-story/motion/m6-cpr-release.png,1376528,d38c156cb3e94a301c7eced7435e4374f60ef5c6abe7960f58783d9310c10fc1
prototype/qa-results/closeout-story/progress.json,24089,94f618a6fa086f22342279a93a8d9d23557cd3d4b9236fedaa3850f49947d319
prototype/qa-results/closeout-story/result.json,24149,7cc1cedb059b08a6ea3285aee4a4cb80c4c02df82ea56428e9bd4ca2ad9486ff
prototype/qa-results/current-story-pass2/functional/m1-handoff-identity-choice.png,133192,c3b8130e97d5a97b070748dfb5b08cae992026ec536956a41f94d8a6b3299933
prototype/qa-results/current-story-pass2/functional/m7-b-panel-e-prompt.png,851753,2389db05a85f10f468fb26a854bb19e37dc78eeb6235e750bfc7ea6ab8b00bfe
prototype/qa-results/current-story-pass2/functional/m7-guard-post-approach.png,1286610,8092a68200efc82d781b0fc8518e9517db721dc96f9adfad2c4112dafd7f851f
prototype/qa-results/current-story-pass2/m1-3f-admin-316.png,1049823,f263d5ff12e9774d41c578fb6d4af47f69074d091173cbf19b493d329c180040
prototype/qa-results/current-story-pass2/m1-3f-storage-annie-static.png,1066704,2866a6f3e6cc3a04f0912ebdc4f3305148fadd2a403d88cb8e925e12a2474b12
prototype/qa-results/current-story-pass2/m1-annie-close-inspection.png,1018292,d5348abcdcc48f26b7b3f2e54751788da6bf02f9433372dbd5deea6317c4be7e
prototype/qa-results/current-story-pass2/m2-408c-bed.png,1231472,32bf530fa42151835efef9d76f47f7beadffdb36d3ecc2df0269139b81d61841
prototype/qa-results/current-story-pass2/m2-409-sealed.png,1111757,abe9fc56d4b143ffb364dc7b9731064ec82cab5f5aecbe28c509341cb669fc52
prototype/qa-results/current-story-pass2/m2-4f-duty-room.png,1207710,b014b357c8deb4656fd3cb956c2edc4771e5029576c0c4696515402d121f199d
prototype/qa-results/current-story-pass2/m2-4f-nursing-station.png,1347779,ac18c058a3d102c594da394c659201213e737dab054df13f4ce7c21edb41e46e
prototype/qa-results/current-story-pass2/m3-0033-registration.png,189502,9c222cb7acf75a5faadd988ede92d7a92edc9caeee17a306eb0cbeca16c5ad0a
prototype/qa-results/current-story-pass2/m3-316-legacy-terminal-phone.png,984466,25ac0f5ef610ad4a7670fee3270cacb6b0784c6ff08b24368a85ad20652acc25
prototype/qa-results/current-story-pass2/m3-er-nursing-station.png,988652,30e2bba078262757d7ee1e4bb56cf478f36b5ec4ce900555b78ee84355d3b3d4
prototype/qa-results/current-story-pass2/m4-guard-roster-clue.png,1351427,c52fca09f787c48cee38e3f3a4f0d585edb636860d414e565d8067e6d218360f
prototype/qa-results/current-story-pass2/m4-ordinary-patient.png,1182721,7452b9023e38dc84ad8ba697e358361cf5da4a82df54c81393abc5f0b5adb4b7
prototype/qa-results/current-story-pass2/m4-transfer-form.png,334678,8945a72730bf0524511b122d31268f1831b663e9aa854302f9db1846a6a6b05a
prototype/qa-results/current-story-pass2/m5-bridge-close-annie.png,765576,968c1ea7036878683e962293944edac4d9323912e3e7c39ba7e951efe3ffe8f9
prototype/qa-results/current-story-pass2/m5-outbound-bridge-baseline.png,759181,99d7bc3e71d73839e641fda3fbd1074ba91468b53da606fe5d1a3883789354c2
prototype/qa-results/current-story-pass2/m5-return-bridge-annie.png,708745,0c91253fa5a3e22fc1ea3d8917a1aa904c91e1e43087c0a59e11da67eee9ed95
prototype/qa-results/current-story-pass2/m5-security-playback.png,270003,b472f95c78d888acf5aed09e6d1534f56432a00cd13f5cfcd355dc8c2da48a50
prototype/qa-results/current-story-pass2/m6-annie-cpr-close.png,1349665,89ff47fe9e17b0df33787e0e7bea1a5968975defdcb47bc4b303f7470fe296d9
prototype/qa-results/current-story-pass2/m6-annie-cpr-long.png,1342738,f0fa0104f89b58f30c042edd011493b3a8f19b9cfdf0a64957875a874bb37555
prototype/qa-results/current-story-pass2/m6-annie-cpr.png,1369973,2bbf51f12ca3676ff02d2ebc241a4e3137fc276dd2f6a373d2e9f187b02934a4
prototype/qa-results/current-story-pass2/m6-elevator-display-6.png,376868,aa986a330e49f76162f56b08350dcbfc7f1b37da5b0e2b3529d8614f8e1c7cd7
prototype/qa-results/current-story-pass2/m6-stethoscope-relic.png,1774629,6449bff5812b2bfbe56ce59c8221059f6a04373b7e2d63cd755b3f8624404090
prototype/qa-results/current-story-pass2/m7-1f-guard-post.png,1332860,50bdde6257b588406072684a6b5872fd8b44ebfd994960a4d42cade1ab039597
prototype/qa-results/current-story-pass2/m7-b-panel-concealed-door.png,871092,a91d100333f94714f28d279f3cea8f0a0c3556fcc5fa01d5ea686a709ab3fc8b
prototype/qa-results/current-story-pass2/m7-b2-mirror-316.png,969351,ae38f8569ca3a9fcf02f21cc9cc2739ec62fb8c9838843ba6ff6cb3ce3f304f1
prototype/qa-results/current-story-pass2/m9-dual-identity-form.png,200315,6ff6962cbe568b81186db11bbfc67a81cf3bf49164edadc79974f569c2936ba6
prototype/qa-results/current-story-pass2/motion/m5-bridge-idle-1.png,708684,4b9b347462aa42f578fef4a412ceaabc885f476800ff9ca720b444b7fe09f126
prototype/qa-results/current-story-pass2/motion/m5-bridge-idle-2.png,708569,07b5828862cb680aec9ecd3b516865cb9af663f8938e0f569f6bbad82a948c0a
prototype/qa-results/current-story-pass2/motion/m5-bridge-idle-3.png,708749,9069e2dbfbfc7f52643b3b7f0c19dbca889b5780a1b4da8a838dc8721952d747
prototype/qa-results/current-story-pass2/motion/m6-cpr-press-1.png,1383867,0347f90474e64741b8938bf5d4bbd45b102a6084e64502c353e5c5597a720f25
prototype/qa-results/current-story-pass2/motion/m6-cpr-release.png,1376528,d38c156cb3e94a301c7eced7435e4374f60ef5c6abe7960f58783d9310c10fc1
prototype/qa-results/current-story-pass2/progress.json,23320,69248002ea4986d59275814bc5599398e2c63b71da0ca9c99886b112a9461d43
prototype/qa-results/current-story-pass2/result.json,34418,0272a2971ed151c04b30b9de82f8417e6d3b15b861228e73fd29b62b55b368a7
prototype/qa-results/current-story-pass3/functional/m1-handoff-identity-choice.png,133192,c3b8130e97d5a97b070748dfb5b08cae992026ec536956a41f94d8a6b3299933
prototype/qa-results/current-story-pass3/functional/m7-b-panel-e-prompt.png,874054,d0ab201dd964e3676a4076008bf2169654a48859dcf1b7866e7959a48f7a2195
prototype/qa-results/current-story-pass3/functional/m7-guard-post-approach.png,1286610,8092a68200efc82d781b0fc8518e9517db721dc96f9adfad2c4112dafd7f851f
prototype/qa-results/current-story-pass3/m1-3f-admin-316.png,1076648,ce206774bf3b05ce0dad12df46fa3faa80dbedd29e33a356e510d71c19ccaf28
prototype/qa-results/current-story-pass3/m1-3f-storage-annie-static.png,1066704,2866a6f3e6cc3a04f0912ebdc4f3305148fadd2a403d88cb8e925e12a2474b12
prototype/qa-results/current-story-pass3/m1-annie-close-inspection.png,1018292,d5348abcdcc48f26b7b3f2e54751788da6bf02f9433372dbd5deea6317c4be7e
prototype/qa-results/current-story-pass3/m2-408c-bed.png,1231472,32bf530fa42151835efef9d76f47f7beadffdb36d3ecc2df0269139b81d61841
prototype/qa-results/current-story-pass3/m2-409-sealed.png,1111757,abe9fc56d4b143ffb364dc7b9731064ec82cab5f5aecbe28c509341cb669fc52
prototype/qa-results/current-story-pass3/m2-4f-duty-room.png,1207710,b014b357c8deb4656fd3cb956c2edc4771e5029576c0c4696515402d121f199d
prototype/qa-results/current-story-pass3/m2-4f-nursing-station.png,1347779,ac18c058a3d102c594da394c659201213e737dab054df13f4ce7c21edb41e46e
prototype/qa-results/current-story-pass3/m3-0033-registration.png,189502,9c222cb7acf75a5faadd988ede92d7a92edc9caeee17a306eb0cbeca16c5ad0a
prototype/qa-results/current-story-pass3/m3-316-legacy-terminal-phone.png,1030435,5b6b69a4d380e47c281a3b3a31203147de63bbf4a8ef39226f67e0e3e8353fc7
prototype/qa-results/current-story-pass3/m3-er-nursing-station.png,988652,30e2bba078262757d7ee1e4bb56cf478f36b5ec4ce900555b78ee84355d3b3d4
prototype/qa-results/current-story-pass3/m4-guard-roster-clue.png,1390981,9670538e142ff098ae7e97867ece04fec9bfbedf3a027d5739dada150e51f8bc
prototype/qa-results/current-story-pass3/m4-ordinary-patient.png,1182721,7452b9023e38dc84ad8ba697e358361cf5da4a82df54c81393abc5f0b5adb4b7
prototype/qa-results/current-story-pass3/m4-transfer-form.png,334678,8945a72730bf0524511b122d31268f1831b663e9aa854302f9db1846a6a6b05a
prototype/qa-results/current-story-pass3/m5-bridge-close-annie.png,765615,17f3e5d16400e66a966e1e9192aff2eee79253ea916e1eaa62fbed0baad91847
prototype/qa-results/current-story-pass3/m5-outbound-bridge-baseline.png,759186,b5d42c2aa31c60124aa8cf8defd4383559ce32bd411bdd6248c23570f4a91aa3
prototype/qa-results/current-story-pass3/m5-return-bridge-annie.png,708745,3173aa73115eaa1942b27c9d796f6f1557e9beec06955ad39f38fc6d31c0769d
prototype/qa-results/current-story-pass3/m5-security-playback.png,270003,b472f95c78d888acf5aed09e6d1534f56432a00cd13f5cfcd355dc8c2da48a50
prototype/qa-results/current-story-pass3/m6-annie-cpr-close.png,1380198,28ad7f6c0727dc645fa726d16900f6db06dc207f72b921dc871ab9c58cfbdae5
prototype/qa-results/current-story-pass3/m6-annie-cpr-long.png,1342291,1e5fd822fa3e21668c93ccfca2376dfb1810066e67a7e151a0c51576829b3cdb
prototype/qa-results/current-story-pass3/m6-annie-cpr.png,1431562,608d7e02a3a88b9589f46e16a8e32a417606d64b53f881a36b7a40f0e45b7094
prototype/qa-results/current-story-pass3/m6-elevator-display-6.png,376868,aa986a330e49f76162f56b08350dcbfc7f1b37da5b0e2b3529d8614f8e1c7cd7
prototype/qa-results/current-story-pass3/m6-stethoscope-relic.png,1774629,6449bff5812b2bfbe56ce59c8221059f6a04373b7e2d63cd755b3f8624404090
prototype/qa-results/current-story-pass3/m7-1f-guard-post.png,1332860,50bdde6257b588406072684a6b5872fd8b44ebfd994960a4d42cade1ab039597
prototype/qa-results/current-story-pass3/m7-b-panel-concealed-door.png,871092,a91d100333f94714f28d279f3cea8f0a0c3556fcc5fa01d5ea686a709ab3fc8b
prototype/qa-results/current-story-pass3/m7-b2-mirror-316.png,988007,ee7c516558931ad3835303fd7fa66450fa05140f306c79e59cb4c799d3a2cbfe
prototype/qa-results/current-story-pass3/m9-dual-identity-form.png,200315,6ff6962cbe568b81186db11bbfc67a81cf3bf49164edadc79974f569c2936ba6
prototype/qa-results/current-story-pass3/m9-successful-dawn-ending.png,179481,b5ce746e3c36ddbdad2c7e968b0f8e5bee2572f2cadd3051a3088e04cf0d3ac4
prototype/qa-results/current-story-pass3/motion/m5-bridge-idle-1.png,708575,2fd5b60e8424deff436728ba6af76847fa8903cf1e11c061646a56f1e770c888
prototype/qa-results/current-story-pass3/motion/m5-bridge-idle-2.png,708749,9069e2dbfbfc7f52643b3b7f0c19dbca889b5780a1b4da8a838dc8721952d747
prototype/qa-results/current-story-pass3/motion/m5-bridge-idle-3.png,708786,c374d871f5d4d61c6267ed7dad8b6299ecfac4f0947e7227b9703490a133de1e
prototype/qa-results/current-story-pass3/motion/m6-cpr-press-1.png,1383867,0347f90474e64741b8938bf5d4bbd45b102a6084e64502c353e5c5597a720f25
prototype/qa-results/current-story-pass3/motion/m6-cpr-release.png,1376528,d38c156cb3e94a301c7eced7435e4374f60ef5c6abe7960f58783d9310c10fc1
prototype/qa-results/current-story-pass3/progress.json,24062,c9c7a5398633229ad250743a3c457b807ddd6af07ddfa2dbfe6365ca3749d8a7
prototype/qa-results/current-story-pass3/result.json,24122,00b0ac3b80a5b42d6c3ba372f93608990ca02656f2ae7ee88d63cff28d4e58dc
prototype/qa-results/current-story/functional/m1-handoff-identity-choice.png,133192,c3b8130e97d5a97b070748dfb5b08cae992026ec536956a41f94d8a6b3299933
prototype/qa-results/current-story/functional/m7-b-panel-e-prompt.png,852790,401551739e7f594c20c77db09fde2853fe1139b871c7425e227de8be87b5fd52
prototype/qa-results/current-story/functional/m7-guard-post-approach.png,1286610,8092a68200efc82d781b0fc8518e9517db721dc96f9adfad2c4112dafd7f851f
prototype/qa-results/current-story/m1-3f-admin-316.png,1076648,ce206774bf3b05ce0dad12df46fa3faa80dbedd29e33a356e510d71c19ccaf28
prototype/qa-results/current-story/m1-3f-storage-annie-static.png,1066704,2866a6f3e6cc3a04f0912ebdc4f3305148fadd2a403d88cb8e925e12a2474b12
prototype/qa-results/current-story/m1-annie-close-inspection.png,1018292,d5348abcdcc48f26b7b3f2e54751788da6bf02f9433372dbd5deea6317c4be7e
prototype/qa-results/current-story/m2-408c-bed.png,1231472,32bf530fa42151835efef9d76f47f7beadffdb36d3ecc2df0269139b81d61841
prototype/qa-results/current-story/m2-409-sealed.png,1111757,abe9fc56d4b143ffb364dc7b9731064ec82cab5f5aecbe28c509341cb669fc52
prototype/qa-results/current-story/m2-4f-duty-room.png,1207710,b014b357c8deb4656fd3cb956c2edc4771e5029576c0c4696515402d121f199d
prototype/qa-results/current-story/m2-4f-nursing-station.png,1347779,ac18c058a3d102c594da394c659201213e737dab054df13f4ce7c21edb41e46e
prototype/qa-results/current-story/m3-0033-registration.png,189502,9c222cb7acf75a5faadd988ede92d7a92edc9caeee17a306eb0cbeca16c5ad0a
prototype/qa-results/current-story/m3-316-legacy-terminal-phone.png,1030435,5b6b69a4d380e47c281a3b3a31203147de63bbf4a8ef39226f67e0e3e8353fc7
prototype/qa-results/current-story/m3-er-nursing-station.png,988652,30e2bba078262757d7ee1e4bb56cf478f36b5ec4ce900555b78ee84355d3b3d4
prototype/qa-results/current-story/m4-guard-roster-clue.png,1390981,9670538e142ff098ae7e97867ece04fec9bfbedf3a027d5739dada150e51f8bc
prototype/qa-results/current-story/m4-ordinary-patient.png,1182721,7452b9023e38dc84ad8ba697e358361cf5da4a82df54c81393abc5f0b5adb4b7
prototype/qa-results/current-story/m4-transfer-form.png,334678,8945a72730bf0524511b122d31268f1831b663e9aa854302f9db1846a6a6b05a
prototype/qa-results/current-story/m5-bridge-close-annie.png,765576,968c1ea7036878683e962293944edac4d9323912e3e7c39ba7e951efe3ffe8f9
prototype/qa-results/current-story/m5-outbound-bridge-baseline.png,759181,99d7bc3e71d73839e641fda3fbd1074ba91468b53da606fe5d1a3883789354c2
prototype/qa-results/current-story/m5-return-bridge-annie.png,708745,0c91253fa5a3e22fc1ea3d8917a1aa904c91e1e43087c0a59e11da67eee9ed95
prototype/qa-results/current-story/m5-security-playback.png,270003,b472f95c78d888acf5aed09e6d1534f56432a00cd13f5cfcd355dc8c2da48a50
prototype/qa-results/current-story/m6-annie-cpr-close.png,1376528,d38c156cb3e94a301c7eced7435e4374f60ef5c6abe7960f58783d9310c10fc1
prototype/qa-results/current-story/m6-annie-cpr-long.png,1342399,de7d87b93453c09561db6b74a490c59e6db174c2a94804c374531196780ae9cc
prototype/qa-results/current-story/m6-annie-cpr.png,1370971,7fa2aae961183655543f4b09bc42fcd08470a04c34032abb21f266e95c0601a8
prototype/qa-results/current-story/m6-elevator-display-6.png,376868,aa986a330e49f76162f56b08350dcbfc7f1b37da5b0e2b3529d8614f8e1c7cd7
prototype/qa-results/current-story/m6-stethoscope-relic.png,1774629,6449bff5812b2bfbe56ce59c8221059f6a04373b7e2d63cd755b3f8624404090
prototype/qa-results/current-story/m7-1f-guard-post.png,1332860,50bdde6257b588406072684a6b5872fd8b44ebfd994960a4d42cade1ab039597
prototype/qa-results/current-story/m7-b-panel-concealed-door.png,871092,a91d100333f94714f28d279f3cea8f0a0c3556fcc5fa01d5ea686a709ab3fc8b
prototype/qa-results/current-story/m7-b2-mirror-316.png,986123,66b768f4dd284f647b12dd44b3b8a72e5fa7b7708caba15d8caedd14012d7279
prototype/qa-results/current-story/m9-dual-identity-form.png,200315,6ff6962cbe568b81186db11bbfc67a81cf3bf49164edadc79974f569c2936ba6
prototype/qa-results/current-story/motion/m5-bridge-idle-1.png,708571,b1ba46c1830aabbe833b5a772fd877770ab39bae868c69a7f709ec620bdd9685
prototype/qa-results/current-story/motion/m5-bridge-idle-2.png,708571,1320b5092bf316c8331d164fa62eb6bdd884e02f73e3d0245bc9d25091df5ab7
prototype/qa-results/current-story/motion/m5-bridge-idle-3.png,708779,adf9e69a0a19af4b024c4ac8c1028d79de24dd1ab2fad85e0c76cc37da0cf72c
prototype/qa-results/current-story/motion/m6-cpr-press-1.png,1383867,0347f90474e64741b8938bf5d4bbd45b102a6084e64502c353e5c5597a720f25
prototype/qa-results/current-story/motion/m6-cpr-release.png,1376528,d38c156cb3e94a301c7eced7435e4374f60ef5c6abe7960f58783d9310c10fc1
prototype/qa-results/current-story/progress.json,23322,930a01a673a8fe468a32ff626ac6deccd36375541b56c32319d92ab2e6ef8f93
prototype/qa-results/current-story/result.json,35521,785efee12718cd3167f8af2af6b12f2ca2f3ff0d333119a96e02e48cbe4f667f
prototype/qa-results/distant-landscape-current/outbound-dusk.png,1408031,bc96e5d320341e84d8c84c32c6990e4913823031e97aa3f3f2983a42ff1e7fe7
prototype/qa-results/distant-landscape-current/predawn.png,1355410,db25613f3c7768fe0edfbeecbe4b362d2d90890503d6651013ba1189cd343606
prototype/qa-results/distant-landscape-current/return-deep-night.png,1341032,d4530086099dc568cb88ff33262071257567a3fcf32319cecdbdc99a374710fd
prototype/qa-results/distant-landscape-current2/outbound-dusk.png,1279503,bb5a03b3b9b780d0f46956bf7af2f4ce91b58b2b483788d77b81279396cb9aba
prototype/qa-results/distant-landscape-current2/predawn.png,1227310,5f11b918c3d46446bf88115c97ebfc386e9ceed8740dcc3c514363da5ebd63f8
prototype/qa-results/distant-landscape-current2/return-deep-night.png,1217421,8bf50d94976fd1f2855d84f0089f9b5aaf39397f860d47b693a8a13d914f2c26
prototype/qa-results/distant-landscape-diagnostic.png,702045,96f90d096dc55c91f763128b992ca68fd98abffca92a07303c2d0d8bd9903bcc
prototype/qa-results/distant-landscape-outbound.png,766548,96a1de24657306fc4fe9c29378748ca5eed25f6e3e6d4b46e066fb70fc29c480
prototype/qa-results/distant-landscape-pond-framing.png,745154,3886a72c73620f926faeb160d4a26f67492729e8eb47130dec695ebc57e29928
prototype/qa-results/distant-landscape-return-night.png,702635,f8a3133ea5ed3f2703d05675b1545bd28f928b3c495ef0f4d4c676d3fd6e8fa6
prototype/qa-results/exterior-fix-build.log,924,d744f66bbe4dfd3f3fc220cf38cb732979a851626ee2f68ef1869174758ceb74
prototype/qa-results/f3d63c0-build.log,924,7ed20e8782d1ccf7b01889fa74a7968129e841c30c3ec08b1031467b5484878d
prototype/qa-results/final-b2-fail-forward/01-attempt-consumed.png,83017,acd81b4237fc7c07b2a88bacd7ded4ef84b73ee746992a584e744f992529b42e
prototype/qa-results/final-b2-fail-forward/02-ending-cg.png,239014,ec35f7d8e0a5940ac00f16251c49ddb806eb0ef62b9aa665b5235e2881bd4689
prototype/qa-results/final-b2-fail-forward/result.json,1294,0668d062b05c7f07debd192e0ab5c5832399a1a56c473a9b1437ebe72cba349c
prototype/qa-results/final-bridge-horror/outbound.png,1072085,53712874cc529261027e3553ac2d50d6e15f979c6ca2827e62906a0640791e98
prototype/qa-results/final-bridge-horror/result.json,316,1984a5003a258eb86de67b15ad14cdfba2a2d44e222bd54b4e9b52a1e9dfa4cd
prototype/qa-results/final-bridge-horror/return-stage-1.png,1048976,addb4e69da67cf12f1ea523ed0bdc76fcf11a7aa2d951cceec3953744c0951f8
prototype/qa-results/final-bridge-horror/return-stage-3.png,1080759,de379e04809ac0be3ce5d0b5d7a2c355b63df3a037f7585b05c076465387fd7b
prototype/qa-results/final-cinematic-director.json,207,685b37874701da677510c0e35d414dd70e6207e8da2c658b03ba6d37af2f9dae
prototype/qa-results/final-cinematic-travel/00-33-registration-active.png,1242577,1757ae0a58ca0bfb8e0f70f1d280764a915bdd3411f9a08b9e4c7c9d74502ebf
prototype/qa-results/final-cinematic-travel/elevator-6f-active.png,1038848,8c59b9b6d52d5170567d1ca3e98f523e7ce2dbe6cc90e21ec5bb17d6764d15b1
prototype/qa-results/final-cinematic-travel/result.json,844,03a1d2865ec3464960d1cb27544e82f5b68e341e9047f8d9bf0fc35a14d38517
prototype/qa-results/first-frame-hotfix.log,0,e3b0c44298fc1c149afbf4c8996fb92427ae41e4649b934ca495991b7852b855
prototype/qa-results/first-frame-hotfix/cold-AFTER_5_SEC.png,849153,e9b636e8de692b9035ca0495fbb013b2d1f25c6bb8785058dff3190e94ae3666
prototype/qa-results/first-frame-hotfix/cold-FIRST_PLAYABLE_FRAME.png,861664,2c45f3f87f4fe8d72429eabcf9c22848846ed63875dbb903458f23f080dcf550
prototype/qa-results/first-frame-hotfix/result.json,48640,471166c8d862a1e655c02e057f44cb2c2657c5002d116ab4dea02bab41d840b6
prototype/qa-results/first-frame-hotfix/warm-AFTER_5_SEC.png,849153,e9b636e8de692b9035ca0495fbb013b2d1f25c6bb8785058dff3190e94ae3666
prototype/qa-results/first-frame-hotfix/warm-FIRST_PLAYABLE_FRAME.png,853610,2219047e22a6c8a146b4e1e01249db9e1be768408f2c81d466e07449850834d2
prototype/qa-results/identity-asset-audio-local.log,333,0c2427fc6416aa0d52682f1c14e8411aebe16332f543e24c4099653bd220ccde
prototype/qa-results/identity-asset-audio-local/er-identity.png,639237,d70a9ddbee8e0338ba64d77112b953d3650feac5379b24f6962d19729b446832
prototype/qa-results/identity-asset-audio-local/result.json,2204,c6d81d21550aeda424334ad302778a36a3d1fcc10578f32da3a408e5f00f71ee
prototype/qa-results/identity-build.log,924,27c14ddcb8f4a4ff888a2d9d92fbaa50a8647b4e3e25c83afc6ccc9778d7b39f
prototype/qa-results/identity-final-structural.json,1217,938bdee10fd16864a8706f9d5fc81d8cbaaa45e830f043cf2aec4540f67214e0
prototype/qa-results/identity-patch-expanded.log,304,f577f11fed4980b020ad4159ad900a72cdccb93fe742cb640bdc039a7c3b3d24
prototype/qa-results/identity-patch-expanded/er-identity.png,639237,d70a9ddbee8e0338ba64d77112b953d3650feac5379b24f6962d19729b446832
prototype/qa-results/identity-patch-expanded/result.json,2057,f0c8cc7697c3251fd0c4a11093ea472470296b565163d3308e0f4b6c6cae5ba7
prototype/qa-results/identity-patch-final.log,226,7d96081e5daf48815c41adbfb5c552659a9a8c97b1d7ecc2f14d0ae4c3191bb6
prototype/qa-results/identity-patch-final/er-identity.png,639237,d70a9ddbee8e0338ba64d77112b953d3650feac5379b24f6962d19729b446832
prototype/qa-results/identity-patch-final/result.json,1783,99543e3027f318a07a7474d63b16e43161b8f91eb2bf5a714d9407e68ff9d4ab
prototype/qa-results/identity-patch-local.log,226,7d96081e5daf48815c41adbfb5c552659a9a8c97b1d7ecc2f14d0ae4c3191bb6
prototype/qa-results/identity-patch-local/er-identity.png,639237,d70a9ddbee8e0338ba64d77112b953d3650feac5379b24f6962d19729b446832
prototype/qa-results/identity-patch-local/result.json,1783,99543e3027f318a07a7474d63b16e43161b8f91eb2bf5a714d9407e68ff9d4ab
prototype/qa-results/identity-public-ad13272.log,304,f577f11fed4980b020ad4159ad900a72cdccb93fe742cb640bdc039a7c3b3d24
prototype/qa-results/identity-public-ad13272/er-identity.png,624530,43041bcb3dcba70f2a39fa5f82d1625b15c83a1f222938b3ce57b7532e8765e7
prototype/qa-results/identity-public-ad13272/result.json,2057,f0c8cc7697c3251fd0c4a11093ea472470296b565163d3308e0f4b6c6cae5ba7
prototype/qa-results/identity-public-b5d41e1.log,304,f577f11fed4980b020ad4159ad900a72cdccb93fe742cb640bdc039a7c3b3d24
prototype/qa-results/identity-public-b5d41e1/er-identity.png,653172,80ce3be59bd92ca1fe60f07e7eddfe973dade6f1ca621738d6d2b8a16a39d783
prototype/qa-results/identity-public-b5d41e1/result.json,2281,e1609cb88040b894d9ab05f2bc026feda4ef9e1dd309d58beca357e887d2047c
prototype/qa-results/identity-public-f3d63c0.log,333,0c2427fc6416aa0d52682f1c14e8411aebe16332f543e24c4099653bd220ccde
prototype/qa-results/identity-public-f3d63c0/er-identity.png,624530,43041bcb3dcba70f2a39fa5f82d1625b15c83a1f222938b3ce57b7532e8765e7
prototype/qa-results/identity-public-f3d63c0/result.json,2384,b8b869756f297d2799c32283270bd966020a10c899f83229b3f8af418c62d7db
prototype/qa-results/identity-public-final.log,874,34983743daadd9791c83ab703f0c5ae94248dbba7cadba794bbf93f0f932e960
prototype/qa-results/identity-public-final/er-identity.png,624530,43041bcb3dcba70f2a39fa5f82d1625b15c83a1f222938b3ce57b7532e8765e7
prototype/qa-results/identity-public-final/result.json,2281,fefad4e63b1615c82bc36c22220173c7d63c13bb21054da1e59af55cc71b7c03
prototype/qa-results/identity-reentry-public-b5d41e1.log,333,0c2427fc6416aa0d52682f1c14e8411aebe16332f543e24c4099653bd220ccde
prototype/qa-results/identity-reentry-public-b5d41e1/er-identity.png,653172,80ce3be59bd92ca1fe60f07e7eddfe973dade6f1ca621738d6d2b8a16a39d783
prototype/qa-results/identity-reentry-public-b5d41e1/result.json,2384,de9e1c73bf287dc267236f3385f1f0a5117fc8bee3cfcf9adaa6bfbff344ed94
prototype/qa-results/identity-sign-build.log,924,bffdc705f13ac0e85f2a0b9ad151ffd7d38ea3c6af85538fab667f0883000957
prototype/qa-results/identity-sign-test.log,665,eb5e3badc5717a5f762b35526413859c49a0f532a649f4c2bd4950a9e0b0afa9
prototype/qa-results/identity-structural.json,27,584006969e88858c06f38b58a394331f65dd0437d4dd3e6e2342b26412e23ad0
prototype/qa-results/identity-visual-final.log,185,5e7c6150604ec299f198eba43946fe3f567c144b00579cd094f3adef4135f0ce
prototype/qa-results/identity-visual-final/408c-assessment.png,886400,d45476c2e06c36a874f6597dc0efe7e7eeb2c6f8af60f92bb771e8073895c24c
prototype/qa-results/identity-visual-final/annie-final.png,1001966,1da68b0110d6b4a1a7d649f18d4079774a908dc99d38aac7c82915b790caae4d
prototype/qa-results/identity-visual-final/annie-history.png,1091877,cce6944da4010057404be798a87343ef306831dc830beb05b5b580205c2e7f07
prototype/qa-results/identity-visual-final/annie-patrol.png,1165671,7bec4b2baaebda2a8aff6faf253a562659562b291c569485e475f57761430f86
prototype/qa-results/identity-visual-final/b2-fire-door.png,1079938,ac422bdabeaa06b0dc93b8fd6aa8d734de5503466a2a1dae3406e122d9cf2a0c
prototype/qa-results/identity-visual-final/capture-integrity.json,1596,6b91cc6389f7797370cb4812a6686382962927fcbd43f1e18406f72ca44784b6
prototype/qa-results/identity-visual-final/liu-identity.png,932177,505337436645d55c1bac0af9d405e891dd50aee7ba507d4a87d8ed91150e6309
prototype/qa-results/identity-visual-final/report-board.png,899080,87b6cdd8749b729a7fe3735ed2a14f5b39f3ea42684eba4d85ea5dfc532eb622
prototype/qa-results/identity-visual-final/result.json,335,319459a915e526d3475223d13c8187d5dee14b80b663857329b828835cc9dd7d
prototype/qa-results/identity-visual-final/roster-1.png,267131,9a54f43297051d29a2b83a3bac38c51642e67bceb083c7288559d623f6f458aa
prototype/qa-results/identity-visual-final/roster-2.png,250822,ebb848dca7f1d398ebaafa48f1a5c3675cb7f97e909c2246c4b8c822d94370b1
prototype/qa-results/identity-visual-final/roster-3.png,249707,41698ee28b485ca09795574bfacf6198771ea15b1a892d88fd8c1562fc634a05
prototype/qa-results/identity-visual-final/roster-4.png,256429,5bc9f44133afad48fcde6c9ec9c8e45ac82ef3c822e7cb2082a59cc115c0fa79
prototype/qa-results/identity-visual-final/roster-5.png,257128,e2d9c38d2d7e711afbd33fca67e6616b7e8dedb56ad7201f3dceb531aa62a9ba
prototype/qa-results/identity-visual-final/roster-6.png,258933,676b02bf37eeccf06fc4a1346d3f455ccd7f86e7461f8ef926f7c4803fd0ddbb
prototype/qa-results/identity-visual-final/roster-7.png,257483,05fb9be015a3551b0ad28719b17695cb2841b6b8781e9b3008f279def112c6af
prototype/qa-results/identity-visual-final/second2f-desk.png,1292399,5744a6660e70f412f51a7b405098187809ec349d6ca285098d2c5d17923d2b73
prototype/qa-results/identity-visual-final/second5f-sign.png,1130873,2a5ba848c417b3a5a072f88613ddca5d540f96e8a8db7eee6eb80661a6aff051
prototype/qa-results/identity-visual-local.log,185,5e7c6150604ec299f198eba43946fe3f567c144b00579cd094f3adef4135f0ce
prototype/qa-results/identity-visual-local/408c-assessment.png,883830,b6ed7785311d9f3ff3889157eb06d957c6b4268b5f1ddf3586a75e3c08408e39
prototype/qa-results/identity-visual-local/annie-final.png,1001966,1da68b0110d6b4a1a7d649f18d4079774a908dc99d38aac7c82915b790caae4d
prototype/qa-results/identity-visual-local/annie-history.png,1091877,cce6944da4010057404be798a87343ef306831dc830beb05b5b580205c2e7f07
prototype/qa-results/identity-visual-local/annie-patrol.png,1165671,7bec4b2baaebda2a8aff6faf253a562659562b291c569485e475f57761430f86
prototype/qa-results/identity-visual-local/b2-fire-door.png,1079938,ac422bdabeaa06b0dc93b8fd6aa8d734de5503466a2a1dae3406e122d9cf2a0c
prototype/qa-results/identity-visual-local/liu-identity.png,932832,12a8c6d5da1383c63b62342fe9060f8665c72ebb1bca496da2bce49d8193088d
prototype/qa-results/identity-visual-local/report-board.png,896545,dc3b8686beb2e2f4a70dcf26f3777a30b810ac1d7ea644e246062169dc6c3c7b
prototype/qa-results/identity-visual-local/result.json,335,319459a915e526d3475223d13c8187d5dee14b80b663857329b828835cc9dd7d
prototype/qa-results/identity-visual-local/roster-1.png,267131,9a54f43297051d29a2b83a3bac38c51642e67bceb083c7288559d623f6f458aa
prototype/qa-results/identity-visual-local/roster-2.png,250822,ebb848dca7f1d398ebaafa48f1a5c3675cb7f97e909c2246c4b8c822d94370b1
prototype/qa-results/identity-visual-local/roster-3.png,249707,41698ee28b485ca09795574bfacf6198771ea15b1a892d88fd8c1562fc634a05
prototype/qa-results/identity-visual-local/roster-4.png,256429,5bc9f44133afad48fcde6c9ec9c8e45ac82ef3c822e7cb2082a59cc115c0fa79
prototype/qa-results/identity-visual-local/roster-5.png,257128,e2d9c38d2d7e711afbd33fca67e6616b7e8dedb56ad7201f3dceb531aa62a9ba
prototype/qa-results/identity-visual-local/roster-6.png,258933,676b02bf37eeccf06fc4a1346d3f455ccd7f86e7461f8ef926f7c4803fd0ddbb
prototype/qa-results/identity-visual-local/roster-7.png,257483,05fb9be015a3551b0ad28719b17695cb2841b6b8781e9b3008f279def112c6af
prototype/qa-results/identity-visual-local/second2f-desk.png,1292399,5744a6660e70f412f51a7b405098187809ec349d6ca285098d2c5d17923d2b73
prototype/qa-results/identity-visual-local/second5f-sign.png,894823,7e18117f471e0884cef94ab2d21db16ff6d4328b695dbfa3f2f23da08689a0fa
prototype/qa-results/identity-visual-sign-fixed.log,185,5e7c6150604ec299f198eba43946fe3f567c144b00579cd094f3adef4135f0ce
prototype/qa-results/identity-visual-sign-fixed/408c-assessment.png,883830,b6ed7785311d9f3ff3889157eb06d957c6b4268b5f1ddf3586a75e3c08408e39
prototype/qa-results/identity-visual-sign-fixed/annie-final.png,1001966,1da68b0110d6b4a1a7d649f18d4079774a908dc99d38aac7c82915b790caae4d
prototype/qa-results/identity-visual-sign-fixed/annie-history.png,1091877,cce6944da4010057404be798a87343ef306831dc830beb05b5b580205c2e7f07
prototype/qa-results/identity-visual-sign-fixed/annie-patrol.png,1165671,7bec4b2baaebda2a8aff6faf253a562659562b291c569485e475f57761430f86
prototype/qa-results/identity-visual-sign-fixed/b2-fire-door.png,1079938,ac422bdabeaa06b0dc93b8fd6aa8d734de5503466a2a1dae3406e122d9cf2a0c
prototype/qa-results/identity-visual-sign-fixed/liu-identity.png,932177,505337436645d55c1bac0af9d405e891dd50aee7ba507d4a87d8ed91150e6309
prototype/qa-results/identity-visual-sign-fixed/report-board.png,896545,dc3b8686beb2e2f4a70dcf26f3777a30b810ac1d7ea644e246062169dc6c3c7b
prototype/qa-results/identity-visual-sign-fixed/result.json,335,319459a915e526d3475223d13c8187d5dee14b80b663857329b828835cc9dd7d
prototype/qa-results/identity-visual-sign-fixed/roster-1.png,267131,9a54f43297051d29a2b83a3bac38c51642e67bceb083c7288559d623f6f458aa
prototype/qa-results/identity-visual-sign-fixed/roster-2.png,250822,ebb848dca7f1d398ebaafa48f1a5c3675cb7f97e909c2246c4b8c822d94370b1
prototype/qa-results/identity-visual-sign-fixed/roster-3.png,249707,41698ee28b485ca09795574bfacf6198771ea15b1a892d88fd8c1562fc634a05
prototype/qa-results/identity-visual-sign-fixed/roster-4.png,256429,5bc9f44133afad48fcde6c9ec9c8e45ac82ef3c822e7cb2082a59cc115c0fa79
prototype/qa-results/identity-visual-sign-fixed/roster-5.png,257128,e2d9c38d2d7e711afbd33fca67e6616b7e8dedb56ad7201f3dceb531aa62a9ba
prototype/qa-results/identity-visual-sign-fixed/roster-6.png,258933,676b02bf37eeccf06fc4a1346d3f455ccd7f86e7461f8ef926f7c4803fd0ddbb
prototype/qa-results/identity-visual-sign-fixed/roster-7.png,257483,05fb9be015a3551b0ad28719b17695cb2841b6b8781e9b3008f279def112c6af
prototype/qa-results/identity-visual-sign-fixed/second2f-desk.png,1292399,5744a6660e70f412f51a7b405098187809ec349d6ca285098d2c5d17923d2b73
prototype/qa-results/identity-visual-sign-fixed/second5f-sign.png,1130873,2a5ba848c417b3a5a072f88613ddca5d540f96e8a8db7eee6eb80661a6aff051
prototype/qa-results/identity-visual-wrap.log,185,5e7c6150604ec299f198eba43946fe3f567c144b00579cd094f3adef4135f0ce
prototype/qa-results/identity-visual-wrap/408c-assessment.png,886400,d45476c2e06c36a874f6597dc0efe7e7eeb2c6f8af60f92bb771e8073895c24c
prototype/qa-results/identity-visual-wrap/annie-final.png,1001966,1da68b0110d6b4a1a7d649f18d4079774a908dc99d38aac7c82915b790caae4d
prototype/qa-results/identity-visual-wrap/annie-history.png,1091877,cce6944da4010057404be798a87343ef306831dc830beb05b5b580205c2e7f07
prototype/qa-results/identity-visual-wrap/annie-patrol.png,1165671,7bec4b2baaebda2a8aff6faf253a562659562b291c569485e475f57761430f86
prototype/qa-results/identity-visual-wrap/b2-fire-door.png,1079938,ac422bdabeaa06b0dc93b8fd6aa8d734de5503466a2a1dae3406e122d9cf2a0c
prototype/qa-results/identity-visual-wrap/liu-identity.png,932177,505337436645d55c1bac0af9d405e891dd50aee7ba507d4a87d8ed91150e6309
prototype/qa-results/identity-visual-wrap/report-board.png,899080,87b6cdd8749b729a7fe3735ed2a14f5b39f3ea42684eba4d85ea5dfc532eb622
prototype/qa-results/identity-visual-wrap/result.json,335,319459a915e526d3475223d13c8187d5dee14b80b663857329b828835cc9dd7d
prototype/qa-results/identity-visual-wrap/roster-1.png,267131,9a54f43297051d29a2b83a3bac38c51642e67bceb083c7288559d623f6f458aa
prototype/qa-results/identity-visual-wrap/roster-2.png,250822,ebb848dca7f1d398ebaafa48f1a5c3675cb7f97e909c2246c4b8c822d94370b1
prototype/qa-results/identity-visual-wrap/roster-3.png,249819,24119f45b46a7c7ecf186f64aa554267a205286bcaf29050af2793f13ce8b228
prototype/qa-results/identity-visual-wrap/roster-4.png,256348,24945fe41ba4acf0f468296267c271a0774d89ea35e29f844d77e8da8a245326
prototype/qa-results/identity-visual-wrap/roster-5.png,257493,f316e070ddff18960724f2769bafdee5e08e703f29b3bc48fa883d5ff8a36bc8
prototype/qa-results/identity-visual-wrap/roster-6.png,258933,676b02bf37eeccf06fc4a1346d3f455ccd7f86e7461f8ef926f7c4803fd0ddbb
prototype/qa-results/identity-visual-wrap/roster-7.png,257483,05fb9be015a3551b0ad28719b17695cb2841b6b8781e9b3008f279def112c6af
prototype/qa-results/identity-visual-wrap/second2f-desk.png,1292399,5744a6660e70f412f51a7b405098187809ec349d6ca285098d2c5d17923d2b73
prototype/qa-results/identity-visual-wrap/second5f-sign.png,980033,d7571209f6b2ee9c0b38c2d0cf09bd7fa553d3bbc824199c502698732c187f1d
prototype/qa-results/identity-wrap-build.log,924,96cba5442d4ec242887b77c4f1196313b06d33a0360e2a6d84bee98ce0bce672
prototype/qa-results/landscape-final/outbound-dusk.png,744300,4ba0308702eb8f29de7e07e9cf61def17b77a7d4bfc89e1ef82b3516059cef0a
prototype/qa-results/landscape-final/predawn.png,725337,fc8da77f8624c84343e5d294ebf2abd9e1bd3e6957e203ab2d1fc4a218e624e6
prototype/qa-results/landscape-final/result.json,6173,1d613b2c8fa2088266e703e96f03295d5dd06c890986babfecc96fc7bc24d33a
prototype/qa-results/landscape-final/return-deep-night.png,649775,7edba524e9daa99de899cb202fec253e5b75507aa7aab06d6cb509fd83167138
prototype/qa-results/landscape-grounded/outbound-dusk.png,812789,4876dc707fb58bd228e014bbc88b0e6f1873ec41a860b208d89b7594d80a4f87
prototype/qa-results/landscape-grounded/predawn.png,793909,5661e7e67156a126c0cd27cf4818b8bc93c16341f03987f53ef6cdbf7fba347b
prototype/qa-results/landscape-grounded/result.json,6151,8b0621355e31e01d751745a6ca7b12e44686a1ed632b0427e6582d0f69ccf010
prototype/qa-results/landscape-grounded/return-deep-night.png,705359,637703860964a5b59f34285dc7f944bdbf14247ede43f7d1781675bd302aa22b
prototype/qa-results/live-build.json,359,63cbe51212c08a94d6880233eaba3032c5366953096d3ae3c704434936200ed8
prototype/qa-results/loading-corrected-local.csv,1905,3af5d6456058834baea8a63428a638cc27cb78789178e1b4982ef3061379c7c6
prototype/qa-results/loading-corrected-local.json,5513,62cfc1e24bdda25ab2b52b06100e298ac8ee9ca447f79240c34bc26ab5e08a62
prototype/qa-results/loading-current.csv,1712,abc82c3a8b51e969b7e32385d1c414824755fa7df5654909439ca83b1d337122
prototype/qa-results/loading-current.json,5042,d6e6be6499e5bcce001bf2dd6cfc9ce259c389c15ac0869d1b3312e60160280c
prototype/qa-results/local-loading-after-bootstrap.csv,1786,52eca458f03e201518cfdf53cb2a2ce74780ec22c2d63fb898897238045be9ed
prototype/qa-results/local-loading-after-bootstrap.json,5095,8fbcd3034a1efb01d0739d750afb947aaf20a06436ad83f3ea373e6ea52ae3df
prototype/qa-results/material-asset-queue-local.json,92159,f23c34b5111bd1c16647649b6222bc0e046f631b57acfb97158cb2eb1652cabe
prototype/qa-results/material-asset-queue-local.log,38,d5b4b559cd0d5dc39f895374c41276fdfc0bbe6e9fcb822054d358d0ce46bc68
prototype/qa-results/material-background-priority.json,84154,84df55960372fd4d48490c3aa3cbf23024da3af335b5e4dec9ac8d3c50ddadf3
prototype/qa-results/material-loading-diagnostic.json,375669,530ceb929f26b1890f26d70caf56285fded06b510b0bf164c678d7f7fb914d66
prototype/qa-results/material-loading-diagnostic.log,0,e3b0c44298fc1c149afbf4c8996fb92427ae41e4649b934ca495991b7852b855
prototype/qa-results/material-public-282e8b3.json,9397,a37fde2736d33fab0e12bae8f4604344f27b6c34496391b55604eb83eb752cec
prototype/qa-results/material-public-282e8b3.log,301,e3609b44d7f966bbe1097865f205b2d0a0dc86570e736e527779133af9fa9fec
prototype/qa-results/material-public-8e1be87.json,9397,df1cdc9d43ee22fabb2ae1c5c8e2ae67e2eba6bca4b15021756a43b77575116d
prototype/qa-results/material-public-8e1be87.log,301,e3609b44d7f966bbe1097865f205b2d0a0dc86570e736e527779133af9fa9fec
prototype/qa-results/material-public-b5d41e1.json,84155,7bd44fb80d1dd8f8532cc80a0598304c6fa08ce41ecc389fed903e77c6bcc40c
prototype/qa-results/material-runtime-current.json,84132,6d16d2ae924d97da22799eb139c52940ff572366bd76829f7a93ae4999c50b05
prototype/qa-results/material-runtime-staged.json,84130,efd4355867a8a2827969b54b9d42951c07da19f1641e134fea41c0357daf0b71
prototype/qa-results/material-runtime.json,84130,efd4355867a8a2827969b54b9d42951c07da19f1641e134fea41c0357daf0b71
prototype/qa-results/merged-b2/01-attempt-consumed.png,94998,e173b29a6ae66b756248b18fdff60cdd9fb52d9d915045dbfa2e769cec303289
prototype/qa-results/merged-b2/02-ending-cg.png,219839,0ba9fda4935dbf1d3dace6238e6bb9bdb0957bf7518bfc04360a9ce57d4ddbdc
prototype/qa-results/merged-b2/result.json,1294,e261ae37e1ec44adb961d12e7e46b587296de9ce8bc22b6df22226136b1c4752
prototype/qa-results/merged-loading.csv,1751,9320ce1ce6e5f3071cd938694b66b24d8a12b3a84cea2c3f62968c7ad9a675af
prototype/qa-results/merged-loading.json,5081,79faaee98b60e8e8b0cffe203d9f48fe622d2372eaa2c4d1496daf4fe9965352
prototype/qa-results/merged-material.json,84132,74a01c34dffd970ac567e9db0bedfd68f994248d5c607e2022b669d7f63b5735
prototype/qa-results/merged-story/functional/m1-handoff-identity-choice.png,133192,c3b8130e97d5a97b070748dfb5b08cae992026ec536956a41f94d8a6b3299933
prototype/qa-results/merged-story/functional/m7-b-panel-e-prompt.png,852790,401551739e7f594c20c77db09fde2853fe1139b871c7425e227de8be87b5fd52
prototype/qa-results/merged-story/functional/m7-guard-post-approach.png,1286786,661ee1d11780256c82b9e539aef9daabe652417e600094a17df17f1e9dd3def2
prototype/qa-results/merged-story/m1-3f-admin-316.png,1050052,603edd29356bf0b1be810cdcdd5168621ad0cf22e50fce184fe0c2feac288871
prototype/qa-results/merged-story/m1-3f-storage-annie-static.png,1066704,2866a6f3e6cc3a04f0912ebdc4f3305148fadd2a403d88cb8e925e12a2474b12
prototype/qa-results/merged-story/m1-annie-close-inspection.png,1018292,d5348abcdcc48f26b7b3f2e54751788da6bf02f9433372dbd5deea6317c4be7e
prototype/qa-results/merged-story/m2-408c-bed.png,1231472,32bf530fa42151835efef9d76f47f7beadffdb36d3ecc2df0269139b81d61841
prototype/qa-results/merged-story/m2-409-sealed.png,1111757,abe9fc56d4b143ffb364dc7b9731064ec82cab5f5aecbe28c509341cb669fc52
prototype/qa-results/merged-story/m2-4f-duty-room.png,1207710,b014b357c8deb4656fd3cb956c2edc4771e5029576c0c4696515402d121f199d
prototype/qa-results/merged-story/m2-4f-nursing-station.png,1347779,ac18c058a3d102c594da394c659201213e737dab054df13f4ce7c21edb41e46e
prototype/qa-results/merged-story/m3-0033-registration.png,189502,9c222cb7acf75a5faadd988ede92d7a92edc9caeee17a306eb0cbeca16c5ad0a
prototype/qa-results/merged-story/m3-316-legacy-terminal-phone.png,984466,25ac0f5ef610ad4a7670fee3270cacb6b0784c6ff08b24368a85ad20652acc25
prototype/qa-results/merged-story/m3-er-nursing-station.png,988652,30e2bba078262757d7ee1e4bb56cf478f36b5ec4ce900555b78ee84355d3b3d4
prototype/qa-results/merged-story/m4-guard-roster-clue.png,1351427,c52fca09f787c48cee38e3f3a4f0d585edb636860d414e565d8067e6d218360f
prototype/qa-results/merged-story/m4-ordinary-patient.png,1182721,7452b9023e38dc84ad8ba697e358361cf5da4a82df54c81393abc5f0b5adb4b7
prototype/qa-results/merged-story/m4-transfer-form.png,327886,70554bcf9e2d6e61d389e2f9c21a8bc44304af8685cb5fbda59d300dfdd30f12
prototype/qa-results/merged-story/m5-bridge-close-annie.png,1315238,e0e02c02fd548e2d62fb5945ae54b91ebb0f14ba0c007dde8c974c9da72ac509
prototype/qa-results/merged-story/m5-outbound-bridge-baseline.png,1218986,5b61a8fd878879652455d1f8ecbe8056fcc3a58a8930af87e0135fea412b8e71
prototype/qa-results/merged-story/m5-return-bridge-annie.png,1211436,11fdea2aae85df7ef2424dd09912eba8857bbc000d5066fbc6104be836cd1822
prototype/qa-results/merged-story/m5-security-playback.png,273640,10723935e3354d2cc1517aaf70b6e44460ba99215758e2517d9cf4cc4fbdad74
prototype/qa-results/merged-story/m6-annie-cpr-close.png,1349665,89ff47fe9e17b0df33787e0e7bea1a5968975defdcb47bc4b303f7470fe296d9
prototype/qa-results/merged-story/m6-annie-cpr-long.png,1342876,cc5732d739fae5b4c9d5f4e4144e1d75850d05db92039f9d37441c40d402e1dc
prototype/qa-results/merged-story/m6-annie-cpr.png,1370458,d7a75d78a15365208f432d6b30e2331dd80f94a6edefad79158483db3730cc2a
prototype/qa-results/merged-story/m6-elevator-display-6.png,376868,aa986a330e49f76162f56b08350dcbfc7f1b37da5b0e2b3529d8614f8e1c7cd7
prototype/qa-results/merged-story/m6-stethoscope-relic.png,1774629,6449bff5812b2bfbe56ce59c8221059f6a04373b7e2d63cd755b3f8624404090
prototype/qa-results/merged-story/m7-1f-guard-post.png,1333275,342dd7da829d30bc98125922d9c9c2ad0fe1b32ffcc4d2c3c824971185fc11a1
prototype/qa-results/merged-story/m7-b-panel-concealed-door.png,873814,a5d09901b774c7161830c0cca980ab1941d5c550afc3ae3a2e46f682f8b800c0
prototype/qa-results/merged-story/m7-b2-mirror-316.png,967592,9c0aad0bf4d0b29ffc99fa9d3c67de9d4da7b7ff181bfa9b41dcc7396f0a58ed
prototype/qa-results/merged-story/m9-dual-identity-form.png,200315,6ff6962cbe568b81186db11bbfc67a81cf3bf49164edadc79974f569c2936ba6
prototype/qa-results/merged-story/m9-successful-dawn-ending.png,186858,6045b63b1f953b0700759396fd173cbf48ef9339d4359c6e2226371923cfd32b
prototype/qa-results/merged-story/motion/m5-bridge-idle-1.png,1211807,39274d9cb0291165223ebc04898fa02261a6ed4206c7b84d5f43716d8dea9dc3
prototype/qa-results/merged-story/motion/m5-bridge-idle-2.png,1211829,0e4d72764f60f90b5996b9a75fc05d698266eed3eed9cc7469f9d76b85302a4f
prototype/qa-results/merged-story/motion/m5-bridge-idle-3.png,1211835,6d9316d90785ac2e32fa879840d33d609fc0314d7b83ec8310565d2eb48d3dca
prototype/qa-results/merged-story/motion/m6-cpr-press-1.png,1383867,0347f90474e64741b8938bf5d4bbd45b102a6084e64502c353e5c5597a720f25
prototype/qa-results/merged-story/motion/m6-cpr-release.png,1376528,d38c156cb3e94a301c7eced7435e4374f60ef5c6abe7960f58783d9310c10fc1
prototype/qa-results/merged-story/progress.json,24068,4db20e2072b3ea8e23959a3bcd404f3a77489c4be6d04f3d1955cd1ab9a3f08d
prototype/qa-results/merged-story/result.json,24128,1b574135df4244ee521aa7c1c5c3ff145b986263896e612ad9673eb5adea14dc
prototype/qa-results/phone-fix-asset-budget.log,1817,9d2ff5e2853e8afc5fab1f03875c93db74199dad0a34737c505655e685bb42b5
prototype/qa-results/phone-fix-build.log,924,fc850b8ab468b23d188da542e2828c6743af9fa93b0f5ef79f7b2402a521c84e
prototype/qa-results/phone-fix-structural.json,5603,dfa6086e12ee50e29db2a88cc6024a3a182bc8a8aaa52fc6196187753938cc87
prototype/qa-results/public-8e1be87-loading.csv,1712,0189f242806176c07e296e65ea551e44636a96011aeb7306642cb5ea73057cb6
prototype/qa-results/public-8e1be87-loading.json,9015,6867cd63268600b558ff0d8d3b76dded5081f0c859c557ae63a77b5c36cc91cb
prototype/qa-results/public-8e1be87-loading.log,577,51df8988eeb9019a3b7951fad136866b6cdc3867ae692235e911c5e10fe57da4
prototype/qa-results/public-ab71489-loading.csv,1350,72ee53fe93071a02b19e8f522cac76527ff4dc96c02dff7d392a07dccfbaaa87
prototype/qa-results/public-ab71489-loading.json,7126,2f9c6c1422201803bce45d2c8f8c68a17bbb14ebc7a708daba667513cd4b9d30
prototype/qa-results/public-ab71489-material.json,84155,7245660c28eb5e80787cd6f76ec558f60d9b378767c78a65b9f7e20c97be041c
prototype/qa-results/public-loading-diagnostic.csv,593,e775c278be9cb8ba3516e8e267f87b972f25e57918c9146d4b228d677da9515a
prototype/qa-results/public-loading-diagnostic.json,2217,2bda0f614c146f184ca2b355d57ed21b26c0142a995dad45ebfdd46ab3d4c05e
prototype/qa-results/public-loading-diagnostic.log,603,e3f6d19a5b8102e4b7209f5b6d52688d41710cfcf00c8a00a61a640bf311c178
prototype/qa-results/public-material-diagnostic.json,11835,6f7a2df5c6cca3885d612f79b3f35906d4039e76cd28e6141050654ae452dfa2
prototype/qa-results/public-material-runtime-3694d7b.json,1575,861da83075a688dc520f3f7619fb9d74b580cae5c0346d6e255b4738b363bbad
prototype/qa-results/public-phone-material-b5d41e1.log,368,aa3956671a4ae26e1f2795fa619c0010d89eb01dbe8ba5dfa7a396dd828e8218
prototype/qa-results/registration-scene/after.png,1049009,0c8540afa81b05f7c62999706cb716360bb0234ff4b4305afe617f935e78135d
prototype/qa-results/registration-scene/before.png,1048332,1ed37482fbcc0f75a8e628591d597d0ffd620f2960dda995d3530e77d023f7c4
prototype/qa-results/registration-scene/result.json,311,33e9d0f44f0fe2033f07548d238793f3adff1c568f2da71d8b02a3ffdec17669
prototype/qa-results/registration-staged-screen/00-33-registration-active.png,1231361,8288a1039fcfa921cbe8debafe7d58e78a7054c276dbeab1a7de5829f0b3ba64
prototype/qa-results/registration-staged-screen/6f-preview-gap.png,284475,3c23c808fb71018d1668cd4bd2ec3bcfada69768144b06bcfd6bbe3dfec4efa6
prototype/qa-results/registration-staged-screen/elevator-6f-active.png,1040042,946678dc22ff73b7cd623e4e963df3033084d8c80560a23b13860b85dc2471fa
prototype/qa-results/registration-staged-screen/result.json,1040,40cf115695dcb8d2aa49f7fe303701cad9ebd4e8ec31f1d8e0852d268a7aa771
prototype/qa-results/registration-visible-trigger/00-33-registration-active.png,975811,acf02cd0bec283d935e51ca65594258e235b7dc6e8e91e0cee1d2c17a48efb64
prototype/qa-results/registration-visible-trigger/6f-preview-gap.png,284475,3c23c808fb71018d1668cd4bd2ec3bcfada69768144b06bcfd6bbe3dfec4efa6
prototype/qa-results/registration-visible-trigger/elevator-6f-active.png,1040886,9f9c340439da9338382807cd8fb8114f739e83838ac9c46661aee46b304dfcac
prototype/qa-results/registration-visible-trigger/result.json,1079,e47b9f9e41989469bfdd82b6cc3d55deaa09499c1e2d1ffca981d9123a2b80d5
prototype/qa-results/second-1f-exterior-fixed.log,68,ba515d3f3e6c4e0ef0b9d470ae56054785015e2ca0b344b05f1057d3fa4b3599
prototype/qa-results/second-1f-exterior-fixed/capture-manifest.json,1329,4c54bd0684b75e127f24fcacc11d7a8e211947828eca15c3f99dd9dd700cb9d2
prototype/qa-results/second-1f-exterior-fixed/m10_second_campus_1f_detail.png,817246,d82639948d778ddb51f6c34efb60f0cc409da270095bc9065dd79b4ccf52f158
prototype/qa-results/second-1f-exterior-fixed/m10_second_campus_1f_entrance.png,1038259,da8e4ffb78fb5f7cfe491827fafabff3ec61980700db8d4b78808f23dbd84dcc
prototype/qa-results/second-1f-exterior-fixed/m10_second_campus_1f_junction.png,849298,6e5afda72c0679f7e6e59b9ca3ed274bacdfa7c6534dc52d5ea42d7ee67d7b52
prototype/qa-results/second-1f-exterior-fixed/m10_second_campus_1f_mid.png,1078103,676748b4307407046b9c9722457540d3c318e2f4938669b0e2586f54bab155ea
prototype/qa-results/second-campus-cold-exterior.log,463,233d40993b45442123b87716a26209c4cd64f8e7d5f8f46b43b60d239efa0dc1
prototype/qa-results/second-campus-cold-exterior/cold-second-1f.png,1014033,1757ba6f58fa43c50d7ff6b6f85fd151af78322d0880b2956cdfa741e227e876
prototype/qa-results/second-campus-cold-exterior/result.json,8012,9d33e8cf74d3b8a5fe9e0b2e347214da95602c24301a472f3cc6e1b16e9703f1
prototype/qa-results/second-campus-cold-public-f3d63c0-retry.log,583,98af346f19b522796d58e848d0934de9d7143d7d9da84e49acf97354db4e4f2b
prototype/qa-results/second-campus-cold-public-f3d63c0-retry/cold-second-1f.png,1062082,c090f4a8894a837a08d66eb7c3934e483c5cec8a70cd7b24ae4e9410bf3aa8c6
prototype/qa-results/second-campus-cold-public-f3d63c0-retry/result.json,8180,b1a5f9767c3b0e5b6857ad606f63e58a7ae4af4fe8ed05a05140a3854438314c
prototype/qa-results/second-campus-cold-public-f3d63c0.log,409,8fd9a090617ce94c1d321ba362bb467b23a39901f9ef3b2206507bf9b460246a
prototype/qa-results/second-campus-cold-public-f3d63c0/result.json,553,d1519446b37e12bf9278e3898ae61c502b47d98d7038c2c3d8ae57e11e4bffac
prototype/qa-results/special-loading-current/b2_archive-cold.png,677021,3bdde0589081481b1dd552dbd375ae4b54d5f2abd3c932f50cd16e2a3335122f
prototype/qa-results/special-loading-current/b2_archive-warm.png,662001,84483b22fd5d4ff06f1d24fbdbf34a2d4e590a9169892ca0e53f210d400cd9ed
prototype/qa-results/special-loading-current/phantom_6f-cold.png,1199074,871d02350d66d4fead1778647243c2835f7720124608190e685bbdc5dac0700c
prototype/qa-results/special-loading-current/phantom_6f-warm.png,1171349,4c52a0faf83190ffdd83c9dac67a0eeeee22ce356fd7aabddccf28924beb168b
prototype/qa-results/special-loading-current/result.json,3879,b49dcde2e46b7128ca60d702bc9f3e2a0c9f4bd12cb21d278c5950cb28cbe425
prototype/qa-results/special-loading-current/skybridge-cold.png,1101026,701e5a63cb68a77eaa949b66e90fb796688a87263ae43eb7fa8e2e2bb84a228d
prototype/qa-results/special-loading-current/skybridge-warm.png,1101026,701e5a63cb68a77eaa949b66e90fb796688a87263ae43eb7fa8e2e2bb84a228d
prototype/qa-results/story-8e1be87-local.log,2064,1970362f07ca759a1aa96ce37a21efe5e9f00b160b21e0fbba097e674d4bd12c
prototype/qa-results/story-8e1be87-local/functional/m1-handoff-identity-choice.png,133192,c3b8130e97d5a97b070748dfb5b08cae992026ec536956a41f94d8a6b3299933
prototype/qa-results/story-8e1be87-local/m1-3f-admin-316.png,1085862,cd75d850f89b5c058a2307dab687659f809701e5eebdb85e170217c3a753d49a
prototype/qa-results/story-8e1be87-local/m1-3f-storage-annie-static.png,1066704,2866a6f3e6cc3a04f0912ebdc4f3305148fadd2a403d88cb8e925e12a2474b12
prototype/qa-results/story-8e1be87-local/m1-annie-close-inspection.png,1018292,d5348abcdcc48f26b7b3f2e54751788da6bf02f9433372dbd5deea6317c4be7e
prototype/qa-results/story-8e1be87-local/m2-408c-bed.png,1231472,32bf530fa42151835efef9d76f47f7beadffdb36d3ecc2df0269139b81d61841
prototype/qa-results/story-8e1be87-local/m2-409-sealed.png,1111757,abe9fc56d4b143ffb364dc7b9731064ec82cab5f5aecbe28c509341cb669fc52
prototype/qa-results/story-8e1be87-local/m2-4f-duty-room.png,1207710,b014b357c8deb4656fd3cb956c2edc4771e5029576c0c4696515402d121f199d
prototype/qa-results/story-8e1be87-local/m2-4f-nursing-station.png,1347779,ac18c058a3d102c594da394c659201213e737dab054df13f4ce7c21edb41e46e
prototype/qa-results/story-8e1be87-local/progress.json,5576,fdfcef765a05cdfef5310197004cda2fa210ef2f3a504664b1e9ebdeeef1c257
prototype/qa-results/story-8e1be87-local/result.json,14960,6279e5d8573cb0d571d1edab8f3434c2290cae8cb9f4d05fb7d655f715a7e18e
prototype/qa-results/story-8e1be87-public.log,8230,f3482582c9ac0a2ea512cd61272e6ca2708510c56aa3915757626ce69dee2160
prototype/qa-results/story-8e1be87-public/functional/m1-handoff-identity-choice.png,133192,c3b8130e97d5a97b070748dfb5b08cae992026ec536956a41f94d8a6b3299933
prototype/qa-results/story-8e1be87-public/functional/m7-b-panel-e-prompt.png,851724,f5e47d28f39eef110e035b462ed3704da408fa0a784ca715faa6768dbd84c755
prototype/qa-results/story-8e1be87-public/functional/m7-guard-post-approach.png,1287088,a8cee8b625d9317470a1f77d5fb3fde953f040db31cba5f29185bee66d15ec18
prototype/qa-results/story-8e1be87-public/m1-3f-admin-316.png,1085862,cd75d850f89b5c058a2307dab687659f809701e5eebdb85e170217c3a753d49a
prototype/qa-results/story-8e1be87-public/m1-3f-storage-annie-static.png,1066704,2866a6f3e6cc3a04f0912ebdc4f3305148fadd2a403d88cb8e925e12a2474b12
prototype/qa-results/story-8e1be87-public/m1-annie-close-inspection.png,1018583,4296e75fe14bcbbdab2a1e6148c3fca5d00b50801baaf90e28305ce41cc158ca
prototype/qa-results/story-8e1be87-public/m2-408c-bed.png,1231472,32bf530fa42151835efef9d76f47f7beadffdb36d3ecc2df0269139b81d61841
prototype/qa-results/story-8e1be87-public/m2-409-sealed.png,1111757,abe9fc56d4b143ffb364dc7b9731064ec82cab5f5aecbe28c509341cb669fc52
prototype/qa-results/story-8e1be87-public/m2-4f-duty-room.png,1207710,b014b357c8deb4656fd3cb956c2edc4771e5029576c0c4696515402d121f199d
prototype/qa-results/story-8e1be87-public/m2-4f-nursing-station.png,1347779,ac18c058a3d102c594da394c659201213e737dab054df13f4ce7c21edb41e46e
prototype/qa-results/story-8e1be87-public/m3-0033-registration.png,189067,935a7d55a34b4a0bc37771eaa685c850c665bd8d390391218f11648227984bb8
prototype/qa-results/story-8e1be87-public/m3-316-legacy-terminal-phone.png,984466,25ac0f5ef610ad4a7670fee3270cacb6b0784c6ff08b24368a85ad20652acc25
prototype/qa-results/story-8e1be87-public/m3-er-nursing-station.png,988677,a832a6ab9507915e3727b496f8a6e62b6b74bb33fd55ff04b56420ddbc85bedc
prototype/qa-results/story-8e1be87-public/m4-guard-roster-clue.png,1390981,9670538e142ff098ae7e97867ece04fec9bfbedf3a027d5739dada150e51f8bc
prototype/qa-results/story-8e1be87-public/m4-ordinary-patient.png,1182721,7452b9023e38dc84ad8ba697e358361cf5da4a82df54c81393abc5f0b5adb4b7
prototype/qa-results/story-8e1be87-public/m4-transfer-form.png,334678,8945a72730bf0524511b122d31268f1831b663e9aa854302f9db1846a6a6b05a
prototype/qa-results/story-8e1be87-public/m5-bridge-close-annie.png,1280499,2a564df8eb7ed2ec481cc163b7fe32ab07d477007b46ee209994d44b93e69a9c
prototype/qa-results/story-8e1be87-public/m5-outbound-bridge-baseline.png,1175911,3e21e37e0fb0cf56005c6c2507041a04201597cdda68389b027ca11731b22474
prototype/qa-results/story-8e1be87-public/m5-return-bridge-annie.png,1196801,b2f43f466599dc056067434deab3f3d98127af147e7b487def9b89577b0c5457
prototype/qa-results/story-8e1be87-public/m5-security-playback.png,273640,10723935e3354d2cc1517aaf70b6e44460ba99215758e2517d9cf4cc4fbdad74
prototype/qa-results/story-8e1be87-public/m6-annie-cpr-close.png,1349665,89ff47fe9e17b0df33787e0e7bea1a5968975defdcb47bc4b303f7470fe296d9
prototype/qa-results/story-8e1be87-public/m6-annie-cpr-long.png,1342558,f4616e332449b3f9946c52d36ad85bef8fd10c8446621873a15976270d02baee
prototype/qa-results/story-8e1be87-public/m6-annie-cpr.png,1369973,2bbf51f12ca3676ff02d2ebc241a4e3137fc276dd2f6a373d2e9f187b02934a4
prototype/qa-results/story-8e1be87-public/m6-elevator-display-6.png,376868,aa986a330e49f76162f56b08350dcbfc7f1b37da5b0e2b3529d8614f8e1c7cd7
prototype/qa-results/story-8e1be87-public/m6-stethoscope-relic.png,1774629,6449bff5812b2bfbe56ce59c8221059f6a04373b7e2d63cd755b3f8624404090
prototype/qa-results/story-8e1be87-public/m7-1f-guard-post.png,1333450,4f8edf328b85771ebcff7a6ebd0d828803cbe78cf538698778e92eeb16b9061b
prototype/qa-results/story-8e1be87-public/m7-b-panel-concealed-door.png,879423,672376f2031094c2a01dd6aea4cc6d2cf832724b84e011d294740aa1298ea8a3
prototype/qa-results/story-8e1be87-public/m7-b2-mirror-316.png,967592,9c0aad0bf4d0b29ffc99fa9d3c67de9d4da7b7ff181bfa9b41dcc7396f0a58ed
prototype/qa-results/story-8e1be87-public/m9-dual-identity-form.png,200334,a6bd442292779ac510d97f0523e816dea691ed231b477e2ddfa6adfad8d40764
prototype/qa-results/story-8e1be87-public/m9-successful-dawn-ending.png,186839,ff840ffbe59f94cfba2dc56745a149e1344bd9d6a728c3d9f64c05ae758ceaab
prototype/qa-results/story-8e1be87-public/motion/m5-bridge-idle-1.png,1196843,a78e5579b4e0ebbb84f958e87113ac12ab929d5ffdce8032b023ec087049e74b
prototype/qa-results/story-8e1be87-public/motion/m5-bridge-idle-2.png,1196845,b2e20a570c0545621a1986969363af658f2113bdc3023f70612d8299c6b9f3fe
prototype/qa-results/story-8e1be87-public/motion/m5-bridge-idle-3.png,1196883,bc1c03f3bd76bb3c0903fccc597ff948f79c10943e5c06e7a27ad26ece3f456e
prototype/qa-results/story-8e1be87-public/motion/m6-cpr-press-1.png,1383867,0347f90474e64741b8938bf5d4bbd45b102a6084e64502c353e5c5597a720f25
prototype/qa-results/story-8e1be87-public/motion/m6-cpr-release.png,1376528,d38c156cb3e94a301c7eced7435e4374f60ef5c6abe7960f58783d9310c10fc1
prototype/qa-results/story-8e1be87-public/progress.json,25395,dd6aea39b2db448dc49a92f7e62b77cf5256cdbe776b340ed0dd28c4ce28af06
prototype/qa-results/story-8e1be87-public/result.json,39030,0324caf11f74f4bd74ba8ff532bcfeb41cd944f90fe97366978020416b1f4699
prototype/qa-results/story-8e1be87-timing.log,6810,84bf943848e200844902ac48ce93110e2c6affbd77decd4fa8c4d767369c6c8f
prototype/qa-results/story-8e1be87-timing/functional/m1-handoff-identity-choice.png,133192,c3b8130e97d5a97b070748dfb5b08cae992026ec536956a41f94d8a6b3299933
prototype/qa-results/story-8e1be87-timing/functional/m7-b-panel-e-prompt.png,852843,de703c105ed9689b5ac2d0443e22d32e7a6a96afdfe083ad0312bedabe0b89d7
prototype/qa-results/story-8e1be87-timing/functional/m7-guard-post-approach.png,1287088,a8cee8b625d9317470a1f77d5fb3fde953f040db31cba5f29185bee66d15ec18
prototype/qa-results/story-8e1be87-timing/m1-3f-admin-316.png,1085862,cd75d850f89b5c058a2307dab687659f809701e5eebdb85e170217c3a753d49a
prototype/qa-results/story-8e1be87-timing/m1-3f-storage-annie-static.png,1066704,2866a6f3e6cc3a04f0912ebdc4f3305148fadd2a403d88cb8e925e12a2474b12
prototype/qa-results/story-8e1be87-timing/m1-annie-close-inspection.png,1018292,d5348abcdcc48f26b7b3f2e54751788da6bf02f9433372dbd5deea6317c4be7e
prototype/qa-results/story-8e1be87-timing/m2-408c-bed.png,1231472,32bf530fa42151835efef9d76f47f7beadffdb36d3ecc2df0269139b81d61841
prototype/qa-results/story-8e1be87-timing/m2-409-sealed.png,1111757,abe9fc56d4b143ffb364dc7b9731064ec82cab5f5aecbe28c509341cb669fc52
prototype/qa-results/story-8e1be87-timing/m2-4f-duty-room.png,1207710,b014b357c8deb4656fd3cb956c2edc4771e5029576c0c4696515402d121f199d
prototype/qa-results/story-8e1be87-timing/m2-4f-nursing-station.png,1347779,ac18c058a3d102c594da394c659201213e737dab054df13f4ce7c21edb41e46e
prototype/qa-results/story-8e1be87-timing/m3-0033-registration.png,189067,935a7d55a34b4a0bc37771eaa685c850c665bd8d390391218f11648227984bb8
prototype/qa-results/story-8e1be87-timing/m3-316-legacy-terminal-phone.png,984466,25ac0f5ef610ad4a7670fee3270cacb6b0784c6ff08b24368a85ad20652acc25
prototype/qa-results/story-8e1be87-timing/m3-er-nursing-station.png,988677,a832a6ab9507915e3727b496f8a6e62b6b74bb33fd55ff04b56420ddbc85bedc
prototype/qa-results/story-8e1be87-timing/m4-guard-roster-clue.png,1351427,c52fca09f787c48cee38e3f3a4f0d585edb636860d414e565d8067e6d218360f
prototype/qa-results/story-8e1be87-timing/m4-ordinary-patient.png,1182721,7452b9023e38dc84ad8ba697e358361cf5da4a82df54c81393abc5f0b5adb4b7
prototype/qa-results/story-8e1be87-timing/m4-transfer-form.png,334678,8945a72730bf0524511b122d31268f1831b663e9aa854302f9db1846a6a6b05a
prototype/qa-results/story-8e1be87-timing/m5-bridge-close-annie.png,1287923,9905dbab16f7b38b08f72150eaeb0e3d37854e279dbe054f05d8696342f496be
prototype/qa-results/story-8e1be87-timing/m5-outbound-bridge-baseline.png,1180704,0cdfe49cc1462cbc3be5acd657ed9d0958dc92ac922a497964a25f63e9207c5e
prototype/qa-results/story-8e1be87-timing/m5-return-bridge-annie.png,1198174,a36d6ed983595678ac99701ac9523fb194c84147fcb8d701c3d17c85c98f515e
prototype/qa-results/story-8e1be87-timing/m5-security-playback.png,273640,10723935e3354d2cc1517aaf70b6e44460ba99215758e2517d9cf4cc4fbdad74
prototype/qa-results/story-8e1be87-timing/m6-annie-cpr-close.png,1376528,d38c156cb3e94a301c7eced7435e4374f60ef5c6abe7960f58783d9310c10fc1
prototype/qa-results/story-8e1be87-timing/m6-annie-cpr-long.png,1342876,cc5732d739fae5b4c9d5f4e4144e1d75850d05db92039f9d37441c40d402e1dc
prototype/qa-results/story-8e1be87-timing/m6-annie-cpr.png,1370458,d7a75d78a15365208f432d6b30e2331dd80f94a6edefad79158483db3730cc2a
prototype/qa-results/story-8e1be87-timing/m6-elevator-display-6.png,376868,aa986a330e49f76162f56b08350dcbfc7f1b37da5b0e2b3529d8614f8e1c7cd7
prototype/qa-results/story-8e1be87-timing/m6-stethoscope-relic.png,1774629,6449bff5812b2bfbe56ce59c8221059f6a04373b7e2d63cd755b3f8624404090
prototype/qa-results/story-8e1be87-timing/m7-1f-guard-post.png,1333450,4f8edf328b85771ebcff7a6ebd0d828803cbe78cf538698778e92eeb16b9061b
prototype/qa-results/story-8e1be87-timing/m7-b-panel-concealed-door.png,879423,672376f2031094c2a01dd6aea4cc6d2cf832724b84e011d294740aa1298ea8a3
prototype/qa-results/story-8e1be87-timing/m7-b2-mirror-316.png,986122,ef9e0ac7e948216f51cd7d17bf13076e13933dfcf7b99e40a709b5a13a9e924b
prototype/qa-results/story-8e1be87-timing/m9-dual-identity-form.png,200315,6ff6962cbe568b81186db11bbfc67a81cf3bf49164edadc79974f569c2936ba6
prototype/qa-results/story-8e1be87-timing/m9-successful-dawn-ending.png,186858,6045b63b1f953b0700759396fd173cbf48ef9339d4359c6e2226371923cfd32b
prototype/qa-results/story-8e1be87-timing/motion/m5-bridge-idle-1.png,1197970,09a8c4553c7be7d7fa1b6f7bcb082e21579901554fab0b078bf2b67652dcb480
prototype/qa-results/story-8e1be87-timing/motion/m5-bridge-idle-2.png,1197990,e45838c87933ca00e6e43af09406e025dd1ba94ca0250b50c8b6bfc4d08eb3d5
prototype/qa-results/story-8e1be87-timing/motion/m5-bridge-idle-3.png,1197867,8628329b0d91ca6d252ea4e35df9d619b5542d5790bd5b1bcf24679b64ca4ae4
prototype/qa-results/story-8e1be87-timing/motion/m6-cpr-press-1.png,1383867,0347f90474e64741b8938bf5d4bbd45b102a6084e64502c353e5c5597a720f25
prototype/qa-results/story-8e1be87-timing/motion/m6-cpr-release.png,1376528,d38c156cb3e94a301c7eced7435e4374f60ef5c6abe7960f58783d9310c10fc1
prototype/qa-results/story-8e1be87-timing/progress.json,24089,9002a4b55be135177609d91c631811aaff681635bd8c460968303432fa442474
prototype/qa-results/story-8e1be87-timing/result.json,24149,dd1c178d9925290bb27370839fa29fbc49357a1cf5f8358d327fc11a3bf39184
prototype/qa-results/story-f3d63c0-local.log,6811,9938cb386cfea6fee61e2851f5c1618dab1ac73eb7aa5b417c786aafa02f5926
prototype/qa-results/story-f3d63c0-local/functional/m1-handoff-identity-choice.png,133192,c3b8130e97d5a97b070748dfb5b08cae992026ec536956a41f94d8a6b3299933
prototype/qa-results/story-f3d63c0-local/functional/m7-b-panel-e-prompt.png,852843,de703c105ed9689b5ac2d0443e22d32e7a6a96afdfe083ad0312bedabe0b89d7
prototype/qa-results/story-f3d63c0-local/functional/m7-guard-post-approach.png,1287088,a8cee8b625d9317470a1f77d5fb3fde953f040db31cba5f29185bee66d15ec18
prototype/qa-results/story-f3d63c0-local/m1-3f-admin-316.png,1085862,cd75d850f89b5c058a2307dab687659f809701e5eebdb85e170217c3a753d49a
prototype/qa-results/story-f3d63c0-local/m1-3f-storage-annie-static.png,1066704,2866a6f3e6cc3a04f0912ebdc4f3305148fadd2a403d88cb8e925e12a2474b12
prototype/qa-results/story-f3d63c0-local/m1-annie-close-inspection.png,1018292,d5348abcdcc48f26b7b3f2e54751788da6bf02f9433372dbd5deea6317c4be7e
prototype/qa-results/story-f3d63c0-local/m2-408c-bed.png,1231472,32bf530fa42151835efef9d76f47f7beadffdb36d3ecc2df0269139b81d61841
prototype/qa-results/story-f3d63c0-local/m2-409-sealed.png,1111757,abe9fc56d4b143ffb364dc7b9731064ec82cab5f5aecbe28c509341cb669fc52
prototype/qa-results/story-f3d63c0-local/m2-4f-duty-room.png,1207710,b014b357c8deb4656fd3cb956c2edc4771e5029576c0c4696515402d121f199d
prototype/qa-results/story-f3d63c0-local/m2-4f-nursing-station.png,1347779,ac18c058a3d102c594da394c659201213e737dab054df13f4ce7c21edb41e46e
prototype/qa-results/story-f3d63c0-local/m3-0033-registration.png,189067,935a7d55a34b4a0bc37771eaa685c850c665bd8d390391218f11648227984bb8
prototype/qa-results/story-f3d63c0-local/m3-316-legacy-terminal-phone.png,973805,1eade322b89df07ddddb3530644a8ddb2d5a902bbb27f37e5de9969586a9b4c9
prototype/qa-results/story-f3d63c0-local/m3-er-nursing-station.png,988677,a832a6ab9507915e3727b496f8a6e62b6b74bb33fd55ff04b56420ddbc85bedc
prototype/qa-results/story-f3d63c0-local/m4-guard-roster-clue.png,1390981,9670538e142ff098ae7e97867ece04fec9bfbedf3a027d5739dada150e51f8bc
prototype/qa-results/story-f3d63c0-local/m4-ordinary-patient.png,1182721,7452b9023e38dc84ad8ba697e358361cf5da4a82df54c81393abc5f0b5adb4b7
prototype/qa-results/story-f3d63c0-local/m4-transfer-form.png,334186,5243dcb87324210e1649c15c62fe99666218fe26742857acca36f1a1b62f65d8
prototype/qa-results/story-f3d63c0-local/m5-bridge-close-annie.png,1287584,fb3404d6c9ca056fe0d3ee9b98589e5f3f0f628489584b3ea6ccee26280837e3
prototype/qa-results/story-f3d63c0-local/m5-outbound-bridge-baseline.png,1180704,0cdfe49cc1462cbc3be5acd657ed9d0958dc92ac922a497964a25f63e9207c5e
prototype/qa-results/story-f3d63c0-local/m5-return-bridge-annie.png,1198059,ce17fce97221dc43d703e5b93d92e091af398ee9444df9ba91fd9483147f36de
prototype/qa-results/story-f3d63c0-local/m5-security-playback.png,273640,10723935e3354d2cc1517aaf70b6e44460ba99215758e2517d9cf4cc4fbdad74
prototype/qa-results/story-f3d63c0-local/m6-annie-cpr-close.png,1376528,d38c156cb3e94a301c7eced7435e4374f60ef5c6abe7960f58783d9310c10fc1
prototype/qa-results/story-f3d63c0-local/m6-annie-cpr-long.png,1342558,f4616e332449b3f9946c52d36ad85bef8fd10c8446621873a15976270d02baee
prototype/qa-results/story-f3d63c0-local/m6-annie-cpr.png,1369973,2bbf51f12ca3676ff02d2ebc241a4e3137fc276dd2f6a373d2e9f187b02934a4
prototype/qa-results/story-f3d63c0-local/m6-elevator-display-6.png,376868,aa986a330e49f76162f56b08350dcbfc7f1b37da5b0e2b3529d8614f8e1c7cd7
prototype/qa-results/story-f3d63c0-local/m6-stethoscope-relic.png,1774629,6449bff5812b2bfbe56ce59c8221059f6a04373b7e2d63cd755b3f8624404090
prototype/qa-results/story-f3d63c0-local/m7-1f-guard-post.png,1333450,4f8edf328b85771ebcff7a6ebd0d828803cbe78cf538698778e92eeb16b9061b
prototype/qa-results/story-f3d63c0-local/m7-b-panel-concealed-door.png,879423,672376f2031094c2a01dd6aea4cc6d2cf832724b84e011d294740aa1298ea8a3
prototype/qa-results/story-f3d63c0-local/m7-b2-mirror-316.png,988007,ee7c516558931ad3835303fd7fa66450fa05140f306c79e59cb4c799d3a2cbfe
prototype/qa-results/story-f3d63c0-local/m9-dual-identity-form.png,200281,eaf0c9d2b422c7d5adf04d38d814b04d0032ac826d7ab7c37879b8de6d4e958c
prototype/qa-results/story-f3d63c0-local/m9-successful-dawn-ending.png,186843,15b986b10794adddbca534246b7b73ee4d39ccd536248e14eea21e60b0e631c1
prototype/qa-results/story-f3d63c0-local/motion/m5-bridge-idle-1.png,1197986,d2b26178ad91c7e926cad0b71e130b92fa1e17cf331df6b3d1d453e899e172ff
prototype/qa-results/story-f3d63c0-local/motion/m5-bridge-idle-2.png,1198051,f7d47ed45004afebb55e5add87f7bbfae5683686bb598c17c36cc5f9239b161a
prototype/qa-results/story-f3d63c0-local/motion/m5-bridge-idle-3.png,1198019,705cb9644b1a35a06f0bdf1acc3327ef0e89d820b483cb57dfd780d37974b525
prototype/qa-results/story-f3d63c0-local/motion/m6-cpr-press-1.png,1383867,0347f90474e64741b8938bf5d4bbd45b102a6084e64502c353e5c5597a720f25
prototype/qa-results/story-f3d63c0-local/motion/m6-cpr-release.png,1376528,d38c156cb3e94a301c7eced7435e4374f60ef5c6abe7960f58783d9310c10fc1
prototype/qa-results/story-f3d63c0-local/progress.json,24058,6ab396634c081b62c4dd55bc9a161ed3bc5d099296d22289c4cec856e4134508
prototype/qa-results/story-f3d63c0-local/result.json,24118,5f515cf3cc8e488d00342170e8a36cfb092dbd92611090d0c09ccd9394fb9fc7
prototype/qa-results/story-f3d63c0-public.log,7255,1de9f24aec9de25b8d06de3808b8b3239f14c694228473d84e51ab7cb65e6cd8
prototype/qa-results/story-f3d63c0-public/functional/m1-handoff-identity-choice.png,133192,c3b8130e97d5a97b070748dfb5b08cae992026ec536956a41f94d8a6b3299933
prototype/qa-results/story-f3d63c0-public/functional/m7-b-panel-e-prompt.png,852843,de703c105ed9689b5ac2d0443e22d32e7a6a96afdfe083ad0312bedabe0b89d7
prototype/qa-results/story-f3d63c0-public/functional/m7-guard-post-approach.png,1287088,a8cee8b625d9317470a1f77d5fb3fde953f040db31cba5f29185bee66d15ec18
prototype/qa-results/story-f3d63c0-public/m1-3f-admin-316.png,1085862,cd75d850f89b5c058a2307dab687659f809701e5eebdb85e170217c3a753d49a
prototype/qa-results/story-f3d63c0-public/m1-3f-storage-annie-static.png,1066704,2866a6f3e6cc3a04f0912ebdc4f3305148fadd2a403d88cb8e925e12a2474b12
prototype/qa-results/story-f3d63c0-public/m1-annie-close-inspection.png,1018292,d5348abcdcc48f26b7b3f2e54751788da6bf02f9433372dbd5deea6317c4be7e
prototype/qa-results/story-f3d63c0-public/m2-408c-bed.png,1231472,32bf530fa42151835efef9d76f47f7beadffdb36d3ecc2df0269139b81d61841
prototype/qa-results/story-f3d63c0-public/m2-409-sealed.png,1111757,abe9fc56d4b143ffb364dc7b9731064ec82cab5f5aecbe28c509341cb669fc52
prototype/qa-results/story-f3d63c0-public/m2-4f-duty-room.png,1207710,b014b357c8deb4656fd3cb956c2edc4771e5029576c0c4696515402d121f199d
prototype/qa-results/story-f3d63c0-public/m2-4f-nursing-station.png,1347779,ac18c058a3d102c594da394c659201213e737dab054df13f4ce7c21edb41e46e
prototype/qa-results/story-f3d63c0-public/m3-0033-registration.png,189067,935a7d55a34b4a0bc37771eaa685c850c665bd8d390391218f11648227984bb8
prototype/qa-results/story-f3d63c0-public/m3-316-legacy-terminal-phone.png,973805,1eade322b89df07ddddb3530644a8ddb2d5a902bbb27f37e5de9969586a9b4c9
prototype/qa-results/story-f3d63c0-public/m3-er-nursing-station.png,988677,a832a6ab9507915e3727b496f8a6e62b6b74bb33fd55ff04b56420ddbc85bedc
prototype/qa-results/story-f3d63c0-public/m4-guard-roster-clue.png,1390981,9670538e142ff098ae7e97867ece04fec9bfbedf3a027d5739dada150e51f8bc
prototype/qa-results/story-f3d63c0-public/m4-ordinary-patient.png,1182721,7452b9023e38dc84ad8ba697e358361cf5da4a82df54c81393abc5f0b5adb4b7
prototype/qa-results/story-f3d63c0-public/m4-transfer-form.png,334186,5243dcb87324210e1649c15c62fe99666218fe26742857acca36f1a1b62f65d8
prototype/qa-results/story-f3d63c0-public/m5-bridge-close-annie.png,1279799,a42da1952ea234d8c0797d3da2fd59370c8c92e04562bde20327e6753472f094
prototype/qa-results/story-f3d63c0-public/m5-outbound-bridge-baseline.png,1175911,3e21e37e0fb0cf56005c6c2507041a04201597cdda68389b027ca11731b22474
prototype/qa-results/story-f3d63c0-public/m5-return-bridge-annie.png,1197093,7779debfa4085b785cff86c5e12fbe53e7e2da41b2bdbf63a456e70d3e521028
prototype/qa-results/story-f3d63c0-public/m5-security-playback.png,273640,10723935e3354d2cc1517aaf70b6e44460ba99215758e2517d9cf4cc4fbdad74
prototype/qa-results/story-f3d63c0-public/m6-annie-cpr-close.png,1381770,423a621315f608ffec81f3530f32f42a801d142276ca28609f68c56de00f73ee
prototype/qa-results/story-f3d63c0-public/m6-annie-cpr-long.png,1342558,f4616e332449b3f9946c52d36ad85bef8fd10c8446621873a15976270d02baee
prototype/qa-results/story-f3d63c0-public/m6-annie-cpr.png,1369472,a939e676684e64693aa44542fc5739a883525a507c5bd321a2e3b7673023d303
prototype/qa-results/story-f3d63c0-public/m6-elevator-display-6.png,376868,aa986a330e49f76162f56b08350dcbfc7f1b37da5b0e2b3529d8614f8e1c7cd7
prototype/qa-results/story-f3d63c0-public/m6-stethoscope-relic.png,1774629,6449bff5812b2bfbe56ce59c8221059f6a04373b7e2d63cd755b3f8624404090
prototype/qa-results/story-f3d63c0-public/m7-1f-guard-post.png,1333450,4f8edf328b85771ebcff7a6ebd0d828803cbe78cf538698778e92eeb16b9061b
prototype/qa-results/story-f3d63c0-public/m7-b-panel-concealed-door.png,879423,672376f2031094c2a01dd6aea4cc6d2cf832724b84e011d294740aa1298ea8a3
prototype/qa-results/story-f3d63c0-public/m7-b2-mirror-316.png,986123,66b768f4dd284f647b12dd44b3b8a72e5fa7b7708caba15d8caedd14012d7279
prototype/qa-results/story-f3d63c0-public/m9-dual-identity-form.png,200299,adbe1a12245ab02ea68655a6853d014d27b6a7b728e8c81a2f85c52979bb7b8c
prototype/qa-results/story-f3d63c0-public/m9-successful-dawn-ending.png,179447,2d10394ce64062e7f9d0024d8a390c63cdd3ce0633f8fc746be0761d83693116
prototype/qa-results/story-f3d63c0-public/motion/m5-bridge-idle-1.png,1196834,cb5bdd847d5c1584d1439510344f05d69a110423c46a62e1518e7530a32dc340
prototype/qa-results/story-f3d63c0-public/motion/m5-bridge-idle-2.png,1196829,12e382f0cddbe321eb51dc7d5662a0ab807afeeac064865d8c0b0e286d82d106
prototype/qa-results/story-f3d63c0-public/motion/m5-bridge-idle-3.png,1196825,06e6c6ec2ee9e19cea9a8fdab08185011e5e52939fd401bb8ea7e97ec14a4139
prototype/qa-results/story-f3d63c0-public/motion/m6-cpr-press-1.png,1383867,0347f90474e64741b8938bf5d4bbd45b102a6084e64502c353e5c5597a720f25
prototype/qa-results/story-f3d63c0-public/motion/m6-cpr-release.png,1376528,d38c156cb3e94a301c7eced7435e4374f60ef5c6abe7960f58783d9310c10fc1
prototype/qa-results/story-f3d63c0-public/progress.json,24396,761ca3a5f09e9855683e7c3defbba39a6f2d57761df19750764f4204fe4de110
prototype/qa-results/story-f3d63c0-public/result.json,37138,6d240989be7e3ec1af4d209c630db3fc5ae69dec6f474f6209f425c8daaddb9f
prototype/qa-results/story-final-stderr.log,225,695c5cb49d85910c943b20405d42384b2a125df47c5d3f1a0a02238bfa30a4ed
prototype/qa-results/story-final-stdout.log,6719,cfc64ef1a85e283215009d7e90d26fd892ef0e714e25463e702f71b6407ec41e
prototype/qa-results/story-final2-stderr.log,0,e3b0c44298fc1c149afbf4c8996fb92427ae41e4649b934ca495991b7852b855
prototype/qa-results/story-final2-stdout.log,6812,b9f52a00110424520716eb3b6b93c694367545d1787fb3f6703883006243291f
prototype/qa-results/story-local-adjusted-531/functional/m1-handoff-identity-choice.png,133192,c3b8130e97d5a97b070748dfb5b08cae992026ec536956a41f94d8a6b3299933
prototype/qa-results/story-local-adjusted-531/functional/m7-b-panel-e-prompt.png,852790,401551739e7f594c20c77db09fde2853fe1139b871c7425e227de8be87b5fd52
prototype/qa-results/story-local-adjusted-531/functional/m7-guard-post-approach.png,1286610,8092a68200efc82d781b0fc8518e9517db721dc96f9adfad2c4112dafd7f851f
prototype/qa-results/story-local-adjusted-531/m1-3f-admin-316.png,1049823,f263d5ff12e9774d41c578fb6d4af47f69074d091173cbf19b493d329c180040
prototype/qa-results/story-local-adjusted-531/m1-3f-storage-annie-static.png,1067798,9b989476068e7dd8211498233a187db1354871435c21792c7993eee19b6e8d4f
prototype/qa-results/story-local-adjusted-531/m1-annie-close-inspection.png,1021055,c8d2b0b05d84aef1b62bee5fa339f86efa3f82c84c90ad2712bd277dfd28bb28
prototype/qa-results/story-local-adjusted-531/m2-408c-bed.png,1231472,32bf530fa42151835efef9d76f47f7beadffdb36d3ecc2df0269139b81d61841
prototype/qa-results/story-local-adjusted-531/m2-409-sealed.png,1111757,abe9fc56d4b143ffb364dc7b9731064ec82cab5f5aecbe28c509341cb669fc52
prototype/qa-results/story-local-adjusted-531/m2-4f-duty-room.png,1207710,b014b357c8deb4656fd3cb956c2edc4771e5029576c0c4696515402d121f199d
prototype/qa-results/story-local-adjusted-531/m2-4f-nursing-station.png,1347779,ac18c058a3d102c594da394c659201213e737dab054df13f4ce7c21edb41e46e
prototype/qa-results/story-local-adjusted-531/m3-0033-registration.png,189502,9c222cb7acf75a5faadd988ede92d7a92edc9caeee17a306eb0cbeca16c5ad0a
prototype/qa-results/story-local-adjusted-531/m3-316-legacy-terminal-phone.png,984466,25ac0f5ef610ad4a7670fee3270cacb6b0784c6ff08b24368a85ad20652acc25
prototype/qa-results/story-local-adjusted-531/m3-er-nursing-station.png,988405,2449e032b0fd07b1ac06ae317358f1c6e3448e7d63b20fa62d38790649f196d9
prototype/qa-results/story-local-adjusted-531/m4-guard-roster-clue.png,1351427,c52fca09f787c48cee38e3f3a4f0d585edb636860d414e565d8067e6d218360f
prototype/qa-results/story-local-adjusted-531/m4-ordinary-patient.png,1182721,7452b9023e38dc84ad8ba697e358361cf5da4a82df54c81393abc5f0b5adb4b7
prototype/qa-results/story-local-adjusted-531/m4-transfer-form.png,334678,8945a72730bf0524511b122d31268f1831b663e9aa854302f9db1846a6a6b05a
prototype/qa-results/story-local-adjusted-531/m5-bridge-close-annie.png,1338178,c2c28d738ded94742d97621375bd12fb10afa07b1f11acac01ecea6b8166b580
prototype/qa-results/story-local-adjusted-531/m5-outbound-bridge-baseline.png,1252595,1043b519924ba4a2ed19e582050a3f62726d7306aff1d905ef33f6887bdddfc0
prototype/qa-results/story-local-adjusted-531/m5-return-bridge-annie.png,1235139,4a79e7fabd33a944b73d87bb47c50af7c5357ed12719cb29f10076d135af3163
prototype/qa-results/story-local-adjusted-531/m5-security-playback.png,270003,b472f95c78d888acf5aed09e6d1534f56432a00cd13f5cfcd355dc8c2da48a50
prototype/qa-results/story-local-adjusted-531/m6-annie-cpr-close.png,1373704,3006172bc6f309bffc5e7e27aab9a8456fa10c4a7b48a9844af2b00faa9ee586
prototype/qa-results/story-local-adjusted-531/m6-annie-cpr-long.png,1345166,8ec12fa2191b9bd55a2fda17ff5dda3e7fc890b87d73a4224c342d7fb7117246
prototype/qa-results/story-local-adjusted-531/m6-annie-cpr.png,1368792,fb20cb6fd564082bebd44b0b5dbc395f2742d3ddbf9631074eee16cf9d79dbb7
prototype/qa-results/story-local-adjusted-531/m6-elevator-display-6.png,376868,aa986a330e49f76162f56b08350dcbfc7f1b37da5b0e2b3529d8614f8e1c7cd7
prototype/qa-results/story-local-adjusted-531/m6-stethoscope-relic.png,1774629,6449bff5812b2bfbe56ce59c8221059f6a04373b7e2d63cd755b3f8624404090
prototype/qa-results/story-local-adjusted-531/m7-1f-guard-post.png,1332860,50bdde6257b588406072684a6b5872fd8b44ebfd994960a4d42cade1ab039597
prototype/qa-results/story-local-adjusted-531/m7-b-panel-concealed-door.png,871092,a91d100333f94714f28d279f3cea8f0a0c3556fcc5fa01d5ea686a709ab3fc8b
prototype/qa-results/story-local-adjusted-531/m7-b2-mirror-316.png,986788,f092465002c1e51833c811548bc4ac1f28038c5427403c1dd4725e64788141a4
prototype/qa-results/story-local-adjusted-531/m9-dual-identity-form.png,199877,a76ed0637e67bccb310bab19f53cc4bcf3775abde0a2991e60f208ad7ef237b4
prototype/qa-results/story-local-adjusted-531/m9-successful-dawn-ending.png,179481,b5ce746e3c36ddbdad2c7e968b0f8e5bee2572f2cadd3051a3088e04cf0d3ac4
prototype/qa-results/story-local-adjusted-531/motion/m5-bridge-idle-1.png,1235100,9c7369de76fc8581e407126e23f257dafb7107bc1c9573164dfddd6e8623d567
prototype/qa-results/story-local-adjusted-531/motion/m5-bridge-idle-2.png,1235076,86af6b89529c4f9f818a09c4b0f8180d6476dc7ad5f7682fb5911115144a67f6
prototype/qa-results/story-local-adjusted-531/motion/m5-bridge-idle-3.png,1235116,ba26c06ae9efdb2440e815d078b875c58945f0a8d96a2ad12e0a6d17cd10acc8
prototype/qa-results/story-local-adjusted-531/motion/m6-cpr-press-1.png,1381004,390ad707b43e66a6d933ae84e1675656479a951945a38a26925466028ce9e52c
prototype/qa-results/story-local-adjusted-531/motion/m6-cpr-release.png,1373704,3006172bc6f309bffc5e7e27aab9a8456fa10c4a7b48a9844af2b00faa9ee586
prototype/qa-results/story-local-adjusted-531/progress.json,24065,bc3d7417be1ec0557d19ab176710497ad287fe602b51b72f20d4210f066c29ad
prototype/qa-results/story-local-adjusted-531/result.json,24125,0061edf1d7b23b1664234752d7dd08f132fbb9dd07744cf271b0811ccb4cf5fe
prototype/qa-results/story-pass-stderr.log,628,2f8c60bdc84f3f2d9632499be36ffd83b7e45a04021a6cee58fbfd41e206e3c3
prototype/qa-results/story-pass-stdout.log,6813,160a078fb919c7c720e7c9396bdc695c3516a3a77cbd6ddc340672d50feccb8b
prototype/qa-results/story-playthrough-cinematics/functional/m1-handoff-identity-choice.png,133192,c3b8130e97d5a97b070748dfb5b08cae992026ec536956a41f94d8a6b3299933
prototype/qa-results/story-playthrough-cinematics/functional/m7-b-panel-e-prompt.png,852790,401551739e7f594c20c77db09fde2853fe1139b871c7425e227de8be87b5fd52
prototype/qa-results/story-playthrough-cinematics/functional/m7-guard-post-approach.png,1286610,8092a68200efc82d781b0fc8518e9517db721dc96f9adfad2c4112dafd7f851f
prototype/qa-results/story-playthrough-cinematics/m1-3f-admin-316.png,1049823,f263d5ff12e9774d41c578fb6d4af47f69074d091173cbf19b493d329c180040
prototype/qa-results/story-playthrough-cinematics/m1-3f-storage-annie-static.png,1067798,9b989476068e7dd8211498233a187db1354871435c21792c7993eee19b6e8d4f
prototype/qa-results/story-playthrough-cinematics/m1-annie-close-inspection.png,1021055,c8d2b0b05d84aef1b62bee5fa339f86efa3f82c84c90ad2712bd277dfd28bb28
prototype/qa-results/story-playthrough-cinematics/m2-408c-bed.png,1231472,32bf530fa42151835efef9d76f47f7beadffdb36d3ecc2df0269139b81d61841
prototype/qa-results/story-playthrough-cinematics/m2-409-sealed.png,1111757,abe9fc56d4b143ffb364dc7b9731064ec82cab5f5aecbe28c509341cb669fc52
prototype/qa-results/story-playthrough-cinematics/m2-4f-duty-room.png,1207710,b014b357c8deb4656fd3cb956c2edc4771e5029576c0c4696515402d121f199d
prototype/qa-results/story-playthrough-cinematics/m2-4f-nursing-station.png,1347779,ac18c058a3d102c594da394c659201213e737dab054df13f4ce7c21edb41e46e
prototype/qa-results/story-playthrough-cinematics/m3-0033-registration.png,190200,56ae40b3b9e40797ca0ea409ea106ced23871619e21e29612084754c4e68e565
prototype/qa-results/story-playthrough-cinematics/m3-316-legacy-terminal-phone.png,984466,25ac0f5ef610ad4a7670fee3270cacb6b0784c6ff08b24368a85ad20652acc25
prototype/qa-results/story-playthrough-cinematics/m3-er-nursing-station.png,988386,14edf2d7d5bb79ec74d23522dbcb53a7152d960b8ea5f77cc819b1aecb6f06ab
prototype/qa-results/story-playthrough-cinematics/m4-guard-roster-clue.png,1351427,c52fca09f787c48cee38e3f3a4f0d585edb636860d414e565d8067e6d218360f
prototype/qa-results/story-playthrough-cinematics/m4-ordinary-patient.png,1182721,7452b9023e38dc84ad8ba697e358361cf5da4a82df54c81393abc5f0b5adb4b7
prototype/qa-results/story-playthrough-cinematics/m4-transfer-form.png,334678,8945a72730bf0524511b122d31268f1831b663e9aa854302f9db1846a6a6b05a
prototype/qa-results/story-playthrough-cinematics/m5-bridge-close-annie.png,1338842,ec388fc3f9060acfc13395849c074a68fb7f16eaa856bc615d00465371087748
prototype/qa-results/story-playthrough-cinematics/m5-outbound-bridge-baseline.png,1252595,1043b519924ba4a2ed19e582050a3f62726d7306aff1d905ef33f6887bdddfc0
prototype/qa-results/story-playthrough-cinematics/m5-return-bridge-annie.png,1235056,60c5a069a07ff86fb824917b9f0148d8c94a22e8a1152e4cb2cacca8da525581
prototype/qa-results/story-playthrough-cinematics/m5-security-playback.png,270003,b472f95c78d888acf5aed09e6d1534f56432a00cd13f5cfcd355dc8c2da48a50
prototype/qa-results/story-playthrough-cinematics/m6-annie-cpr-close.png,1354006,d8d0137f9d02a133b876f01605e44023dcb62d8794430a15dbc854745f7d3598
prototype/qa-results/story-playthrough-cinematics/m6-annie-cpr-long.png,1345166,8ec12fa2191b9bd55a2fda17ff5dda3e7fc890b87d73a4224c342d7fb7117246
prototype/qa-results/story-playthrough-cinematics/m6-annie-cpr.png,1368166,c25556d139e6681c42e43bfef85a4fae20d541e5b3a927b463697a5b808f0728
prototype/qa-results/story-playthrough-cinematics/m6-elevator-display-6.png,376868,aa986a330e49f76162f56b08350dcbfc7f1b37da5b0e2b3529d8614f8e1c7cd7
prototype/qa-results/story-playthrough-cinematics/m6-stethoscope-relic.png,1774629,6449bff5812b2bfbe56ce59c8221059f6a04373b7e2d63cd755b3f8624404090
prototype/qa-results/story-playthrough-cinematics/m7-1f-guard-post.png,1332860,50bdde6257b588406072684a6b5872fd8b44ebfd994960a4d42cade1ab039597
prototype/qa-results/story-playthrough-cinematics/m7-b-panel-concealed-door.png,871092,a91d100333f94714f28d279f3cea8f0a0c3556fcc5fa01d5ea686a709ab3fc8b
prototype/qa-results/story-playthrough-cinematics/m7-b2-mirror-316.png,986788,f092465002c1e51833c811548bc4ac1f28038c5427403c1dd4725e64788141a4
prototype/qa-results/story-playthrough-cinematics/m9-dual-identity-form.png,208601,f7c4f644d5c13aa7409a4993b2672a42f7e215d418f86acf49d5cd46d100855f
prototype/qa-results/story-playthrough-cinematics/m9-successful-dawn-ending.png,179481,b5ce746e3c36ddbdad2c7e968b0f8e5bee2572f2cadd3051a3088e04cf0d3ac4
prototype/qa-results/story-playthrough-cinematics/motion/m5-bridge-idle-1.png,1235072,c398e3179575c0176dad5379a3ae66cb7f5356d562dd8787b483188a47d84ffc
prototype/qa-results/story-playthrough-cinematics/motion/m5-bridge-idle-2.png,1235104,8af109e24d549c9e49bcc09c5c26e934eac40da8e5b427f46f2fa733fc4b32c8
prototype/qa-results/story-playthrough-cinematics/motion/m5-bridge-idle-3.png,1235180,7242c6a5ce4eca982b9f7374e101919270130d64b15cec93e77640fc84f6d16d
prototype/qa-results/story-playthrough-cinematics/motion/m6-cpr-press-1.png,1380688,6b3f8bff78420efce181db19f49788fc0ec8f5239b6b3a7ffec3e9fce38446e9
prototype/qa-results/story-playthrough-cinematics/motion/m6-cpr-release.png,1373704,3006172bc6f309bffc5e7e27aab9a8456fa10c4a7b48a9844af2b00faa9ee586
prototype/qa-results/story-playthrough-cinematics/progress.json,23963,8c57eba368a86c12ffe571434e0c0baf2a74f8a2d3ff1f259c5bd8144aef4dce
prototype/qa-results/story-playthrough-cinematics/result.json,24023,9d219d5bcce3d52d6137609f33c0ded80722a215b7fe903a881915bd4cbb0bf0
prototype/qa-results/story-playthrough-final/functional/m1-handoff-identity-choice.png,133192,c3b8130e97d5a97b070748dfb5b08cae992026ec536956a41f94d8a6b3299933
prototype/qa-results/story-playthrough-final/functional/m7-b-panel-e-prompt.png,851753,2389db05a85f10f468fb26a854bb19e37dc78eeb6235e750bfc7ea6ab8b00bfe
prototype/qa-results/story-playthrough-final/functional/m7-guard-post-approach.png,1286610,8092a68200efc82d781b0fc8518e9517db721dc96f9adfad2c4112dafd7f851f
prototype/qa-results/story-playthrough-final/m1-3f-admin-316.png,1049823,f263d5ff12e9774d41c578fb6d4af47f69074d091173cbf19b493d329c180040
prototype/qa-results/story-playthrough-final/m1-3f-storage-annie-static.png,1067798,9b989476068e7dd8211498233a187db1354871435c21792c7993eee19b6e8d4f
prototype/qa-results/story-playthrough-final/m1-annie-close-inspection.png,1021055,c8d2b0b05d84aef1b62bee5fa339f86efa3f82c84c90ad2712bd277dfd28bb28
prototype/qa-results/story-playthrough-final/m2-408c-bed.png,1231472,32bf530fa42151835efef9d76f47f7beadffdb36d3ecc2df0269139b81d61841
prototype/qa-results/story-playthrough-final/m2-409-sealed.png,1111757,abe9fc56d4b143ffb364dc7b9731064ec82cab5f5aecbe28c509341cb669fc52
prototype/qa-results/story-playthrough-final/m2-4f-duty-room.png,1207710,b014b357c8deb4656fd3cb956c2edc4771e5029576c0c4696515402d121f199d
prototype/qa-results/story-playthrough-final/m2-4f-nursing-station.png,1347779,ac18c058a3d102c594da394c659201213e737dab054df13f4ce7c21edb41e46e
prototype/qa-results/story-playthrough-final/m3-0033-registration.png,190200,56ae40b3b9e40797ca0ea409ea106ced23871619e21e29612084754c4e68e565
prototype/qa-results/story-playthrough-final/m3-316-legacy-terminal-phone.png,984466,25ac0f5ef610ad4a7670fee3270cacb6b0784c6ff08b24368a85ad20652acc25
prototype/qa-results/story-playthrough-final/m3-er-nursing-station.png,988386,14edf2d7d5bb79ec74d23522dbcb53a7152d960b8ea5f77cc819b1aecb6f06ab
prototype/qa-results/story-playthrough-final/m4-guard-roster-clue.png,1351427,c52fca09f787c48cee38e3f3a4f0d585edb636860d414e565d8067e6d218360f
prototype/qa-results/story-playthrough-final/m4-ordinary-patient.png,1182721,7452b9023e38dc84ad8ba697e358361cf5da4a82df54c81393abc5f0b5adb4b7
prototype/qa-results/story-playthrough-final/m4-transfer-form.png,334678,8945a72730bf0524511b122d31268f1831b663e9aa854302f9db1846a6a6b05a
prototype/qa-results/story-playthrough-final/m5-bridge-close-annie.png,1338516,0b4e39c4d2b6add71a82288eb9c43f6f428eaa23ce48c5b827c06a4343ef8996
prototype/qa-results/story-playthrough-final/m5-outbound-bridge-baseline.png,1252595,1043b519924ba4a2ed19e582050a3f62726d7306aff1d905ef33f6887bdddfc0
prototype/qa-results/story-playthrough-final/m5-return-bridge-annie.png,1235056,60c5a069a07ff86fb824917b9f0148d8c94a22e8a1152e4cb2cacca8da525581
prototype/qa-results/story-playthrough-final/m5-security-playback.png,270003,b472f95c78d888acf5aed09e6d1534f56432a00cd13f5cfcd355dc8c2da48a50
prototype/qa-results/story-playthrough-final/m6-annie-cpr-close.png,1373704,3006172bc6f309bffc5e7e27aab9a8456fa10c4a7b48a9844af2b00faa9ee586
prototype/qa-results/story-playthrough-final/m6-annie-cpr-long.png,1345166,8ec12fa2191b9bd55a2fda17ff5dda3e7fc890b87d73a4224c342d7fb7117246
prototype/qa-results/story-playthrough-final/m6-annie-cpr.png,1369026,81d8989724dc2a55c22449c07507dffef829fce2d9f4b3f0cd4c4a91aa669cd7
prototype/qa-results/story-playthrough-final/m6-elevator-display-6.png,376868,aa986a330e49f76162f56b08350dcbfc7f1b37da5b0e2b3529d8614f8e1c7cd7
prototype/qa-results/story-playthrough-final/m6-stethoscope-relic.png,1774629,6449bff5812b2bfbe56ce59c8221059f6a04373b7e2d63cd755b3f8624404090
prototype/qa-results/story-playthrough-final/m7-1f-guard-post.png,1332860,50bdde6257b588406072684a6b5872fd8b44ebfd994960a4d42cade1ab039597
prototype/qa-results/story-playthrough-final/m7-b-panel-concealed-door.png,871092,a91d100333f94714f28d279f3cea8f0a0c3556fcc5fa01d5ea686a709ab3fc8b
prototype/qa-results/story-playthrough-final/m7-b2-mirror-316.png,968202,9a0928a452adfeac4ccfdab319db44a57a97681047314db07ca34ba0b475384b
prototype/qa-results/story-playthrough-final/m9-dual-identity-form.png,208601,f7c4f644d5c13aa7409a4993b2672a42f7e215d418f86acf49d5cd46d100855f
prototype/qa-results/story-playthrough-final/m9-successful-dawn-ending.png,179481,b5ce746e3c36ddbdad2c7e968b0f8e5bee2572f2cadd3051a3088e04cf0d3ac4
prototype/qa-results/story-playthrough-final/motion/m5-bridge-idle-1.png,1235084,0acde3a2a19f129328466fab317b306c0788a86dcf63b776be37cbf67b52b0b7
prototype/qa-results/story-playthrough-final/motion/m5-bridge-idle-2.png,1235096,cc2e8266112c1cd988d46afd8eb96f34f5a505a5911d96c1b113d4d9dc12eed3
prototype/qa-results/story-playthrough-final/motion/m5-bridge-idle-3.png,1235171,cc0e0c6d76e9f81b79c1186e0eaf7f06d606cd9603961e3320e01ca5ac4d373c
prototype/qa-results/story-playthrough-final/motion/m6-cpr-press-1.png,1380688,6b3f8bff78420efce181db19f49788fc0ec8f5239b6b3a7ffec3e9fce38446e9
prototype/qa-results/story-playthrough-final/motion/m6-cpr-release.png,1373704,3006172bc6f309bffc5e7e27aab9a8456fa10c4a7b48a9844af2b00faa9ee586
prototype/qa-results/story-playthrough-final/progress.json,23962,f1bd715ced5d0a28ee5b6683ebd709451f78742fdfd01d18c72673a3cd2c0a93
prototype/qa-results/story-playthrough-final/result.json,24022,98038581109f80a2e85bf1bdadd270cd7ee028662c41e17f681e0fea6490f157
prototype/qa-results/story-playthrough-local-final/functional/m1-handoff-identity-choice.png,133192,c3b8130e97d5a97b070748dfb5b08cae992026ec536956a41f94d8a6b3299933
prototype/qa-results/story-playthrough-local-final/functional/m7-b-panel-e-prompt.png,852790,401551739e7f594c20c77db09fde2853fe1139b871c7425e227de8be87b5fd52
prototype/qa-results/story-playthrough-local-final/functional/m7-guard-post-approach.png,1286610,8092a68200efc82d781b0fc8518e9517db721dc96f9adfad2c4112dafd7f851f
prototype/qa-results/story-playthrough-local-final/m1-3f-admin-316.png,1049823,f263d5ff12e9774d41c578fb6d4af47f69074d091173cbf19b493d329c180040
prototype/qa-results/story-playthrough-local-final/m1-3f-storage-annie-static.png,1067798,9b989476068e7dd8211498233a187db1354871435c21792c7993eee19b6e8d4f
prototype/qa-results/story-playthrough-local-final/m1-annie-close-inspection.png,1021055,c8d2b0b05d84aef1b62bee5fa339f86efa3f82c84c90ad2712bd277dfd28bb28
prototype/qa-results/story-playthrough-local-final/m2-408c-bed.png,1231472,32bf530fa42151835efef9d76f47f7beadffdb36d3ecc2df0269139b81d61841
prototype/qa-results/story-playthrough-local-final/m2-409-sealed.png,1111757,abe9fc56d4b143ffb364dc7b9731064ec82cab5f5aecbe28c509341cb669fc52
prototype/qa-results/story-playthrough-local-final/m2-4f-duty-room.png,1207710,b014b357c8deb4656fd3cb956c2edc4771e5029576c0c4696515402d121f199d
prototype/qa-results/story-playthrough-local-final/m2-4f-nursing-station.png,1347779,ac18c058a3d102c594da394c659201213e737dab054df13f4ce7c21edb41e46e
prototype/qa-results/story-playthrough-local-final/m3-0033-registration.png,190200,56ae40b3b9e40797ca0ea409ea106ced23871619e21e29612084754c4e68e565
prototype/qa-results/story-playthrough-local-final/m3-316-legacy-terminal-phone.png,984466,25ac0f5ef610ad4a7670fee3270cacb6b0784c6ff08b24368a85ad20652acc25
prototype/qa-results/story-playthrough-local-final/m3-er-nursing-station.png,988386,14edf2d7d5bb79ec74d23522dbcb53a7152d960b8ea5f77cc819b1aecb6f06ab
prototype/qa-results/story-playthrough-local-final/m4-guard-roster-clue.png,1351427,c52fca09f787c48cee38e3f3a4f0d585edb636860d414e565d8067e6d218360f
prototype/qa-results/story-playthrough-local-final/m4-ordinary-patient.png,1182721,7452b9023e38dc84ad8ba697e358361cf5da4a82df54c81393abc5f0b5adb4b7
prototype/qa-results/story-playthrough-local-final/m4-transfer-form.png,334678,8945a72730bf0524511b122d31268f1831b663e9aa854302f9db1846a6a6b05a
prototype/qa-results/story-playthrough-local-final/m5-bridge-close-annie.png,1347487,637bbf797a7b26a7f4fa7bf6b61b2d88f2d0658cf095a3a61e28a5b8214095a8
prototype/qa-results/story-playthrough-local-final/m5-outbound-bridge-baseline.png,1252686,3c3aacfb36f17e34ee23f808e44c92c5473034d95e3e4f1f7646fcedbd79eb00
prototype/qa-results/story-playthrough-local-final/m5-return-bridge-annie.png,1244459,7d7214c01608e9aeaa1b5c6a7927ccdb42fbf5aa73ee8b78d941cbc0101c1726
prototype/qa-results/story-playthrough-local-final/m5-security-playback.png,270003,b472f95c78d888acf5aed09e6d1534f56432a00cd13f5cfcd355dc8c2da48a50
prototype/qa-results/story-playthrough-local-final/m6-annie-cpr-close.png,1347652,44a8c9232874afaa95996eb3369c1d1dcc9299c9bb63253e7ac3be3ebdfd52d4
prototype/qa-results/story-playthrough-local-final/m6-annie-cpr-long.png,1345166,8ec12fa2191b9bd55a2fda17ff5dda3e7fc890b87d73a4224c342d7fb7117246
prototype/qa-results/story-playthrough-local-final/m6-annie-cpr.png,1368166,c25556d139e6681c42e43bfef85a4fae20d541e5b3a927b463697a5b808f0728
prototype/qa-results/story-playthrough-local-final/m6-elevator-display-6.png,376868,aa986a330e49f76162f56b08350dcbfc7f1b37da5b0e2b3529d8614f8e1c7cd7
prototype/qa-results/story-playthrough-local-final/m6-stethoscope-relic.png,1774629,6449bff5812b2bfbe56ce59c8221059f6a04373b7e2d63cd755b3f8624404090
prototype/qa-results/story-playthrough-local-final/m7-1f-guard-post.png,1332860,50bdde6257b588406072684a6b5872fd8b44ebfd994960a4d42cade1ab039597
prototype/qa-results/story-playthrough-local-final/m7-b-panel-concealed-door.png,871092,a91d100333f94714f28d279f3cea8f0a0c3556fcc5fa01d5ea686a709ab3fc8b
prototype/qa-results/story-playthrough-local-final/m7-b2-mirror-316.png,988604,5b2ce9ad7f42290314ba8aa5178887692841a81b5ffe3c8b4a28fdef20a67ae3
prototype/qa-results/story-playthrough-local-final/m9-dual-identity-form.png,208601,f7c4f644d5c13aa7409a4993b2672a42f7e215d418f86acf49d5cd46d100855f
prototype/qa-results/story-playthrough-local-final/m9-successful-dawn-ending.png,176197,ed000a04073466c0560dac2aef24977ced78692110686450be72c39e92a3533f
prototype/qa-results/story-playthrough-local-final/motion/m5-bridge-idle-1.png,1244294,819266bd40aebeaea20d73a7461f689a458ee02b787b98add4c41175c958dbb6
prototype/qa-results/story-playthrough-local-final/motion/m5-bridge-idle-2.png,1244324,52680973f6507ef559918647e79e9ad364c6607968669101a51d7fcb97659d73
prototype/qa-results/story-playthrough-local-final/motion/m5-bridge-idle-3.png,1244307,4bdc74ec3f524c8b706fb95c35383a5b3523454475bffcfbce18bf5a25fef210
prototype/qa-results/story-playthrough-local-final/motion/m6-cpr-press-1.png,1380566,cca93ad11117e171aeb42c1e93b18f767a817f9701b5f3744341d28dfe7e3944
prototype/qa-results/story-playthrough-local-final/motion/m6-cpr-release.png,1373704,3006172bc6f309bffc5e7e27aab9a8456fa10c4a7b48a9844af2b00faa9ee586
prototype/qa-results/story-playthrough-local-final/progress.json,23805,3255dbbb1988a25a84c4260fb5d110f7100f75e6eb8b7181e15684f506eb06f2
prototype/qa-results/story-playthrough-local-final/result.json,35305,155c63455081e821cd35ccdd9291c795aba7fc2117e33f5aa1408faf56db7588
prototype/qa-results/story-playthrough-local-pass/functional/m1-handoff-identity-choice.png,133192,c3b8130e97d5a97b070748dfb5b08cae992026ec536956a41f94d8a6b3299933
prototype/qa-results/story-playthrough-local-pass/functional/m7-b-panel-e-prompt.png,852790,401551739e7f594c20c77db09fde2853fe1139b871c7425e227de8be87b5fd52
prototype/qa-results/story-playthrough-local-pass/functional/m7-guard-post-approach.png,1286610,8092a68200efc82d781b0fc8518e9517db721dc96f9adfad2c4112dafd7f851f
prototype/qa-results/story-playthrough-local-pass/m1-3f-admin-316.png,1049823,f263d5ff12e9774d41c578fb6d4af47f69074d091173cbf19b493d329c180040
prototype/qa-results/story-playthrough-local-pass/m1-3f-storage-annie-static.png,1067798,9b989476068e7dd8211498233a187db1354871435c21792c7993eee19b6e8d4f
prototype/qa-results/story-playthrough-local-pass/m1-annie-close-inspection.png,1021055,c8d2b0b05d84aef1b62bee5fa339f86efa3f82c84c90ad2712bd277dfd28bb28
prototype/qa-results/story-playthrough-local-pass/m2-408c-bed.png,1231472,32bf530fa42151835efef9d76f47f7beadffdb36d3ecc2df0269139b81d61841
prototype/qa-results/story-playthrough-local-pass/m2-409-sealed.png,1111757,abe9fc56d4b143ffb364dc7b9731064ec82cab5f5aecbe28c509341cb669fc52
prototype/qa-results/story-playthrough-local-pass/m2-4f-duty-room.png,1207710,b014b357c8deb4656fd3cb956c2edc4771e5029576c0c4696515402d121f199d
prototype/qa-results/story-playthrough-local-pass/m2-4f-nursing-station.png,1347779,ac18c058a3d102c594da394c659201213e737dab054df13f4ce7c21edb41e46e
prototype/qa-results/story-playthrough-local-pass/m3-0033-registration.png,190200,56ae40b3b9e40797ca0ea409ea106ced23871619e21e29612084754c4e68e565
prototype/qa-results/story-playthrough-local-pass/m3-316-legacy-terminal-phone.png,984466,25ac0f5ef610ad4a7670fee3270cacb6b0784c6ff08b24368a85ad20652acc25
prototype/qa-results/story-playthrough-local-pass/m3-er-nursing-station.png,988386,14edf2d7d5bb79ec74d23522dbcb53a7152d960b8ea5f77cc819b1aecb6f06ab
prototype/qa-results/story-playthrough-local-pass/m4-guard-roster-clue.png,1351427,c52fca09f787c48cee38e3f3a4f0d585edb636860d414e565d8067e6d218360f
prototype/qa-results/story-playthrough-local-pass/m4-ordinary-patient.png,1182721,7452b9023e38dc84ad8ba697e358361cf5da4a82df54c81393abc5f0b5adb4b7
prototype/qa-results/story-playthrough-local-pass/m4-transfer-form.png,334678,8945a72730bf0524511b122d31268f1831b663e9aa854302f9db1846a6a6b05a
prototype/qa-results/story-playthrough-local-pass/m5-bridge-close-annie.png,1339321,358167e4e5774de4c8d25d27e03df75501e81e80202078e37c30f78cad8c5548
prototype/qa-results/story-playthrough-local-pass/m5-outbound-bridge-baseline.png,1252595,1043b519924ba4a2ed19e582050a3f62726d7306aff1d905ef33f6887bdddfc0
prototype/qa-results/story-playthrough-local-pass/m5-return-bridge-annie.png,1236291,8e27db5766c6da051430353a4b8ffe4758987844cb9e67c76a1c965402ee35f0
prototype/qa-results/story-playthrough-local-pass/m5-security-playback.png,270003,b472f95c78d888acf5aed09e6d1534f56432a00cd13f5cfcd355dc8c2da48a50
prototype/qa-results/story-playthrough-local-pass/m6-annie-cpr-close.png,1346718,83d1b2ec389cb6d870b110fe7dcdefdb200870c7ce619f44f24df4916a88b7f4
prototype/qa-results/story-playthrough-local-pass/m6-annie-cpr-long.png,1344890,d8ebbea6982b54ea85d54ba69ba73fff482c0da6e9673b4d88d0a8a14258e96f
prototype/qa-results/story-playthrough-local-pass/m6-annie-cpr.png,1369026,81d8989724dc2a55c22449c07507dffef829fce2d9f4b3f0cd4c4a91aa669cd7
prototype/qa-results/story-playthrough-local-pass/m6-elevator-display-6.png,376868,aa986a330e49f76162f56b08350dcbfc7f1b37da5b0e2b3529d8614f8e1c7cd7
prototype/qa-results/story-playthrough-local-pass/m6-stethoscope-relic.png,1774629,6449bff5812b2bfbe56ce59c8221059f6a04373b7e2d63cd755b3f8624404090
prototype/qa-results/story-playthrough-local-pass/m7-1f-guard-post.png,1332860,50bdde6257b588406072684a6b5872fd8b44ebfd994960a4d42cade1ab039597
prototype/qa-results/story-playthrough-local-pass/m7-b-panel-concealed-door.png,871092,a91d100333f94714f28d279f3cea8f0a0c3556fcc5fa01d5ea686a709ab3fc8b
prototype/qa-results/story-playthrough-local-pass/m7-b2-mirror-316.png,986788,f092465002c1e51833c811548bc4ac1f28038c5427403c1dd4725e64788141a4
prototype/qa-results/story-playthrough-local-pass/m9-dual-identity-form.png,208601,f7c4f644d5c13aa7409a4993b2672a42f7e215d418f86acf49d5cd46d100855f
prototype/qa-results/story-playthrough-local-pass/m9-successful-dawn-ending.png,179481,b5ce746e3c36ddbdad2c7e968b0f8e5bee2572f2cadd3051a3088e04cf0d3ac4
prototype/qa-results/story-playthrough-local-pass/motion/m5-bridge-idle-1.png,1236211,66a0f468ae55d42fadf6f16836efed1b954648bec3a4244e4971ea0d79827084
prototype/qa-results/story-playthrough-local-pass/motion/m5-bridge-idle-2.png,1236266,6adb865fe5c4604c0e54deadaae4cb8f1ae3b6c6f421f59c209d21bb32b7b22b
prototype/qa-results/story-playthrough-local-pass/motion/m5-bridge-idle-3.png,1236246,ca5221ba2729fdc2c7d8ab325dcfb176634f799479cf488a4077579b5403553b
prototype/qa-results/story-playthrough-local-pass/motion/m6-cpr-press-1.png,1380688,6b3f8bff78420efce181db19f49788fc0ec8f5239b6b3a7ffec3e9fce38446e9
prototype/qa-results/story-playthrough-local-pass/motion/m6-cpr-release.png,1373704,3006172bc6f309bffc5e7e27aab9a8456fa10c4a7b48a9844af2b00faa9ee586
prototype/qa-results/story-playthrough-local-pass/progress.json,23963,84975286e4fb972254a2fe1cb294f3e55ba1bdd355250a310136c13953a8e6f5
prototype/qa-results/story-playthrough-local-pass/result.json,35883,7d9372654cff3e080a7f6a1b55180e0864cf286e946d1a1a1fdee0298de9e969
prototype/qa-results/story-playthrough-local/functional/m1-handoff-identity-choice.png,133192,c3b8130e97d5a97b070748dfb5b08cae992026ec536956a41f94d8a6b3299933
prototype/qa-results/story-playthrough-local/functional/m7-b-panel-e-prompt.png,852790,401551739e7f594c20c77db09fde2853fe1139b871c7425e227de8be87b5fd52
prototype/qa-results/story-playthrough-local/functional/m7-guard-post-approach.png,1286610,8092a68200efc82d781b0fc8518e9517db721dc96f9adfad2c4112dafd7f851f
prototype/qa-results/story-playthrough-local/m1-3f-admin-316.png,1049823,f263d5ff12e9774d41c578fb6d4af47f69074d091173cbf19b493d329c180040
prototype/qa-results/story-playthrough-local/m1-3f-storage-annie-static.png,1067798,9b989476068e7dd8211498233a187db1354871435c21792c7993eee19b6e8d4f
prototype/qa-results/story-playthrough-local/m1-annie-close-inspection.png,1021055,c8d2b0b05d84aef1b62bee5fa339f86efa3f82c84c90ad2712bd277dfd28bb28
prototype/qa-results/story-playthrough-local/m2-408c-bed.png,1231472,32bf530fa42151835efef9d76f47f7beadffdb36d3ecc2df0269139b81d61841
prototype/qa-results/story-playthrough-local/m2-409-sealed.png,1111757,abe9fc56d4b143ffb364dc7b9731064ec82cab5f5aecbe28c509341cb669fc52
prototype/qa-results/story-playthrough-local/m2-4f-duty-room.png,1207710,b014b357c8deb4656fd3cb956c2edc4771e5029576c0c4696515402d121f199d
prototype/qa-results/story-playthrough-local/m2-4f-nursing-station.png,1347779,ac18c058a3d102c594da394c659201213e737dab054df13f4ce7c21edb41e46e
prototype/qa-results/story-playthrough-local/m3-0033-registration.png,190200,56ae40b3b9e40797ca0ea409ea106ced23871619e21e29612084754c4e68e565
prototype/qa-results/story-playthrough-local/m3-316-legacy-terminal-phone.png,984466,25ac0f5ef610ad4a7670fee3270cacb6b0784c6ff08b24368a85ad20652acc25
prototype/qa-results/story-playthrough-local/m3-er-nursing-station.png,988386,14edf2d7d5bb79ec74d23522dbcb53a7152d960b8ea5f77cc819b1aecb6f06ab
prototype/qa-results/story-playthrough-local/m4-guard-roster-clue.png,1351427,c52fca09f787c48cee38e3f3a4f0d585edb636860d414e565d8067e6d218360f
prototype/qa-results/story-playthrough-local/m4-ordinary-patient.png,1182721,7452b9023e38dc84ad8ba697e358361cf5da4a82df54c81393abc5f0b5adb4b7
prototype/qa-results/story-playthrough-local/m4-transfer-form.png,334678,8945a72730bf0524511b122d31268f1831b663e9aa854302f9db1846a6a6b05a
prototype/qa-results/story-playthrough-local/m5-bridge-close-annie.png,1346812,1307bbd4a744af84c19e717a6ec5332163002314389752fbf8ec11892fadbeb2
prototype/qa-results/story-playthrough-local/m5-outbound-bridge-baseline.png,1252686,3c3aacfb36f17e34ee23f808e44c92c5473034d95e3e4f1f7646fcedbd79eb00
prototype/qa-results/story-playthrough-local/m5-return-bridge-annie.png,1244459,7d7214c01608e9aeaa1b5c6a7927ccdb42fbf5aa73ee8b78d941cbc0101c1726
prototype/qa-results/story-playthrough-local/m5-security-playback.png,270003,b472f95c78d888acf5aed09e6d1534f56432a00cd13f5cfcd355dc8c2da48a50
prototype/qa-results/story-playthrough-local/m6-annie-cpr-close.png,1354006,d8d0137f9d02a133b876f01605e44023dcb62d8794430a15dbc854745f7d3598
prototype/qa-results/story-playthrough-local/m6-annie-cpr-long.png,1345166,8ec12fa2191b9bd55a2fda17ff5dda3e7fc890b87d73a4224c342d7fb7117246
prototype/qa-results/story-playthrough-local/m6-annie-cpr.png,1368166,c25556d139e6681c42e43bfef85a4fae20d541e5b3a927b463697a5b808f0728
prototype/qa-results/story-playthrough-local/m6-elevator-display-6.png,376868,aa986a330e49f76162f56b08350dcbfc7f1b37da5b0e2b3529d8614f8e1c7cd7
prototype/qa-results/story-playthrough-local/m6-stethoscope-relic.png,1774629,6449bff5812b2bfbe56ce59c8221059f6a04373b7e2d63cd755b3f8624404090
prototype/qa-results/story-playthrough-local/m7-1f-guard-post.png,1332860,50bdde6257b588406072684a6b5872fd8b44ebfd994960a4d42cade1ab039597
prototype/qa-results/story-playthrough-local/m7-b-panel-concealed-door.png,871092,a91d100333f94714f28d279f3cea8f0a0c3556fcc5fa01d5ea686a709ab3fc8b
prototype/qa-results/story-playthrough-local/m7-b2-mirror-316.png,988604,5b2ce9ad7f42290314ba8aa5178887692841a81b5ffe3c8b4a28fdef20a67ae3
prototype/qa-results/story-playthrough-local/m9-dual-identity-form.png,208601,f7c4f644d5c13aa7409a4993b2672a42f7e215d418f86acf49d5cd46d100855f
prototype/qa-results/story-playthrough-local/m9-successful-dawn-ending.png,176197,ed000a04073466c0560dac2aef24977ced78692110686450be72c39e92a3533f
prototype/qa-results/story-playthrough-local/motion/m5-bridge-idle-1.png,1244277,4e7e3cdac698ecdd87e5676c8d39e9f1bae7442c3ac7067ccbb585964adfa5a9
prototype/qa-results/story-playthrough-local/motion/m5-bridge-idle-2.png,1244327,f008f0db9a391cb669589858d5a13fd826c172738f78046476c222162eb594f1
prototype/qa-results/story-playthrough-local/motion/m5-bridge-idle-3.png,1244304,1e5f72956bbb7ba0fb8b3f8372439e1ed2a184c1e635b1b5846d74e844bb7d58
prototype/qa-results/story-playthrough-local/motion/m6-cpr-press-1.png,1380566,cca93ad11117e171aeb42c1e93b18f767a817f9701b5f3744341d28dfe7e3944
prototype/qa-results/story-playthrough-local/motion/m6-cpr-release.png,1373704,3006172bc6f309bffc5e7e27aab9a8456fa10c4a7b48a9844af2b00faa9ee586
prototype/qa-results/story-playthrough-local/progress.json,23803,03fc4848420f015dd8e873b5220c25d27515bb026682737e041da3fc1fd11114
prototype/qa-results/story-playthrough-local/result.json,35303,58155884bd1ec78b11d6833566ae2c4ff24b2ee80eceacdaa3f3fd869fac9d8b
prototype/qa-results/story-playthrough-verified/functional/m1-handoff-identity-choice.png,133192,c3b8130e97d5a97b070748dfb5b08cae992026ec536956a41f94d8a6b3299933
prototype/qa-results/story-playthrough-verified/functional/m7-b-panel-e-prompt.png,852790,401551739e7f594c20c77db09fde2853fe1139b871c7425e227de8be87b5fd52
prototype/qa-results/story-playthrough-verified/functional/m7-guard-post-approach.png,1286610,8092a68200efc82d781b0fc8518e9517db721dc96f9adfad2c4112dafd7f851f
prototype/qa-results/story-playthrough-verified/m1-3f-admin-316.png,1049823,f263d5ff12e9774d41c578fb6d4af47f69074d091173cbf19b493d329c180040
prototype/qa-results/story-playthrough-verified/m1-3f-storage-annie-static.png,1067798,9b989476068e7dd8211498233a187db1354871435c21792c7993eee19b6e8d4f
prototype/qa-results/story-playthrough-verified/m1-annie-close-inspection.png,1021055,c8d2b0b05d84aef1b62bee5fa339f86efa3f82c84c90ad2712bd277dfd28bb28
prototype/qa-results/story-playthrough-verified/m2-408c-bed.png,1231472,32bf530fa42151835efef9d76f47f7beadffdb36d3ecc2df0269139b81d61841
prototype/qa-results/story-playthrough-verified/m2-409-sealed.png,1111757,abe9fc56d4b143ffb364dc7b9731064ec82cab5f5aecbe28c509341cb669fc52
prototype/qa-results/story-playthrough-verified/m2-4f-duty-room.png,1207710,b014b357c8deb4656fd3cb956c2edc4771e5029576c0c4696515402d121f199d
prototype/qa-results/story-playthrough-verified/m2-4f-nursing-station.png,1347779,ac18c058a3d102c594da394c659201213e737dab054df13f4ce7c21edb41e46e
prototype/qa-results/story-playthrough-verified/m3-0033-registration.png,190200,56ae40b3b9e40797ca0ea409ea106ced23871619e21e29612084754c4e68e565
prototype/qa-results/story-playthrough-verified/m3-316-legacy-terminal-phone.png,984466,25ac0f5ef610ad4a7670fee3270cacb6b0784c6ff08b24368a85ad20652acc25
prototype/qa-results/story-playthrough-verified/m3-er-nursing-station.png,988386,14edf2d7d5bb79ec74d23522dbcb53a7152d960b8ea5f77cc819b1aecb6f06ab
prototype/qa-results/story-playthrough-verified/m4-guard-roster-clue.png,1351427,c52fca09f787c48cee38e3f3a4f0d585edb636860d414e565d8067e6d218360f
prototype/qa-results/story-playthrough-verified/m4-ordinary-patient.png,1182721,7452b9023e38dc84ad8ba697e358361cf5da4a82df54c81393abc5f0b5adb4b7
prototype/qa-results/story-playthrough-verified/m4-transfer-form.png,327886,70554bcf9e2d6e61d389e2f9c21a8bc44304af8685cb5fbda59d300dfdd30f12
prototype/qa-results/story-playthrough-verified/m5-bridge-close-annie.png,1338842,ec388fc3f9060acfc13395849c074a68fb7f16eaa856bc615d00465371087748
prototype/qa-results/story-playthrough-verified/m5-outbound-bridge-baseline.png,1252595,1043b519924ba4a2ed19e582050a3f62726d7306aff1d905ef33f6887bdddfc0
prototype/qa-results/story-playthrough-verified/m5-return-bridge-annie.png,1235056,60c5a069a07ff86fb824917b9f0148d8c94a22e8a1152e4cb2cacca8da525581
prototype/qa-results/story-playthrough-verified/m5-security-playback.png,270003,b472f95c78d888acf5aed09e6d1534f56432a00cd13f5cfcd355dc8c2da48a50
prototype/qa-results/story-playthrough-verified/m6-annie-cpr-close.png,1373704,3006172bc6f309bffc5e7e27aab9a8456fa10c4a7b48a9844af2b00faa9ee586
prototype/qa-results/story-playthrough-verified/m6-annie-cpr-long.png,1345166,8ec12fa2191b9bd55a2fda17ff5dda3e7fc890b87d73a4224c342d7fb7117246
prototype/qa-results/story-playthrough-verified/m6-annie-cpr.png,1369026,81d8989724dc2a55c22449c07507dffef829fce2d9f4b3f0cd4c4a91aa669cd7
prototype/qa-results/story-playthrough-verified/m6-elevator-display-6.png,376868,aa986a330e49f76162f56b08350dcbfc7f1b37da5b0e2b3529d8614f8e1c7cd7
prototype/qa-results/story-playthrough-verified/m6-stethoscope-relic.png,1774629,6449bff5812b2bfbe56ce59c8221059f6a04373b7e2d63cd755b3f8624404090
prototype/qa-results/story-playthrough-verified/m7-1f-guard-post.png,1332860,50bdde6257b588406072684a6b5872fd8b44ebfd994960a4d42cade1ab039597
prototype/qa-results/story-playthrough-verified/m7-b-panel-concealed-door.png,871092,a91d100333f94714f28d279f3cea8f0a0c3556fcc5fa01d5ea686a709ab3fc8b
prototype/qa-results/story-playthrough-verified/m7-b2-mirror-316.png,988604,5b2ce9ad7f42290314ba8aa5178887692841a81b5ffe3c8b4a28fdef20a67ae3
prototype/qa-results/story-playthrough-verified/m9-dual-identity-form.png,208601,f7c4f644d5c13aa7409a4993b2672a42f7e215d418f86acf49d5cd46d100855f
prototype/qa-results/story-playthrough-verified/m9-successful-dawn-ending.png,179481,b5ce746e3c36ddbdad2c7e968b0f8e5bee2572f2cadd3051a3088e04cf0d3ac4
prototype/qa-results/story-playthrough-verified/motion/m5-bridge-idle-1.png,1235082,9cb02a7efe90137533f5d106b17e0432366be3b4ca87a574622a30b729822b41
prototype/qa-results/story-playthrough-verified/motion/m5-bridge-idle-2.png,1235096,cc2e8266112c1cd988d46afd8eb96f34f5a505a5911d96c1b113d4d9dc12eed3
prototype/qa-results/story-playthrough-verified/motion/m5-bridge-idle-3.png,1235171,cc0e0c6d76e9f81b79c1186e0eaf7f06d606cd9603961e3320e01ca5ac4d373c
prototype/qa-results/story-playthrough-verified/motion/m6-cpr-press-1.png,1380688,6b3f8bff78420efce181db19f49788fc0ec8f5239b6b3a7ffec3e9fce38446e9
prototype/qa-results/story-playthrough-verified/motion/m6-cpr-release.png,1373704,3006172bc6f309bffc5e7e27aab9a8456fa10c4a7b48a9844af2b00faa9ee586
prototype/qa-results/story-playthrough-verified/progress.json,23962,66d0c36c13ca9b12d32af178de7ec8628640bef5862d8eb0edcf7657b3810ada
prototype/qa-results/story-playthrough-verified/result.json,35473,21277e92ebcc642185fa7c7dcd80e463bbb32ff382f083333e1928116e2d674b
prototype/qa-results/story-verified-stderr.log,233,d617a82ad4c8267397866994ccbf0d1764795d85ca393d1429ab70e3f1efc731
prototype/qa-results/story-verified-stdout.log,6813,4a2b58dfb73be98bbaf001884ea9edb25888fd253cd7c17685ef512b479d85f3
prototype/qa-results/texture-encoding/Asphalt033_2K-JPG_Color.webp,5171956,ca7083e8723c09d9f77ff6c68fe9d8f575a5e8955bcfa8a4cc04dcee66faf8c0
prototype/qa-results/texture-encoding/Asphalt033_2K-JPG_NormalGL.webp,9745948,ba424cc25f3df65c3f0708016a024c272b7a45ca8f7d697517f77112b7af157e
prototype/qa-results/texture-encoding/Asphalt033_2K-JPG_Roughness.webp,2595460,1a6b934acc8957958e1502bd8e39878ed6f9ee2843609c4e25d5b642c9ce8318
prototype/qa-results/texture-encoding/Ground037_2K-JPG_Color.webp,9207246,84e58f0f9ad0c0d9aec8d2aa35b6f8e1882d2145c93f3478277afbf88cd1482e
prototype/qa-results/texture-encoding/Ground037_2K-JPG_NormalGL.webp,10833974,0c0d429dbcab8901d0f4bd13598f659eaf420d11fd8e1682718b944e3cff37d3
prototype/qa-results/texture-encoding/Ground037_2K-JPG_Roughness.webp,2812014,21f5ddcaa50d7928dc74762ecf1c0934e8e47c53059668512caa01731fed45ea
prototype/qa-results/texture-encoding/Plastic010_2K-JPG_Color.webp,46922,51cb32b8182b8a9489720f2a632cf13528c302d5752d9ebe33abd93b503ada63
prototype/qa-results/texture-encoding/Plastic010_2K-JPG_NormalGL.webp,993306,73027f0756dea61cc3950ed24ba818882449b2ae130827140798f03f7ef2303a
prototype/qa-results/texture-encoding/Plastic010_2K-JPG_Roughness.webp,1548048,b9ac13fcd116d3ee05938c00630c24ce0c8309371af2c288c0eba6a51826571e
prototype/qa-results/texture-encoding/Terrazzo001_2K-JPG_Color.webp,4499906,c1862a5f2f41b904a67e99a4c5be6cabe0a19b51b1285ab35aef74c77afacd17
prototype/qa-results/texture-encoding/Terrazzo001_2K-JPG_NormalGL.webp,5172418,07ee9614fc63349caa7374eef04f36a4dd8967d96e183c0b50ac3ed0597c0792
prototype/qa-results/texture-encoding/Terrazzo001_2K-JPG_Roughness.webp,1445882,f5ad78e6426c0fa9be53b3e64360dafd7cdc7ef83b6e85fbc117e2047458c54a
prototype/qa-results/texture-encoding/Wood051_2K-JPG_Color.webp,1893252,6978d8aaa8e6399640b52d44c4c8649f9b9367bf7e3a1113656155641b52c923
prototype/qa-results/texture-encoding/Wood051_2K-JPG_NormalGL.webp,5844026,a87ed8abc1962889a3160ff9754f387640e7fabe6c51a317c586f39bd6e7c98d
prototype/qa-results/texture-encoding/Wood051_2K-JPG_Roughness.webp,2524038,2aaa193e035efc84bea1085d930e11b6173493374c5fba68810dea5b66d0de24
prototype/qa-results/travel-background-priority/00-33-registration-active.png,1198616,35c2320e0495df70620b82710dbbcdb6534d003b3af9e9ede09578266e0f0d37
prototype/qa-results/travel-background-priority/6f-preview-gap.png,284475,3c23c808fb71018d1668cd4bd2ec3bcfada69768144b06bcfd6bbe3dfec4efa6
prototype/qa-results/travel-background-priority/elevator-6f-active.png,1041431,d43fda210e7a720762a25b8bb8e0a443e0c15462f8489f10f4d6dfe05284807b
prototype/qa-results/travel-background-priority/result.json,1040,e695430c1c32f0a6454c9d2a838c18e24b15f25ce4f57b2a48abbf0add6cde96
prototype/qa-results/unified-b2/01-attempt-consumed.png,94706,a236f10de3b4f5b6802390475b869661bfe25fbbbc35b5b8a94a5f8506fcef08
prototype/qa-results/unified-b2/02-ending-cg.png,232358,799c18d0319005bd7f26ea08d3f8885da3687baaa5f09dce893cb8faa606a261
prototype/qa-results/unified-b2/result.json,1294,606053a37d5163aecaae37d1cc7e2254c6bd53db262b1b446fc3306c197264cc
prototype/qa-results/unified-loading.csv,1750,640acce67e5081ebf905800e4281ede1054ef25e2eb24572fe9deac26af3e17c
prototype/qa-results/unified-loading.json,5080,3e95d9d3ebb85b58ea83cfed7e916693aebe7c925332c49255ab0b401a8ccb67
prototype/qa-results/unified-material.json,84132,6d16d2ae924d97da22799eb139c52940ff572366bd76829f7a93ae4999c50b05
prototype/qa-results/unified-story/functional/m1-handoff-identity-choice.png,133192,c3b8130e97d5a97b070748dfb5b08cae992026ec536956a41f94d8a6b3299933
prototype/qa-results/unified-story/functional/m7-b-panel-e-prompt.png,852790,401551739e7f594c20c77db09fde2853fe1139b871c7425e227de8be87b5fd52
prototype/qa-results/unified-story/functional/m7-guard-post-approach.png,1286786,661ee1d11780256c82b9e539aef9daabe652417e600094a17df17f1e9dd3def2
prototype/qa-results/unified-story/m1-3f-admin-316.png,1050052,603edd29356bf0b1be810cdcdd5168621ad0cf22e50fce184fe0c2feac288871
prototype/qa-results/unified-story/m1-3f-storage-annie-static.png,1066704,2866a6f3e6cc3a04f0912ebdc4f3305148fadd2a403d88cb8e925e12a2474b12
prototype/qa-results/unified-story/m1-annie-close-inspection.png,1018292,d5348abcdcc48f26b7b3f2e54751788da6bf02f9433372dbd5deea6317c4be7e
prototype/qa-results/unified-story/m2-408c-bed.png,1231472,32bf530fa42151835efef9d76f47f7beadffdb36d3ecc2df0269139b81d61841
prototype/qa-results/unified-story/m2-409-sealed.png,1111757,abe9fc56d4b143ffb364dc7b9731064ec82cab5f5aecbe28c509341cb669fc52
prototype/qa-results/unified-story/m2-4f-duty-room.png,1207710,b014b357c8deb4656fd3cb956c2edc4771e5029576c0c4696515402d121f199d
prototype/qa-results/unified-story/m2-4f-nursing-station.png,1347779,ac18c058a3d102c594da394c659201213e737dab054df13f4ce7c21edb41e46e
prototype/qa-results/unified-story/m3-0033-registration.png,189502,9c222cb7acf75a5faadd988ede92d7a92edc9caeee17a306eb0cbeca16c5ad0a
prototype/qa-results/unified-story/m3-316-legacy-terminal-phone.png,984466,25ac0f5ef610ad4a7670fee3270cacb6b0784c6ff08b24368a85ad20652acc25
prototype/qa-results/unified-story/m3-er-nursing-station.png,988652,30e2bba078262757d7ee1e4bb56cf478f36b5ec4ce900555b78ee84355d3b3d4
prototype/qa-results/unified-story/m4-guard-roster-clue.png,1390981,9670538e142ff098ae7e97867ece04fec9bfbedf3a027d5739dada150e51f8bc
prototype/qa-results/unified-story/m4-ordinary-patient.png,1182721,7452b9023e38dc84ad8ba697e358361cf5da4a82df54c81393abc5f0b5adb4b7
prototype/qa-results/unified-story/m4-transfer-form.png,334678,8945a72730bf0524511b122d31268f1831b663e9aa854302f9db1846a6a6b05a
prototype/qa-results/unified-story/m5-bridge-close-annie.png,1315107,6b63356058f49efc18bef72b4f8a4e439bdc5045de870113337ce954dd3dadf5
prototype/qa-results/unified-story/m5-outbound-bridge-baseline.png,1218977,caafa5f395c36503b72282867bf906b14a3dda9b521bef621813bc2955f32cfd
prototype/qa-results/unified-story/m5-return-bridge-annie.png,1211582,ca75a19c5cc7cf0c3e5e06ec166ba2c449f6ffa32e8fd6d34d5a310ab7e11b9a
prototype/qa-results/unified-story/m5-security-playback.png,273640,10723935e3354d2cc1517aaf70b6e44460ba99215758e2517d9cf4cc4fbdad74
prototype/qa-results/unified-story/m6-annie-cpr-close.png,1383867,0347f90474e64741b8938bf5d4bbd45b102a6084e64502c353e5c5597a720f25
prototype/qa-results/unified-story/m6-annie-cpr-long.png,1342876,cc5732d739fae5b4c9d5f4e4144e1d75850d05db92039f9d37441c40d402e1dc
prototype/qa-results/unified-story/m6-annie-cpr.png,1369472,a939e676684e64693aa44542fc5739a883525a507c5bd321a2e3b7673023d303
prototype/qa-results/unified-story/m6-elevator-display-6.png,376868,aa986a330e49f76162f56b08350dcbfc7f1b37da5b0e2b3529d8614f8e1c7cd7
prototype/qa-results/unified-story/m6-stethoscope-relic.png,1774629,6449bff5812b2bfbe56ce59c8221059f6a04373b7e2d63cd755b3f8624404090
prototype/qa-results/unified-story/m7-1f-guard-post.png,1333275,342dd7da829d30bc98125922d9c9c2ad0fe1b32ffcc4d2c3c824971185fc11a1
prototype/qa-results/unified-story/m7-b-panel-concealed-door.png,873814,a5d09901b774c7161830c0cca980ab1941d5c550afc3ae3a2e46f682f8b800c0
prototype/qa-results/unified-story/m7-b2-mirror-316.png,986123,66b768f4dd284f647b12dd44b3b8a72e5fa7b7708caba15d8caedd14012d7279
prototype/qa-results/unified-story/m9-dual-identity-form.png,200315,6ff6962cbe568b81186db11bbfc67a81cf3bf49164edadc79974f569c2936ba6
prototype/qa-results/unified-story/m9-successful-dawn-ending.png,179481,b5ce746e3c36ddbdad2c7e968b0f8e5bee2572f2cadd3051a3088e04cf0d3ac4
prototype/qa-results/unified-story/motion/m5-bridge-idle-1.png,1211801,56d5cf5b1e59facbf80d514e0f3f3dc11628d3a75ae3a26e5efa6a002e45133a
prototype/qa-results/unified-story/motion/m5-bridge-idle-2.png,1211798,69fae19865a53d5fe2ee2d4682747782cf3fd7fa73e67dfd068b55031e7c5024
prototype/qa-results/unified-story/motion/m5-bridge-idle-3.png,1211804,35c7614a4d9b286de0ea01b0cdd90ba09513ba280d2502947dcf01d8d33735a2
prototype/qa-results/unified-story/motion/m6-cpr-press-1.png,1383867,0347f90474e64741b8938bf5d4bbd45b102a6084e64502c353e5c5597a720f25
prototype/qa-results/unified-story/motion/m6-cpr-release.png,1376528,d38c156cb3e94a301c7eced7435e4374f60ef5c6abe7960f58783d9310c10fc1
prototype/qa-results/unified-story/progress.json,24064,09d0efbe2ff0813c4f2c80e11331921b68ade61f823a19c493a458ba8ff39282
prototype/qa-results/unified-story/result.json,24124,bf2316f60103e27a25819c30f9d497169efb763f86c58b9307689dafa29fee5f
prototype/qa-results/visual-after-corrected/capture-manifest.json,23228,e068c848f9857e8abe5b20981085e6d41ecc7f78d656544ff6b290bb2ffae018
prototype/qa-results/visual-after-corrected/m0_316_entrance_detail.png,714038,9c779b7c7c6a12cc6a90b4982b90d8afbce0017ea31e16ffd122f4dfad847f91
prototype/qa-results/visual-after-corrected/m0_316_entrance_entrance.png,854124,062badf7245dd46c6e3e2a417554cb8389184cde38e0d595a0253738c12c775a
prototype/qa-results/visual-after-corrected/m0_316_entrance_junction.png,863748,74c2b290cd1b49ff18ed98a09c4e7f6e1754e41d4ee7da66245d6a3788682997
prototype/qa-results/visual-after-corrected/m0_316_entrance_mid.png,919621,edfc25c75dd25b77dc5304ebbf1bacc6a69ff5d08c7f163785c6ebf5ade74b40
prototype/qa-results/visual-after-corrected/m0_316_office_detail.png,773020,df0426fd95b6f0f894c3b3a8b1d3a7b0b365f1dab4a6b680571914993abb6096
prototype/qa-results/visual-after-corrected/m0_316_office_entrance.png,959784,cb76166b6089a3a8efda323f8e6100134ad9c0e79ec67f1b07483f6bf838b19c
prototype/qa-results/visual-after-corrected/m0_316_office_junction.png,857306,cdd026ce4c254e5ac03e5377e0c22e40ce1536fbd725baa4a4f988714147068b
prototype/qa-results/visual-after-corrected/m0_316_office_mid.png,1104413,5062fc814e2d20bf11f7d913d490ee4b0abb91250b6f7b8debc06fa75e010f05
prototype/qa-results/visual-after-corrected/m0_3f_corridor_detail.png,1031943,9ac0f0e02bee169af6d28d3e709abfab34df4e22a95b9a43985bae3f10e8fdac
prototype/qa-results/visual-after-corrected/m0_3f_corridor_entrance.png,1059837,1a16e0e925693589f98ad8824e0038a2180d8dea5565d432ef6ea493f6eca6db
prototype/qa-results/visual-after-corrected/m0_3f_corridor_junction.png,992053,dff093909a94471231b0f52164fc629741273640d767495ed8c5b8a4ea6669d4
prototype/qa-results/visual-after-corrected/m0_3f_corridor_mid.png,1022094,b84e313f999aebe0ce3fd2302d9686cf2f0ebc83a15d226f790ea2152d44f7a9
prototype/qa-results/visual-after-corrected/m10_second_campus_1f_detail.png,817246,d82639948d778ddb51f6c34efb60f0cc409da270095bc9065dd79b4ccf52f158
prototype/qa-results/visual-after-corrected/m10_second_campus_1f_entrance.png,1062082,c090f4a8894a837a08d66eb7c3934e483c5cec8a70cd7b24ae4e9410bf3aa8c6
prototype/qa-results/visual-after-corrected/m10_second_campus_1f_junction.png,849298,6e5afda72c0679f7e6e59b9ca3ed274bacdfa7c6534dc52d5ea42d7ee67d7b52
prototype/qa-results/visual-after-corrected/m10_second_campus_1f_mid.png,1123020,61cbd00ed82f3aacb39d89dd4d33107e13e30626fdeec71b30b95afd32eeb845
prototype/qa-results/visual-after-corrected/m1_4f_lobby_detail.png,688374,e3d3e50e25ba02a1d71a238dc3d56939cdc07c5752ff5c370a22a2e939481dc3
prototype/qa-results/visual-after-corrected/m1_4f_lobby_entrance.png,1161049,8490ca443110e894f1e7257e0ccb9868f6f04976a2139701b37d7847ad64429d
prototype/qa-results/visual-after-corrected/m1_4f_lobby_junction.png,831165,1f1384074bb856c548fa9d16e89855e97840ba17444456fd903e6f14608dd9ed
prototype/qa-results/visual-after-corrected/m1_4f_lobby_mid.png,1201965,6274cfd4a3f97ed3ac1c4782210ae839812ac8b1256e87205972d10ee4560ff4
prototype/qa-results/visual-after-corrected/m2_4f_409_detail.png,1012154,2a3cecd7759b5d194d138c53a85b1b474e915792dc91f2f8a826914900bda9f7
prototype/qa-results/visual-after-corrected/m2_4f_409_entrance.png,1030634,704335f73734a07090a0f1c3686ef4d9a3fb90017c0ed227136948c9845f08c5
prototype/qa-results/visual-after-corrected/m2_4f_409_junction.png,988930,de2b0413c18fe9201afb47f56d7c598a50535f97a3ec838eca3c7fbd6fb1d924
prototype/qa-results/visual-after-corrected/m2_4f_409_mid.png,1037762,fef2cb34f8c5a5eb6481ec797b29ffda7c3f9f9595d21187ef13190f4f45ece6
prototype/qa-results/visual-after-corrected/m2_4f_duty_room_detail.png,940479,e22b7215fffbc79cb939bb18e4821bd334296b0685dd3c8633241a1f37905622
prototype/qa-results/visual-after-corrected/m2_4f_duty_room_entrance.png,952309,21560de2221b04c4716ccceb3524ef2fbbae4fc0fda38bf3f02f929f97bbbf3c
prototype/qa-results/visual-after-corrected/m2_4f_duty_room_junction.png,994431,c08098f2d7a888cc06fb5e2883c45d42cdd277d690a47932241ae8d9a7180ab7
prototype/qa-results/visual-after-corrected/m2_4f_duty_room_mid.png,1132695,47124726f03f733986b1eb905f3bfc16014a76cef48e5da1aff30f8836fcdd73
prototype/qa-results/visual-after-corrected/m3_4f_nursing_station_detail.png,742030,f2a9f974bb94c1ed4ffe0f1afc8589e8e2dacaf74ad13ccdd8b405306644877f
prototype/qa-results/visual-after-corrected/m3_4f_nursing_station_entrance.png,810347,9883b915a5d65c22d3a645bef6e0825433b4bf74825c74a489f0d930abf1fae8
prototype/qa-results/visual-after-corrected/m3_4f_nursing_station_junction.png,816933,97a67a3a8290ecd79afa2c3ba2a18872f611eaaf9f697454871880192e87c647
prototype/qa-results/visual-after-corrected/m3_4f_nursing_station_mid.png,987283,2860d8208795d0b4ee3e8ae568d722a776583a71c3db4e5e24b0bcda095d0220
prototype/qa-results/visual-after-corrected/m3_4f_ward_gate_detail.png,1007516,beb7d4b4d732acc22a5b9423f19882a1de6c100fdf922107fd6e73c5e1b364be
prototype/qa-results/visual-after-corrected/m3_4f_ward_gate_entrance.png,985983,e5b407023b47afc3561b7022dcdc4b22aae8a428303e02219f7640bda177c440
prototype/qa-results/visual-after-corrected/m3_4f_ward_gate_junction.png,851147,a0b538c0dbfc07e08d090f2d7d1617091e819bdfb94201085007d8401a1e88a0
prototype/qa-results/visual-after-corrected/m3_4f_ward_gate_mid.png,997623,b75be7970d47511a3c648226b70ecf9483a8ff487a306131bc265d7f1557baef
prototype/qa-results/visual-after-corrected/m4_2f_er_arrival_detail.png,832481,06cdb24d91afdfbc7d7120814d211ac2192535c5bb0f7a4264f984ac4773b7ea
prototype/qa-results/visual-after-corrected/m4_2f_er_arrival_entrance.png,1034297,9e293fdf9d517575353950094ff53c4c425aabcd7459d10a4f0d33c51018a3d2
prototype/qa-results/visual-after-corrected/m4_2f_er_arrival_junction.png,854172,5ecfb2c14ae9af086b19a8b70e24d1986c6b6fc6919be2aa1a5df6608835b549
prototype/qa-results/visual-after-corrected/m4_2f_er_arrival_mid.png,1020842,1ca3f4b4dcbed444c86256e64d7fe1c2662cc6891c165e14ac8469af641a95fc
prototype/qa-results/visual-after-corrected/m4_2f_er_bays_detail.png,936797,391b4156271bad105acefa499f3a80192c23750618234532fc837df8f7e88f09
prototype/qa-results/visual-after-corrected/m4_2f_er_bays_entrance.png,957357,70f19da03442a2b1d559b9c84a6357af286229baa2d802cb72cd74b52b2cd38a
prototype/qa-results/visual-after-corrected/m4_2f_er_bays_junction.png,1024204,0d43902f43df063c387507dfdf0bdaabad8255446b89f7fa1346f5522b4b1831
prototype/qa-results/visual-after-corrected/m4_2f_er_bays_mid.png,987520,7ca0278b1dab6ddf446a282e4ad0fe2188d3453dac42f684984212e9633aeaba
prototype/qa-results/visual-after-corrected/m4_2f_er_exterior_detail.png,506237,fecb07bf58baa1ed24221acd138ef68433fd6486d936d9c795898157d08b9fc7
prototype/qa-results/visual-after-corrected/m4_2f_er_exterior_entrance.png,646087,af21f2b793b745f2f24e99892db6711c2edf77d67c1103349d429a28463d297c
prototype/qa-results/visual-after-corrected/m4_2f_er_exterior_junction.png,797426,0f123f2775036924e481959c446a6b68cd2b4dec4ed9854649e6571f99df812b
prototype/qa-results/visual-after-corrected/m4_2f_er_exterior_mid.png,781505,fadb697d09f3cf827aa65cf34cfed42f9c2604dc81c6777978235b1ab76cf60e
prototype/qa-results/visual-after-corrected/m4_2f_er_treatment_detail.png,786573,087c174922d94492991e387c0d237a1a1aecd4ef8f87f1e3cd3731e72ec77c30
prototype/qa-results/visual-after-corrected/m4_2f_er_treatment_entrance.png,991218,17b720fbdd76155a62119a8efc32010708384bfd69142d5a126acf9fc55d9e13
prototype/qa-results/visual-after-corrected/m4_2f_er_treatment_junction.png,923658,06b653a4d48fcd6fafe0971d202a1b4fb3a33cb153328a6ce4dd499f9af12b70
prototype/qa-results/visual-after-corrected/m4_2f_er_treatment_mid.png,1095148,703dd1be307d4dd7153cc7cadcb5d5eb747b7bb23b65e291f6eafe978b33f5bd
prototype/qa-results/visual-after-corrected/m4_2f_er_triage_detail.png,888938,2160074881bd4dd8c4b3eac8dc3531af12d82b05f33341d195881195b0045c31
prototype/qa-results/visual-after-corrected/m4_2f_er_triage_entrance.png,931410,6926329d1119308bc193815599eb67e0d1c97353f685708a1727852434ce0705
prototype/qa-results/visual-after-corrected/m4_2f_er_triage_junction.png,1139085,07c23931ee2c57638289315c75a219e98e3c68428038fa393fc2e573ff0d9983
prototype/qa-results/visual-after-corrected/m4_2f_er_triage_mid.png,1084279,3a9d9302b76f9f2fe81ff86c6e17fa00a45f0e77bc8206eefb559df08d02c161
prototype/qa-results/visual-after-corrected/m5_1f_lobby_entrance_detail.png,933428,b009e3078b86114bcd032d78344010b2351e702f8b418659c5b70e55ab6db4cf
prototype/qa-results/visual-after-corrected/m5_1f_lobby_entrance_entrance.png,1232611,d8aca30aaa2f39f3c92f62c0b561668356ae9ebc0048dbf891df92f4d67c569a
prototype/qa-results/visual-after-corrected/m5_1f_lobby_entrance_junction.png,975425,51bcb2f22ccf44e86c68b25736d2678633239ebf6fc5c1420e1ac648b4283f1c
prototype/qa-results/visual-after-corrected/m5_1f_lobby_entrance_mid.png,1270421,216af4c087f0f7cfaff4824469559d9da9ff593efc8a3dfd6e6f879a7149de66
prototype/qa-results/visual-after-corrected/m5_1f_reception_detail.png,865495,d9550a320cdb2708a4bb3492783e7ecb5c3a6fe1a65e2ddb880996206a0b525f
prototype/qa-results/visual-after-corrected/m5_1f_reception_entrance.png,884133,e027e0be937340e25202ec5c80e0aa2aeed288b9088a99be7d68cf032b3bdabd
prototype/qa-results/visual-after-corrected/m5_1f_reception_junction.png,1166324,f9b78f139278d0bcfc45e0097c20da7c8974889575a8351f5b5103f26468a408
prototype/qa-results/visual-after-corrected/m5_1f_reception_mid.png,1243173,69309239c807b507a84b68814130fc5a1780c68b8aee2fb6cb120489a4a14029
prototype/qa-results/visual-after-corrected/m6_8f_bridge_entry_detail.png,818986,ef0e41c9fa6328add72e01b2a053629b81b12b94ae4c51193923660f5a5dcc23
prototype/qa-results/visual-after-corrected/m6_8f_bridge_entry_entrance.png,961126,b4e3b8df42c2b41a7d93987b55ffd4eef4d86923cf99cf712d5c82aecf447e9e
prototype/qa-results/visual-after-corrected/m6_8f_bridge_entry_junction.png,1043531,b58f8696a63f0759e6ed36cb20feb041e58c82b2145ec332cab1c8efdbc4bcdc
prototype/qa-results/visual-after-corrected/m6_8f_bridge_entry_mid.png,1041317,80dec4e22f010f6e89def1eddb905a5329275800b9f1ce97200fd63b961a7ba8
prototype/qa-results/visual-after-corrected/m7_skybridge_end_detail.png,676243,08b90f689908e73ab4d10268fd67912f9fafb0a34fe645b378d5646870f73178
prototype/qa-results/visual-after-corrected/m7_skybridge_end_entrance.png,855640,b09c596d8d4481a0b881eb22d933aa55d9af2f54a94cbdaaac00944e1d253757
prototype/qa-results/visual-after-corrected/m7_skybridge_end_junction.png,846897,77d6f9fce7eab208e5264d3b89c4be17deee4c0c577d2306fd84b7c67a923e13
prototype/qa-results/visual-after-corrected/m7_skybridge_end_mid.png,933361,a02d6be9155b4fa3c1ca22afecdb11c77abe5f1a0d7101e3a5dd4cd9aa87fbf8
prototype/qa-results/visual-after-corrected/m7_skybridge_mid_detail.png,964754,392408a6dbd5b3c700bf02950a050033463283fc1bb938aea91d76ca26b8b249
prototype/qa-results/visual-after-corrected/m7_skybridge_mid_entrance.png,1152290,b207a3300d076b681935099fffd692b2fe06a63abca3f61b7b50f6afc7a2e2e7
prototype/qa-results/visual-after-corrected/m7_skybridge_mid_junction.png,942863,be512b945744be7ef478f087e974f4537e92ba71aa7d598db0c135be135c3a65
prototype/qa-results/visual-after-corrected/m7_skybridge_mid_mid.png,1162986,2d645c8e834a6d43cd20b4daa1f77b4f329092ddad9b0a40f02a6b9a6615b9e4
prototype/qa-results/visual-after-corrected/m7_skybridge_start_detail.png,1018777,4f2b22e456f873a392dc5afecb334b0eb2514e347e3e6621c761b07eac79bcc4
prototype/qa-results/visual-after-corrected/m7_skybridge_start_entrance.png,1178134,3ff4ccc3e49e57ba7312882b25e5a03349e7f0c1fce7f801326669cea470c54f
prototype/qa-results/visual-after-corrected/m7_skybridge_start_junction.png,989501,b675bd020c7cdf352c0fb1155a5adae1e28847d1cd8ad638d4cbd70b6c456e0c
prototype/qa-results/visual-after-corrected/m7_skybridge_start_mid.png,1178778,21dbb526a0de29911691ffae69a0912842537058ebfb55a992a0db6a78c8e948
prototype/qa-results/visual-after-corrected/m8_second_campus_std_detail.png,586429,7cb509d5f2f09255cdfcb7314e02e2e09db45cac7cf0bbec119705ae41e9c6b3
prototype/qa-results/visual-after-corrected/m8_second_campus_std_entrance.png,736185,bf670587dc88b5ada950c61b0062a587c28eeecf02190f892a2e096a8a0fcc33
prototype/qa-results/visual-after-corrected/m8_second_campus_std_junction.png,804024,3ccc73d023cd97c701f8d7eef356931511dbfb3f7281ab22e3222e6b416c3dae
prototype/qa-results/visual-after-corrected/m8_second_campus_std_mid.png,950619,2b198ce75871fbc6de9ddeb2ebb7b0249179eba6876c0a198a48ad598953fbdd
prototype/qa-results/visual-after-corrected/m9_second_campus_2f_detail.png,941792,df5502d69550c587b6e50c5ae87f9b333db440f63289800094cadb4e167d5eb0
prototype/qa-results/visual-after-corrected/m9_second_campus_2f_entrance.png,1330320,762433704c1ad1bb78f8c216f6309b91832106c989bf8c04573185e634d2e3be
prototype/qa-results/visual-after-corrected/m9_second_campus_2f_junction.png,947140,196d9ee74869b12b96da9faecde85568d5a11c0bb2dd02a7847d6d624c815cfc
prototype/qa-results/visual-after-corrected/m9_second_campus_2f_mid.png,1280328,3e4e98f11dbd646015176c6e8c79bcf8f606c2eeba47b80d5997db6f6040d0fa
prototype/qa-results/visual-after/capture-manifest.json,27736,3b471c545d4c98223544e59d2c6d087636ee0ba248ef992d3bcf3fa05025a87e
prototype/qa-results/visual-after/m0_316_entrance_detail.png,714029,98786b5914b926ecc59a648f0187b55762658626db4a02d53322d4602698466a
prototype/qa-results/visual-after/m0_316_entrance_entrance.png,854141,6a033444ab657b079f4fcc14ee3406babe779dddc8022888da84836779250a16
prototype/qa-results/visual-after/m0_316_entrance_junction.png,863747,7661360835b6e1c8223a3c2f91d715ed34a3dfd837c1780756690b42a3973551
prototype/qa-results/visual-after/m0_316_entrance_mid.png,919628,02c28a9a7a055a4013d2675dcd2b0bbd143bc43de12cc234bcb7d4c89bc56ed7
prototype/qa-results/visual-after/m0_316_office_detail.png,773020,df0426fd95b6f0f894c3b3a8b1d3a7b0b365f1dab4a6b680571914993abb6096
prototype/qa-results/visual-after/m0_316_office_entrance.png,959784,cb76166b6089a3a8efda323f8e6100134ad9c0e79ec67f1b07483f6bf838b19c
prototype/qa-results/visual-after/m0_316_office_junction.png,857306,cdd026ce4c254e5ac03e5377e0c22e40ce1536fbd725baa4a4f988714147068b
prototype/qa-results/visual-after/m0_316_office_mid.png,1104413,5062fc814e2d20bf11f7d913d490ee4b0abb91250b6f7b8debc06fa75e010f05
prototype/qa-results/visual-after/m0_3f_corridor_detail.png,1031943,9ac0f0e02bee169af6d28d3e709abfab34df4e22a95b9a43985bae3f10e8fdac
prototype/qa-results/visual-after/m0_3f_corridor_entrance.png,1059837,1a16e0e925693589f98ad8824e0038a2180d8dea5565d432ef6ea493f6eca6db
prototype/qa-results/visual-after/m0_3f_corridor_junction.png,992053,dff093909a94471231b0f52164fc629741273640d767495ed8c5b8a4ea6669d4
prototype/qa-results/visual-after/m0_3f_corridor_mid.png,1022094,b84e313f999aebe0ce3fd2302d9686cf2f0ebc83a15d226f790ea2152d44f7a9
prototype/qa-results/visual-after/m10_second_campus_1f_detail.png,822424,2507f268251ef4fd4523c231225046a9f2ae7072edd55d5555cf904b1929137c
prototype/qa-results/visual-after/m10_second_campus_1f_entrance.png,1062082,c090f4a8894a837a08d66eb7c3934e483c5cec8a70cd7b24ae4e9410bf3aa8c6
prototype/qa-results/visual-after/m10_second_campus_1f_junction.png,871314,25acf57fe40672b2fb71ef736969aed7cf40e16f4dc0fc3b119c36af917ea01a
prototype/qa-results/visual-after/m10_second_campus_1f_mid.png,1135442,1cd3e66de422a5dd325e39c438fe42fd26312050d121607e699c7902b29bfe35
prototype/qa-results/visual-after/m11_hillside_branch_detail.png,766965,95e83d6e611676c54b23257c7b64c500007eb2c2a84b582bfb5577a0c0c38538
prototype/qa-results/visual-after/m11_hillside_branch_entrance.png,826071,960556f2e898ee3f6c234fb6a9987c534041ba30e867440daba4285c87e101ac
prototype/qa-results/visual-after/m11_hillside_branch_junction.png,749314,0999615a3a9fc7a6f537b56cb70c466f09aead2c04cc917daea5af8e18be7c1d
prototype/qa-results/visual-after/m11_hillside_branch_mid.png,846240,b1e772e8e236a48b0961b77f9764d204c57c145477307142e44b82d9fcff2284
prototype/qa-results/visual-after/m11_hillside_main_detail.png,830347,381890006b680c6f615df4edbf1eac19820bf95e8dafe4bf6b14df0b90b3f14a
prototype/qa-results/visual-after/m11_hillside_main_entrance.png,871314,25acf57fe40672b2fb71ef736969aed7cf40e16f4dc0fc3b119c36af917ea01a
prototype/qa-results/visual-after/m11_hillside_main_junction.png,826071,960556f2e898ee3f6c234fb6a9987c534041ba30e867440daba4285c87e101ac
prototype/qa-results/visual-after/m11_hillside_main_mid.png,874257,6664329ce82f5ea8080ef1a7ad63fd7e1cdb02ee384eee3cb988589cf9abfdbd
prototype/qa-results/visual-after/m12_pond_approach_detail.png,688394,d06f1b3349ed62a83944ad304e32627d4d890fb2b00ec278f429607380facc50
prototype/qa-results/visual-after/m12_pond_approach_entrance.png,749314,0999615a3a9fc7a6f537b56cb70c466f09aead2c04cc917daea5af8e18be7c1d
prototype/qa-results/visual-after/m12_pond_approach_junction.png,778482,e9952bdbf80e4d9b47d1426d99bdacd385da764df4d4adda2880a4044c310c4d
prototype/qa-results/visual-after/m12_pond_approach_mid.png,760470,52a187bd05cb80c205f0c7ab00c11c25f8a495a19a1d95e0d1b484cf3526c9f1
prototype/qa-results/visual-after/m12_pond_deck_detail.png,684815,f7d6e29abe0fd126143f18047054b46c04975457e08be6528d4af9f54644b5fc
prototype/qa-results/visual-after/m12_pond_deck_entrance.png,778482,e9952bdbf80e4d9b47d1426d99bdacd385da764df4d4adda2880a4044c310c4d
prototype/qa-results/visual-after/m12_pond_deck_junction.png,781575,9dbfa8f89192bc37ef191706da5063541bd94ffff29a170b4751e99bd4627ed5
prototype/qa-results/visual-after/m12_pond_deck_mid.png,793348,5b1c6474da30bf4d06194b532e101cd0ed4b3faa6c85f60e42aa192519d29023
prototype/qa-results/visual-after/m12_pond_waterside_detail.png,777384,155a3cf4486c03548ade2a744b31fb648fa377a2e3f7c57e9042aacebdbbe236
prototype/qa-results/visual-after/m12_pond_waterside_entrance.png,781575,9dbfa8f89192bc37ef191706da5063541bd94ffff29a170b4751e99bd4627ed5
prototype/qa-results/visual-after/m12_pond_waterside_junction.png,833808,3d85fec7bcc1d617708712d3c7fae3c2072190f1f06ea79d830ed423e39772db
prototype/qa-results/visual-after/m12_pond_waterside_mid.png,790165,89f89171e7b96a13f64c78c28d617f6f8c97985d772b23b2f7327fe6ecf62049
prototype/qa-results/visual-after/m1_4f_lobby_detail.png,692878,6a520a6bbe3036cce3650684364a3a2b3819947c6ac814661ca689258f205644
prototype/qa-results/visual-after/m1_4f_lobby_entrance.png,1188652,70218cf4888db3021197ea676af223addc8089a58aed20b8aee98bade1a3caa1
prototype/qa-results/visual-after/m1_4f_lobby_junction.png,847900,9c388e9e691b76cc78672f2a0a2a4c8b79418490667252ded6b7dfd5b375a326
prototype/qa-results/visual-after/m1_4f_lobby_mid.png,1254513,5bbc03a3a9c069ba832594c69d2e006646a53661c53d5e85bd4d904692ffe214
prototype/qa-results/visual-after/m2_4f_409_detail.png,1012154,2a3cecd7759b5d194d138c53a85b1b474e915792dc91f2f8a826914900bda9f7
prototype/qa-results/visual-after/m2_4f_409_entrance.png,1030624,356a5dd3b7764ddf91243699111cb8f1521ae7ad8d7ffb8dd4ed45ebec5b2a25
prototype/qa-results/visual-after/m2_4f_409_junction.png,988930,de2b0413c18fe9201afb47f56d7c598a50535f97a3ec838eca3c7fbd6fb1d924
prototype/qa-results/visual-after/m2_4f_409_mid.png,1037762,fef2cb34f8c5a5eb6481ec797b29ffda7c3f9f9595d21187ef13190f4f45ece6
prototype/qa-results/visual-after/m2_4f_duty_room_detail.png,963211,e475ce654360553615c77bee257a20681b39e102c388515a5043988ab7e207ea
prototype/qa-results/visual-after/m2_4f_duty_room_entrance.png,981485,6af0113b53ce141c0a28596be95afffa8d28da468f4fd538b94b87193bae806f
prototype/qa-results/visual-after/m2_4f_duty_room_junction.png,1015245,abb8b0a7114409bcd1df22dabd3a9e74fd3d0f3f596a2bdb9834a7965cd7cef1
prototype/qa-results/visual-after/m2_4f_duty_room_mid.png,1168394,0eb8b0a4b57cbbc7177067c8ded87d42606626ef741851c7e0300ecd8ad222ec
prototype/qa-results/visual-after/m3_4f_nursing_station_detail.png,757521,182c4e3f262f8b3e0b89c8382b1f2be14a9b4483be57885f86eeac569fd7e341
prototype/qa-results/visual-after/m3_4f_nursing_station_entrance.png,814585,4f6adf36038819bc45cb052934a8dd11f8cffd089f480313150e268024043c4b
prototype/qa-results/visual-after/m3_4f_nursing_station_junction.png,827392,d99ff0c33c3d79fd3f41f8f21ab01eb878d855fa6ec67a5316f5667ef628b126
prototype/qa-results/visual-after/m3_4f_nursing_station_mid.png,1028149,5bbc53b2894b5c944c860b80f93b0e5f73836bc80183827fac03a84c952eea31
prototype/qa-results/visual-after/m3_4f_ward_gate_detail.png,1032369,0f47b7f603093cac95d45e3088b987b18294106cea2904d44e8b1752fca1944f
prototype/qa-results/visual-after/m3_4f_ward_gate_entrance.png,1031955,697261c2f89985ac53cd5b04f98bfc6dda16a2e5ba922463f4a27a345f962b86
prototype/qa-results/visual-after/m3_4f_ward_gate_junction.png,864680,4163e6dca989cfae57f2414e7c114cd8bd2fcfe01e4daf1f7822f5fef3a186bf
prototype/qa-results/visual-after/m3_4f_ward_gate_mid.png,1016047,5dbf39f60b72ed5dcf08c4c509aa182ed620d7c1f8a429214a60026badea7645
prototype/qa-results/visual-after/m4_2f_er_arrival_detail.png,840504,c13e42f8993126bc461df754d9e35642cfd8e9b8e53283a6a2e6706c7d201a34
prototype/qa-results/visual-after/m4_2f_er_arrival_entrance.png,1065899,f65440c2c81c8c27205ffe9625192ed1684b05618e28cb9a3df6b667ae797237
prototype/qa-results/visual-after/m4_2f_er_arrival_junction.png,869592,203548c7157de92aa952a035c07a70c7d0a392084407ab21917af76b0b9d48cd
prototype/qa-results/visual-after/m4_2f_er_arrival_mid.png,1075800,048db94dff44ad171a270bbbdeb0cdc7debbca3f21a212660a1f3861f5ffbfad
prototype/qa-results/visual-after/m4_2f_er_bays_detail.png,957269,745f9563307333da3e554e60b02fbc902cdd60259db4cd2f6d0473d25240cc67
prototype/qa-results/visual-after/m4_2f_er_bays_entrance.png,971969,7bb4c508bc2420c9bb0ffa05f5fbc41ae51b57a35587daf86a7edcb2955f0c1a
prototype/qa-results/visual-after/m4_2f_er_bays_junction.png,1024204,0d43902f43df063c387507dfdf0bdaabad8255446b89f7fa1346f5522b4b1831
prototype/qa-results/visual-after/m4_2f_er_bays_mid.png,987840,bde42f0e2527a1c5d986baa2e6a3929c5a6febbb5c76c0885d80707b167bb42b
prototype/qa-results/visual-after/m4_2f_er_exterior_detail.png,506237,fecb07bf58baa1ed24221acd138ef68433fd6486d936d9c795898157d08b9fc7
prototype/qa-results/visual-after/m4_2f_er_exterior_entrance.png,646087,af21f2b793b745f2f24e99892db6711c2edf77d67c1103349d429a28463d297c
prototype/qa-results/visual-after/m4_2f_er_exterior_junction.png,797426,0f123f2775036924e481959c446a6b68cd2b4dec4ed9854649e6571f99df812b
prototype/qa-results/visual-after/m4_2f_er_exterior_mid.png,781505,fadb697d09f3cf827aa65cf34cfed42f9c2604dc81c6777978235b1ab76cf60e
prototype/qa-results/visual-after/m4_2f_er_treatment_detail.png,786573,087c174922d94492991e387c0d237a1a1aecd4ef8f87f1e3cd3731e72ec77c30
prototype/qa-results/visual-after/m4_2f_er_treatment_entrance.png,1179159,02cf9181bf60464aac8bda1c393d8ffb0ca631e163cec0b09af65adc216744ef
prototype/qa-results/visual-after/m4_2f_er_treatment_junction.png,923943,89eb2b7b7a7b31c93fc8a1659c91d1123a35435c6f4221072c13665f4e43fc40
prototype/qa-results/visual-after/m4_2f_er_treatment_mid.png,1187460,9d199cb8624f508a761db1eeef8acd01c07290d5f2653b915e0e56677aa3cef2
prototype/qa-results/visual-after/m4_2f_er_triage_detail.png,927306,1693afd53200ab883e7712709acf9a821f88ef78df27f27d769d92310b24ced7
prototype/qa-results/visual-after/m4_2f_er_triage_entrance.png,925614,31c45a4437244b5133be8af2f468f035ca8f864bb5af607e921738f966b1abf1
prototype/qa-results/visual-after/m4_2f_er_triage_junction.png,1171039,cc932f16815678fe9dbd0974f38357b15c97f895dd5965f9b943fe54671d7924
prototype/qa-results/visual-after/m4_2f_er_triage_mid.png,1096726,65196f9c5696c1737813d90903c64ded5db3d09cff3043c0a55ec02f41d06bb4
prototype/qa-results/visual-after/m5_1f_lobby_entrance_detail.png,957569,ad22beb218581b46099d0836d5fabdac021fea0b3f12eddb96f5b40592c699d2
prototype/qa-results/visual-after/m5_1f_lobby_entrance_entrance.png,1247062,87bedd7ef6382953a67e9d6beff7fee5944482eb09642bb96d84e42e292958a5
prototype/qa-results/visual-after/m5_1f_lobby_entrance_junction.png,1015452,bbdd3d23485a318ad80035e52a0184e13fb924b7764f3eadede3079737d4bc6c
prototype/qa-results/visual-after/m5_1f_lobby_entrance_mid.png,1321506,2f89f49762e3996ff263a47fa406dddbdc4d8b0084d310143312ce7562c68430
prototype/qa-results/visual-after/m5_1f_reception_detail.png,874902,ea7bd253213a6bb5ef1ce4c079b004d2782ec05dce8825f36b5c11fe006c77e0
prototype/qa-results/visual-after/m5_1f_reception_entrance.png,884055,8ff20dbea1db21f6e71ed52d95c36faddf30f3adba80822c23330b97c0d1c562
prototype/qa-results/visual-after/m5_1f_reception_junction.png,1179448,1a22831c68568b2b0975d73feb13a9744753f75e38c7e780f2350a702a0da2b5
prototype/qa-results/visual-after/m5_1f_reception_mid.png,1272149,127d08bfdb45da72791f28a34f21b7f36a6ba3d82500b0e3e69306c7502776eb
prototype/qa-results/visual-after/m6_8f_bridge_entry_detail.png,828127,08650e9b8f0dbd83c30ce6c2e220480e99bfa901b6031ebcee9ac0cd121952bc
prototype/qa-results/visual-after/m6_8f_bridge_entry_entrance.png,963336,681c245e90da131236f83c80d4578566739ce5f14638bdca994a04ac67cbff42
prototype/qa-results/visual-after/m6_8f_bridge_entry_junction.png,1066486,20e5c604e79b15819b539933a03265e6a61d81d20936fb4aea0a9ebbe48437be
prototype/qa-results/visual-after/m6_8f_bridge_entry_mid.png,1055786,f5a38cc32fba9cf2eeda26a517f9687f84848ce078c7c8119874d544a48985e9
prototype/qa-results/visual-after/m7_skybridge_end_detail.png,677476,c668a38660e0544a767418b76d10e30b68ba3069e5b4a8c80ecc10debdd99495
prototype/qa-results/visual-after/m7_skybridge_end_entrance.png,865599,27589f0491a8fc5364d17464af6ac6394f366ca0a203bda10d491bf8fa1393a2
prototype/qa-results/visual-after/m7_skybridge_end_junction.png,861984,945d428ab481d181dd1b3965520c18c52b9a965e5c0159f44e52517bfaa90aa3
prototype/qa-results/visual-after/m7_skybridge_end_mid.png,948761,a49173863a81355794d12f21f1907bc00723e1750c1e9697375ada578812fc04
prototype/qa-results/visual-after/m7_skybridge_mid_detail.png,1005483,f05a039438b82293fdb2812e43add8f460922b434b5410cc107a1ff91e2bd545
prototype/qa-results/visual-after/m7_skybridge_mid_entrance.png,1212332,b3f02e02a6a29e5cf76dfaa49c2433d88c6380340e2de740b20ba9e7b60c2e60
prototype/qa-results/visual-after/m7_skybridge_mid_junction.png,969354,9bbcdd2c111edd31da958c57670b1bbfaa03f0d31bfdcce0c353e9604537c13f
prototype/qa-results/visual-after/m7_skybridge_mid_mid.png,1201452,2c29fafad1ef174095d5bcf9f060d1d5844c4c299cd8805a349529c5fd30e7da
prototype/qa-results/visual-after/m7_skybridge_start_detail.png,1063794,9c60bfe40e48dbbc992af389e53433dcbe32e7c589899dac8f192ace1cda1f8d
prototype/qa-results/visual-after/m7_skybridge_start_entrance.png,1213506,36f7c7832157bf5b147918e97f6280b073ac9b6e841c7ea0253f2a2dc54dcc50
prototype/qa-results/visual-after/m7_skybridge_start_junction.png,1012825,7a41000c7b7468f768b6e7e7fd8450bfba2f5102ea0168673c0fb7bfbe02accf
prototype/qa-results/visual-after/m7_skybridge_start_mid.png,1217693,8f971acd5536de3f218723b8103f00bca4b65fffc891df20e760b7da7c4cfb3d
prototype/qa-results/visual-after/m8_second_campus_std_detail.png,584857,e3d7287c8d8d522f4ad77a08d56397526f24fa26543505d8fff66dd2f562e732
prototype/qa-results/visual-after/m8_second_campus_std_entrance.png,727587,2c9389aeae9ef3bd016a2a377a0fbb994fa96095d8bc8e131699398522fcfce1
prototype/qa-results/visual-after/m8_second_campus_std_junction.png,815479,937b065bbbb0c4ad313031bf086b080a672bc69bd2dfcbb3b88b032bf2fcc215
prototype/qa-results/visual-after/m8_second_campus_std_mid.png,969033,5913c6ccb739220f50f22207c08e1ef3df9a5e82d26ee3b73b71c16fbcfb3d11
prototype/qa-results/visual-after/m9_second_campus_2f_detail.png,979791,a7b099b1e4dd13adb8e13f5c54270251a249981dbfa8cf4487bc2d3d33c72f83
prototype/qa-results/visual-after/m9_second_campus_2f_entrance.png,1353955,f7a83e376bd20c3d3d22bb69e39128a57f35c8d92e396bc5803a446d25e6d5cc
prototype/qa-results/visual-after/m9_second_campus_2f_junction.png,980718,11476ea240c1138681810aa94bfa0098fa82069f9252128f5a91cef1ddea2f2f
prototype/qa-results/visual-after/m9_second_campus_2f_mid.png,1335774,9cb83a0769ea290cd12e96f753407c6b3aae058271658b690911e8260aaa5b49
prototype/qa-results/visual-before-corrected/capture-manifest.json,23324,66213caf6cce7954e7a976a9ee410e3f2c6f14d31b188d42279aae74590f2348
prototype/qa-results/visual-before-corrected/m0_316_entrance_detail.png,638517,0e7131f6b2521639c9fc434428015eb5dec0a30e5b84f8e5b7331a8706884426
prototype/qa-results/visual-before-corrected/m0_316_entrance_entrance.png,695172,81c1f4fbc405b4af506422328ca500dc47f0bd30bdba11d59cb6e96d68af01fe
prototype/qa-results/visual-before-corrected/m0_316_entrance_junction.png,643493,935ece0dfe62bf6089524cf52b96d98053e6fdb2cce471b1a0df7f76a3b4ebbd
prototype/qa-results/visual-before-corrected/m0_316_entrance_mid.png,769018,77b1f7d3fe980c701d1fd83663505f3a8839ece151c247068f64b8ed1af13db1
prototype/qa-results/visual-before-corrected/m0_316_office_detail.png,648097,372cce875f68dab3601a30caae40280b10847607651a9745cf3b0e40fea4a33c
prototype/qa-results/visual-before-corrected/m0_316_office_entrance.png,677512,cd3a7bde11bbccfcc0336ef75dc42980e0ef26053b6a2567eb8d7b86dbe44367
prototype/qa-results/visual-before-corrected/m0_316_office_junction.png,699068,cb8cca2d50c10ea4659c1f9141a431f32d703742e4529fa9d5a0b3b44c483ef0
prototype/qa-results/visual-before-corrected/m0_316_office_mid.png,715846,411c01b38b4b694bb9ace41d0db8df469ef5c205e61db83f501ca10948ee2f13
prototype/qa-results/visual-before-corrected/m0_3f_corridor_detail.png,846653,75dc4f03070b1b0396c9c8eafa96a707ed848e34cf593b65a1428984f2e6fbf3
prototype/qa-results/visual-before-corrected/m0_3f_corridor_entrance.png,840660,1a61aa4955809dfe9d5129722527cca8ebcec3619a730dacb45ef3d0266ab0c1
prototype/qa-results/visual-before-corrected/m0_3f_corridor_junction.png,828288,3dea606821c93a8caac1f9cc05f18b879d43afbda8aade6b878e08a5355bafdb
prototype/qa-results/visual-before-corrected/m0_3f_corridor_mid.png,813788,6155c6c4dd7a133f67886ed2afd7679f30afba3645a2617befbce508483d8c4d
prototype/qa-results/visual-before-corrected/m10_second_campus_1f_detail.png,671909,1b8e9380f71f108dc0a05a7e94bba94bb7f407b68dbbb675e8696d1b1f015135
prototype/qa-results/visual-before-corrected/m10_second_campus_1f_entrance.png,646935,8437eb3f29fca8cf2424a45edfea9e2b2b5b62fc8f3d19aac31724b73ec14cd0
prototype/qa-results/visual-before-corrected/m10_second_campus_1f_junction.png,655028,913df368b1c02ec445e33aa9475ef3fa535674b033f32057135f762c4d30881b
prototype/qa-results/visual-before-corrected/m10_second_campus_1f_mid.png,638669,78e92b5aee387eaac0706b405604b700078dfc758838f420d239ce90311ac80f
prototype/qa-results/visual-before-corrected/m1_4f_lobby_detail.png,573576,cffaec4dace9805fcf9ce38531da77c28e5a3587675908d316d339241aeda3a1
prototype/qa-results/visual-before-corrected/m1_4f_lobby_entrance.png,605762,c05f8e07f02e1b13313b65943365c13086331ba529638653c5bbbe985bde7099
prototype/qa-results/visual-before-corrected/m1_4f_lobby_junction.png,630140,e1367131ee685f612ba849bca5bb99c1e3eaafd541501b53af1d7852c2468be6
prototype/qa-results/visual-before-corrected/m1_4f_lobby_mid.png,623117,ae9c00e35fe4ec34b465f5b5331527f5175e45b3e89fa0c80fb81f7c9a91b1fe
prototype/qa-results/visual-before-corrected/m2_4f_409_detail.png,580780,784f47e21da15025b2a46a75be8a799888ff199b94832209f2eaee3439b45fcb
prototype/qa-results/visual-before-corrected/m2_4f_409_entrance.png,738709,65cceff65e3b665d3bd5b75c2edda06c9bea46af42424fdcb6d5cacdab86a7e7
prototype/qa-results/visual-before-corrected/m2_4f_409_junction.png,705297,a85f4a09a1c1da19a6eeaa7e1ee5af3e0a12e828f2a41b851c417d5e4a69402c
prototype/qa-results/visual-before-corrected/m2_4f_409_mid.png,697713,f6588362fbb4641d213b52850f93d71563e9a24e99a135d920414575721b252c
prototype/qa-results/visual-before-corrected/m2_4f_duty_room_detail.png,575390,0bbde6b35233384b60d0f6bb55e0e42e4bee040fa1523689be56a6ae5f3befa2
prototype/qa-results/visual-before-corrected/m2_4f_duty_room_entrance.png,661304,dcc6afeaea259e8f6b2752533ebc96620a81248238bbdb853a880cf87f6c9e67
prototype/qa-results/visual-before-corrected/m2_4f_duty_room_junction.png,685480,68bef404737ac45c73221936725584f5af436ab50acec22be6734b4d0449eace
prototype/qa-results/visual-before-corrected/m2_4f_duty_room_mid.png,798971,8af4df1175f8d209d39c6d5646d596d2c847186febcaf6441f43526e3ebb61c6
prototype/qa-results/visual-before-corrected/m3_4f_nursing_station_detail.png,672432,fc2e939c3b69da8912e292705e39e8b65f79541935d8f423330d87094d21848d
prototype/qa-results/visual-before-corrected/m3_4f_nursing_station_entrance.png,640680,94a02511d7c172b03493665f5361251b7fc7c261323e3d3631396fc63964821b
prototype/qa-results/visual-before-corrected/m3_4f_nursing_station_junction.png,667455,8295359f0321d96df8b22647ad22454c7566fa97ec7126349510c1378cc5b69c
prototype/qa-results/visual-before-corrected/m3_4f_nursing_station_mid.png,704428,06b9429537c6e5e6b49f44f1982063ee21ae4902ca72b6820dd54b21a667cf6a
prototype/qa-results/visual-before-corrected/m3_4f_ward_gate_detail.png,645118,fa3f3bc9679da04a03d64ecdd743681d7999b895befb3cb8cc4e299cecae56af
prototype/qa-results/visual-before-corrected/m3_4f_ward_gate_entrance.png,667550,867df6ae76359a2929e11481a853610fdb2662de0d93c4cc2637fc42abe6d4d0
prototype/qa-results/visual-before-corrected/m3_4f_ward_gate_junction.png,687920,aa8ac412e7eb532a1b8b064d2541bd50c27fef6a516cbe7b14c8cfac29be3d4e
prototype/qa-results/visual-before-corrected/m3_4f_ward_gate_mid.png,742139,73c9f5ae2ffd63e3338c99fd6f8d8aa5af2604ad5e52afc67d0f1f1d659810a7
prototype/qa-results/visual-before-corrected/m4_2f_er_arrival_detail.png,813855,ededef4aba5a7caa355df9ffa07df453913eacddc74c51e4f7d75afa6f3dbaed
prototype/qa-results/visual-before-corrected/m4_2f_er_arrival_entrance.png,742379,ce45411a181504fd702d4dacecd43bd225526c8e63a0ac98df6c2d6442d9595b
prototype/qa-results/visual-before-corrected/m4_2f_er_arrival_junction.png,690380,5f421661c247eeb14ca24de4525605b5c67a272adf4256b63749b2bad2d3d26a
prototype/qa-results/visual-before-corrected/m4_2f_er_arrival_mid.png,693163,85ebb58f6c95eea9b0d45c46c3a5f9e005419fd39f773811fc48d9efce521a27
prototype/qa-results/visual-before-corrected/m4_2f_er_bays_detail.png,700378,56bcbaf69f7b44fe091aaee64bf69a64442cc4d09845893de38f923ba122591a
prototype/qa-results/visual-before-corrected/m4_2f_er_bays_entrance.png,729420,890e579b4e77642dc5762e9343b957f546ad70772f581fe309a144105b9e230a
prototype/qa-results/visual-before-corrected/m4_2f_er_bays_junction.png,726190,32f84a044902c504979ea3c0d91d75786bd96322a62e0d9ab2029b86a87be647
prototype/qa-results/visual-before-corrected/m4_2f_er_bays_mid.png,818974,975c37e74fd40840ee40909e7ffbf0ce71e26267a6e6cfa44062b3cbc479e0c3
prototype/qa-results/visual-before-corrected/m4_2f_er_exterior_detail.png,512382,51d7f12192bcf57a32f4726c6a6a2a3e5b3eb2bb712a8b3ea91bd4e81db97155
prototype/qa-results/visual-before-corrected/m4_2f_er_exterior_entrance.png,616229,1ae04b469a2311c293c3259c8535cb34b52e01e79e180dc422212ec0c1e5b7d9
prototype/qa-results/visual-before-corrected/m4_2f_er_exterior_junction.png,669085,e3d76d6514d66d2a11a717daf749c5017ab5f28fb0e642b184725c58e382cb4d
prototype/qa-results/visual-before-corrected/m4_2f_er_exterior_mid.png,649431,e190807efefc005370725c61ae3c498047a53f2260349a7f8f707b92c1d6f314
prototype/qa-results/visual-before-corrected/m4_2f_er_treatment_detail.png,649026,aaa0b238dc7af795812e17a5dd0f732449a74e5b036cc063f8e4041376e98b28
prototype/qa-results/visual-before-corrected/m4_2f_er_treatment_entrance.png,737197,83f041ae135417528a0251332f566496fdd0051e1155db8c8b8fb9a1cec070a6
prototype/qa-results/visual-before-corrected/m4_2f_er_treatment_junction.png,710038,21d8d751cfdf237683cc90efb44eb0e68a09aadad2f63b5154bac5de2b29d47c
prototype/qa-results/visual-before-corrected/m4_2f_er_treatment_mid.png,744093,d89231f55ae15fc6974a799868901c39e3d9c097560979a06cb07435f3399845
prototype/qa-results/visual-before-corrected/m4_2f_er_triage_detail.png,633114,ab29069ea2d167b6db6b157eeb32b73346ec5bee1677eb968b50c080dcea9d25
prototype/qa-results/visual-before-corrected/m4_2f_er_triage_entrance.png,682234,83820e1f608af828b38689bbc9bf777e4d1a7e80bc1e0d857cea7ac1bee77efe
prototype/qa-results/visual-before-corrected/m4_2f_er_triage_junction.png,744101,cb0fb23370f99228ccf62e4b57936bd8af075aa35b97f7ccf3c4491fcffd0de7
prototype/qa-results/visual-before-corrected/m4_2f_er_triage_mid.png,803050,cc5a531733ecc0cc7c18578895e897ca94478e91ca453e309eeb69899b88d2d8
prototype/qa-results/visual-before-corrected/m5_1f_lobby_entrance_detail.png,665746,12cdfd08202b68290a065f4ad0e3225ebf0ae0a75ed49edc3f129d8512210536
prototype/qa-results/visual-before-corrected/m5_1f_lobby_entrance_entrance.png,711794,326759e827262a06b00e160a74c0047973f67b85f48dddfccb8e98cd35807f79
prototype/qa-results/visual-before-corrected/m5_1f_lobby_entrance_junction.png,674596,891ba51b4ec9cb596ca13e2cafbea4001ead13e2fb59ad4f302255ff8a93575c
prototype/qa-results/visual-before-corrected/m5_1f_lobby_entrance_mid.png,779156,493fdc6b8f660935e52ae1e9a75450a8e3aa524c5c89eebe112a3c0d2847c68b
prototype/qa-results/visual-before-corrected/m5_1f_reception_detail.png,631918,f68d1e365ced5d70b28138285b456b9aa1aa8c7a0cf6e6f9b702d78a0e893795
prototype/qa-results/visual-before-corrected/m5_1f_reception_entrance.png,703719,a3ab82560928adb2d54bd0f8e562ab05cb8abd248cdad4f09edbed19cd66445d
prototype/qa-results/visual-before-corrected/m5_1f_reception_junction.png,790345,ef910bdbcb3cbfee69087d00b7b2462932f1499dd948843e67d709c1bc6353da
prototype/qa-results/visual-before-corrected/m5_1f_reception_mid.png,782439,17b3c345d6cacc5ab1e8a44ad2be9ff20929fa8abf083561b50438e21e13b542
prototype/qa-results/visual-before-corrected/m6_8f_bridge_entry_detail.png,793776,d5dfa3a924cd0df0d7d7b67cc391cb5719df7d43c7224c89a356fd393a6cc4b2
prototype/qa-results/visual-before-corrected/m6_8f_bridge_entry_entrance.png,811282,fa291f519ed29ad0e989545ca53fa67fb7785642fe2c6ea314f85571249d72ee
prototype/qa-results/visual-before-corrected/m6_8f_bridge_entry_junction.png,822427,c2919caca6d04072f465b66d44aab2f701fb98e051b139a3031b6af7a6c2a24f
prototype/qa-results/visual-before-corrected/m6_8f_bridge_entry_mid.png,760648,3a1c04b38e5d51aff7c59bd78796ac9ace62ff70a782193c6ea50386c21d26b6
prototype/qa-results/visual-before-corrected/m7_skybridge_end_detail.png,619055,42907b68d2e504a2b4292f9348c69d4a6274939bb4dbb82a4ace92cdc36aab5a
prototype/qa-results/visual-before-corrected/m7_skybridge_end_entrance.png,685787,01a56fefc372a8a8efcc61192c60548d79a660c837ba5a198f5aaddb0df6b3de
prototype/qa-results/visual-before-corrected/m7_skybridge_end_junction.png,715594,cff2219dab1a625d2989a7c5744b519e24182f63f9b160f659db15c202a7b691
prototype/qa-results/visual-before-corrected/m7_skybridge_end_mid.png,751174,5a2b3cd064ba9aeb0c878b1f4143e7edcf84898731aed7c63c663a62f431b9bf
prototype/qa-results/visual-before-corrected/m7_skybridge_mid_detail.png,741604,a78785200ba16bea1b56d9029748ea609f086cb0873a4a4f07f7765544af5f58
prototype/qa-results/visual-before-corrected/m7_skybridge_mid_entrance.png,758727,986d0d5dc958599e971fe1394ba2d2e425417a9ca14a19b13019ae87f751686f
prototype/qa-results/visual-before-corrected/m7_skybridge_mid_junction.png,742361,7b5f2f59f6ba475d949d14921077245acbc7ca86faee0b7e5b6d4ad1e48f025f
prototype/qa-results/visual-before-corrected/m7_skybridge_mid_mid.png,766292,70d73b53b310a61c714eef65b32bf0e73e96d01fd048d44855c8b0f587014cd8
prototype/qa-results/visual-before-corrected/m7_skybridge_start_detail.png,783412,ec918ee53965551919844c8c8a38eae81d08160479ff72672a78d82972785fcc
prototype/qa-results/visual-before-corrected/m7_skybridge_start_entrance.png,795046,bfefa829e03ce9d59bb1e2eda5dbcdf0ea0406472c73195ea5b486fca25a20cc
prototype/qa-results/visual-before-corrected/m7_skybridge_start_junction.png,810718,ced49c87ebac4349a2435e51d396764615353c2284ed0d9aba21477aabd2939a
prototype/qa-results/visual-before-corrected/m7_skybridge_start_mid.png,811397,6e5d99d27f37c79baf6d69c482c91e8bfcdc9d09bff46d719877d76db136a512
prototype/qa-results/visual-before-corrected/m8_second_campus_std_detail.png,576256,18f8b4acdad854230087b7fa7bdd47acc1886e3c8456555cd292658e5166283b
prototype/qa-results/visual-before-corrected/m8_second_campus_std_entrance.png,660040,c00e71b88795e7f65bfc29bbe2369938179e59e4c131c65a5fc2c09a5ec2a5b4
prototype/qa-results/visual-before-corrected/m8_second_campus_std_junction.png,652040,870d605c17aaf158fb31690d51047dc96f6dcaee7a93df571bc53239869fc8b1
prototype/qa-results/visual-before-corrected/m8_second_campus_std_mid.png,680830,a0cb8bc4421a3e71169b9f43eba45ca7562b40f0885b23951ab74c3c56e8d6e4
prototype/qa-results/visual-before-corrected/m9_second_campus_2f_detail.png,641727,a9d7171648249e4ae0236c59cf07fafda81443e6427784b9d402c78cd9321452
prototype/qa-results/visual-before-corrected/m9_second_campus_2f_entrance.png,722224,35eb68e562630776501256ec281e0c3cbe219878ce928f65eecee0bcc4bdd133
prototype/qa-results/visual-before-corrected/m9_second_campus_2f_junction.png,670210,aa05f961338094d072af06467cb250ffc37566ba30e027a249da604a130e6491
prototype/qa-results/visual-before-corrected/m9_second_campus_2f_mid.png,682688,4c0e74bb162deac104ad2aab7bff274f9cea2867f3001026a1494663a556e95b
prototype/qa-results/visual-before/capture-manifest.json,27833,8f39d4025d8e146e24f368d88515f516681f383b4c3d896ab3ba285c25153d93
prototype/qa-results/visual-before/m0_316_entrance_detail.png,638536,2b29a296fe6f02f653b1905cb95bcece61b7863a0803609c4f00e2077d5aa005
prototype/qa-results/visual-before/m0_316_entrance_entrance.png,695185,f0881fd3a2d8a4aa998d05313822685c45a40f10250e37a2b47a606830811bf1
prototype/qa-results/visual-before/m0_316_entrance_junction.png,643498,ccf401d071676e8dba90e3c114e5e9194ade6ca37c3fe66ec9f301fc6bcbed27
prototype/qa-results/visual-before/m0_316_entrance_mid.png,769020,0ca3f6309ec878cb1ce66b3ea604b81413d948aa0a12b3b00262108fc5c3f96c
prototype/qa-results/visual-before/m0_316_office_detail.png,648097,372cce875f68dab3601a30caae40280b10847607651a9745cf3b0e40fea4a33c
prototype/qa-results/visual-before/m0_316_office_entrance.png,677512,cd3a7bde11bbccfcc0336ef75dc42980e0ef26053b6a2567eb8d7b86dbe44367
prototype/qa-results/visual-before/m0_316_office_junction.png,699068,cb8cca2d50c10ea4659c1f9141a431f32d703742e4529fa9d5a0b3b44c483ef0
prototype/qa-results/visual-before/m0_316_office_mid.png,715846,411c01b38b4b694bb9ace41d0db8df469ef5c205e61db83f501ca10948ee2f13
prototype/qa-results/visual-before/m0_3f_corridor_detail.png,846653,75dc4f03070b1b0396c9c8eafa96a707ed848e34cf593b65a1428984f2e6fbf3
prototype/qa-results/visual-before/m0_3f_corridor_entrance.png,840660,1a61aa4955809dfe9d5129722527cca8ebcec3619a730dacb45ef3d0266ab0c1
prototype/qa-results/visual-before/m0_3f_corridor_junction.png,828288,3dea606821c93a8caac1f9cc05f18b879d43afbda8aade6b878e08a5355bafdb
prototype/qa-results/visual-before/m0_3f_corridor_mid.png,813788,6155c6c4dd7a133f67886ed2afd7679f30afba3645a2617befbce508483d8c4d
prototype/qa-results/visual-before/m10_second_campus_1f_detail.png,671909,1b8e9380f71f108dc0a05a7e94bba94bb7f407b68dbbb675e8696d1b1f015135
prototype/qa-results/visual-before/m10_second_campus_1f_entrance.png,646935,8437eb3f29fca8cf2424a45edfea9e2b2b5b62fc8f3d19aac31724b73ec14cd0
prototype/qa-results/visual-before/m10_second_campus_1f_junction.png,646964,3b142340b6a1aee7888326497ab7e65b08b6744d6af6ab63d693766532a7d83d
prototype/qa-results/visual-before/m10_second_campus_1f_mid.png,638669,78e92b5aee387eaac0706b405604b700078dfc758838f420d239ce90311ac80f
prototype/qa-results/visual-before/m11_hillside_branch_detail.png,498108,b62244ee49ffa9a9c6b9ce4f7e177ebfa40c7a3c2a0d4700a778e61961e20687
prototype/qa-results/visual-before/m11_hillside_branch_entrance.png,537808,24c5d0c3d5f1ce30ec365a4a7368988fe19e4ec955de4148d8bfba874128eff3
prototype/qa-results/visual-before/m11_hillside_branch_junction.png,504537,2ae57fcc05a867a001ae4cb63aab7c5cf3293c5ddbf1946ec7e26ed0f45c3a0a
prototype/qa-results/visual-before/m11_hillside_branch_mid.png,559270,291c53bdf8b4d1753521736be59c5cd49db71e258b95f10153b69d3bd8704540
prototype/qa-results/visual-before/m11_hillside_main_detail.png,578677,6a350119b4ba13668885161887f2fc1a04cf6aa84f4f8872f57eeb3cad499762
prototype/qa-results/visual-before/m11_hillside_main_entrance.png,646964,3b142340b6a1aee7888326497ab7e65b08b6744d6af6ab63d693766532a7d83d
prototype/qa-results/visual-before/m11_hillside_main_junction.png,537808,24c5d0c3d5f1ce30ec365a4a7368988fe19e4ec955de4148d8bfba874128eff3
prototype/qa-results/visual-before/m11_hillside_main_mid.png,650887,0c8139e45789fb0308aa6fba77b0ffb0b682c3dd5b073fb8113752ab3ea371c6
prototype/qa-results/visual-before/m12_pond_approach_detail.png,500060,b5f9ead59fee71ea627f5493c8c61b4820240ba044c734badb83ba9fec566344
prototype/qa-results/visual-before/m12_pond_approach_entrance.png,504537,2ae57fcc05a867a001ae4cb63aab7c5cf3293c5ddbf1946ec7e26ed0f45c3a0a
prototype/qa-results/visual-before/m12_pond_approach_junction.png,509185,eefe1d62acb829ea8d2640df5770928ebbcde495ceab028d557ef38199b89b6b
prototype/qa-results/visual-before/m12_pond_approach_mid.png,525912,6b12baa656d62251178c2e5179898c869b5926087ac775066c5af473427cd56f
prototype/qa-results/visual-before/m12_pond_deck_detail.png,512602,c6b8f5f92a9656dee02c53a0d7e21a62b8a4568159bfbccc0f93747a3b3cb4a3
prototype/qa-results/visual-before/m12_pond_deck_entrance.png,509185,eefe1d62acb829ea8d2640df5770928ebbcde495ceab028d557ef38199b89b6b
prototype/qa-results/visual-before/m12_pond_deck_junction.png,541593,4ac69233240d770ddfbd58e870a766ff1d30271bd7158924dd34b5063c006752
prototype/qa-results/visual-before/m12_pond_deck_mid.png,523806,5df5fe62ade633263a521917ccf4bf31366d083d60da78fa40e49a5e68b9dc6d
prototype/qa-results/visual-before/m12_pond_waterside_detail.png,500619,da9044cc6db49d90bd9aa8c59013349f0d56e0e545dbbda476da962d9d6b1c4a
prototype/qa-results/visual-before/m12_pond_waterside_entrance.png,541593,4ac69233240d770ddfbd58e870a766ff1d30271bd7158924dd34b5063c006752
prototype/qa-results/visual-before/m12_pond_waterside_junction.png,615130,ffcebc9fc9616ab43697fcc3c8b132adf7eefd4a258948430e4a21f062b462a4
prototype/qa-results/visual-before/m12_pond_waterside_mid.png,564138,4c6c21f0b6a6ccd05b45c01de837d0ca225e637f77a272cd3f0fbc473c63aa7d
prototype/qa-results/visual-before/m1_4f_lobby_detail.png,577055,dde2333de0832d55d4b507edb8f3f18ceccbb0511fbf422fd1dbe69d54d22777
prototype/qa-results/visual-before/m1_4f_lobby_entrance.png,589994,e50cf535ed860418c3ec0cb69b9e3d485d65dd41338f3951130552d26a342af3
prototype/qa-results/visual-before/m1_4f_lobby_junction.png,639563,6aeea489b38f082a3654a1fb2383f3f6d1bd50267127af29cc994b6697759f0e
prototype/qa-results/visual-before/m1_4f_lobby_mid.png,615753,bade082e33d9c660e17249a916b5765321f07132d30cefb515691c382700515e
prototype/qa-results/visual-before/m2_4f_409_detail.png,569044,c8eae394ef835fde71a2ff0b0f97a35ca5d26844c1becd2b5c9aefd6e7a35965
prototype/qa-results/visual-before/m2_4f_409_entrance.png,744119,1768c74d246b37ec6092b9d027346469565e16a1ef242b00af3173c36bdae899
prototype/qa-results/visual-before/m2_4f_409_junction.png,691333,970e48b9b9a64d96baacc64a821690833862e292d60b63ebf7cfdfd3b4cbcecb
prototype/qa-results/visual-before/m2_4f_409_mid.png,700891,c45decc3f1308235d04d334dbb983be38deee754563645eb8309b2a4d91dca02
prototype/qa-results/visual-before/m2_4f_duty_room_detail.png,581390,7ce6cc0747b1848f9d1bb239b3457e0a77221961a7c7b22862d6555542aee405
prototype/qa-results/visual-before/m2_4f_duty_room_entrance.png,671170,46a7eba679d9d1f49055a8b2f1611007e0eec9ea0b26ea898639f68e00e4c329
prototype/qa-results/visual-before/m2_4f_duty_room_junction.png,691031,a64994e0fffc82b63d6321190aaa80ddaa15e87b1b5d320a490c397f9eebc5ed
prototype/qa-results/visual-before/m2_4f_duty_room_mid.png,812592,e8dba16834c22031cba0a7b083048e605826566130c2e5199403046fa460ac2b
prototype/qa-results/visual-before/m3_4f_nursing_station_detail.png,679249,754f69f39769e6dfa78a7e0241dd01c22fb11d3fbf32fc60771560fc422f490d
prototype/qa-results/visual-before/m3_4f_nursing_station_entrance.png,630076,f65b083414acc63c05e279651b57a58df1e857918aafb9d45318470bd3acf10c
prototype/qa-results/visual-before/m3_4f_nursing_station_junction.png,671904,a5734d7b9866ffc496f9f0d9e1bf0e013bab8911788fe5eee3071795b1e70a76
prototype/qa-results/visual-before/m3_4f_nursing_station_mid.png,692343,79e7e376394bd21eae45eefeeb021fce56ebf818e87cc209c62584549b237021
prototype/qa-results/visual-before/m3_4f_ward_gate_detail.png,727646,dfd9494318271ab806fc6e107301e65ac4a115b358bdf6dc76efa5e361001f1c
prototype/qa-results/visual-before/m3_4f_ward_gate_entrance.png,692775,5db1bde041a8962e7d5a59a8c888c973689439c439b31f0af82e6de7ceeeb052
prototype/qa-results/visual-before/m3_4f_ward_gate_junction.png,694368,348ff39e96e17b193ba26991ab7497438a87356d0bd765a3900b4dfdc6b97e14
prototype/qa-results/visual-before/m3_4f_ward_gate_mid.png,760207,3a5611b5f81d8bf7fea73a70266b2963059ffd8bf194f2216a345910528f3edd
prototype/qa-results/visual-before/m4_2f_er_arrival_detail.png,825089,7e7b44bd3065d009cd9c7a21775fcdc6d21791b4b3110e15c12fcca6ea01d46e
prototype/qa-results/visual-before/m4_2f_er_arrival_entrance.png,724673,279acda7af866f992edc37f78da54842b22e8d403f2e14395b553209c5abaa59
prototype/qa-results/visual-before/m4_2f_er_arrival_junction.png,693110,5237e835dd27e64479e67dab647e8769aefecde9a5b62a2f4890d4bc3fa7a878
prototype/qa-results/visual-before/m4_2f_er_arrival_mid.png,686242,58eb0f31c12641cfdd4a43e59a49b1222dcf5ac07742e94c320c3ebeb4c233e8
prototype/qa-results/visual-before/m4_2f_er_bays_detail.png,712320,855ae5b0a299a79db33c2fb88851a5538b71bf97289f99f65d39f0269e8f9661
prototype/qa-results/visual-before/m4_2f_er_bays_entrance.png,730009,fc2029e55189b42e38cdea3dc0cde1ea1ef2ead06ce64b98b4da819583306dff
prototype/qa-results/visual-before/m4_2f_er_bays_junction.png,733430,2aafa0587885e6e4f6c05023d6083c38a0cc6220947c793109b173c01fc0c0ad
prototype/qa-results/visual-before/m4_2f_er_bays_mid.png,867430,7db8e9a7dd2052a612feaac844803187170e3238b109ff81ff0f6ecf1798359a
prototype/qa-results/visual-before/m4_2f_er_exterior_detail.png,506239,d8614df97f9e71e33a467d17077904bbcc578666b312e1859cbfcaddbe154f74
prototype/qa-results/visual-before/m4_2f_er_exterior_entrance.png,618067,bb390be84bce0c4ea25e00b163a29d329fb3842aeacfb5fa8af98efb11ac4abf
prototype/qa-results/visual-before/m4_2f_er_exterior_junction.png,672376,f59ffd6e65171dcbe9548d67b911db5c82ce88b3b1ff24016d53c9f7cb7c5ee6
prototype/qa-results/visual-before/m4_2f_er_exterior_mid.png,648765,29838f7ebcf8d1c52a961a91b87f0b0bf16fa1226de35a85983460f6b0478006
prototype/qa-results/visual-before/m4_2f_er_treatment_detail.png,655003,1c078f1d5ca179405275cfbeb962eadc4ee02739e30f72769eb4476f2c04c660
prototype/qa-results/visual-before/m4_2f_er_treatment_entrance.png,753770,9837bb7ed5737cfa4e1a81a39418017aa6c08b4571ee1836901c93239b4d8d14
prototype/qa-results/visual-before/m4_2f_er_treatment_junction.png,720700,04106853932a197980ae25fb40290ca6ed39636765818be59b45945ef34af0d2
prototype/qa-results/visual-before/m4_2f_er_treatment_mid.png,782375,3701b5efc59e30926d26a5b3b5fc110082afb841a37f3840045f03350c1a5cad
prototype/qa-results/visual-before/m4_2f_er_triage_detail.png,643333,d86878df9fb2cfbf8903b5eda096f4c2c1490704204ca32b7df20cc766aa4d6e
prototype/qa-results/visual-before/m4_2f_er_triage_entrance.png,671778,b627552f451a9386443d65d18dba91801cef3dc7e9f6c6ac32a7c240a01aedf4
prototype/qa-results/visual-before/m4_2f_er_triage_junction.png,763584,5647bbaeeb45e17d770993cdd12f9d5faede632d1230fa7d2891231f439082ac
prototype/qa-results/visual-before/m4_2f_er_triage_mid.png,812068,9cb19bd13d92cfacf92175a3524ef8f3ca5c2c3e7ad5b03ce965d237a461d70a
prototype/qa-results/visual-before/m5_1f_lobby_entrance_detail.png,679767,504ce6d6a1ed66c94f079abc6a4be338be94a9b9ac8f2e20ade6ae2aceb3cd86
prototype/qa-results/visual-before/m5_1f_lobby_entrance_entrance.png,700222,ca950cc2bd1b4b045a712e71ffcc21cc55a4b4d57716d03611b5f40cf3e67eae
prototype/qa-results/visual-before/m5_1f_lobby_entrance_junction.png,685595,bd4d68d6b500114c7f8b4f1eb85860fa16dd41f0bf5e9127a7ab02d9e038b76b
prototype/qa-results/visual-before/m5_1f_lobby_entrance_mid.png,773951,c9a492748e18fdc8858b43392aacc6aa36fd8ce586e1df38349e5f780cfbf99e
prototype/qa-results/visual-before/m5_1f_reception_detail.png,638364,d466f9d5d0096e1299ced4c8ea2470e280816fcf566fd88b162fee211be5ebc5
prototype/qa-results/visual-before/m5_1f_reception_entrance.png,696346,3a73ad6c68cb2b2b3b398b1b10fd3fd5f6273d9a0e5a3ee9f97d2b5f1f687f62
prototype/qa-results/visual-before/m5_1f_reception_junction.png,805347,ced652cfe3434def0503fe3205323681639f9a7e4808c8681dfd810b4a8fc864
prototype/qa-results/visual-before/m5_1f_reception_mid.png,793243,9eb41c0f87d7f2b7adcc93dcc549de253ecddafb86c36ba6e82269154a57ab9d
prototype/qa-results/visual-before/m6_8f_bridge_entry_detail.png,805333,248c0e16aa050a72e4b37f1a4daabec2327fc386aa6b267ad0766f3ebe1471d7
prototype/qa-results/visual-before/m6_8f_bridge_entry_entrance.png,842126,4d09de97c930e60867c214afb5151698080921f29ef2f99124febf401fe57330
prototype/qa-results/visual-before/m6_8f_bridge_entry_junction.png,879636,4cf21deff7ad531bed5caf6528a8ce11f6c446ccb57d38a63f69033a065d1955
prototype/qa-results/visual-before/m6_8f_bridge_entry_mid.png,845038,9252a50baefac9f11c950f5656a53a9012cbea43ce92521bd06c56631d4b8319
prototype/qa-results/visual-before/m7_skybridge_end_detail.png,621149,949d37ea1f46a0e01e8c53a3f18587fda4287ea6f35fd6fd3ca1c00769dd5d83
prototype/qa-results/visual-before/m7_skybridge_end_entrance.png,685337,f7a54b3420390faacecb39db576e6774b01918c35f4412c28e4817855236e1ed
prototype/qa-results/visual-before/m7_skybridge_end_junction.png,723029,5cb4e824383800a54d8f8bba109fd2bee2c445be6250a9ccec1649c44445606a
prototype/qa-results/visual-before/m7_skybridge_end_mid.png,749919,da6c09b14f45c78a6c998e6b1b022e7e79ce9a617947f619690a540503487f28
prototype/qa-results/visual-before/m7_skybridge_mid_detail.png,751854,bd1e5722ac2fe0650647190fefab916d6c05730ccf6027ea614a986642a7b8ff
prototype/qa-results/visual-before/m7_skybridge_mid_entrance.png,745786,829cd44cc508c1797005c368532ed08b31804624f2b574e5e90b55956ca9d1e5
prototype/qa-results/visual-before/m7_skybridge_mid_junction.png,757420,e2667faee737c5a052fdefc363614944ed086b3579db09dca63fc369e2b89fd0
prototype/qa-results/visual-before/m7_skybridge_mid_mid.png,762867,6ab71b5ecea9d949ded2b7e456c3d73c3e9d313e3bd6958e69e7afb5b4db8e6a
prototype/qa-results/visual-before/m7_skybridge_start_detail.png,799845,ccc8a1e42d1c1684a03c3b6fbd9d573de196182a596433dfb240e3719aa22c40
prototype/qa-results/visual-before/m7_skybridge_start_entrance.png,778629,b7aa9cfa4ee1d49e2350afeaf25cb9ed15186db775975d08009ae8429a124325
prototype/qa-results/visual-before/m7_skybridge_start_junction.png,828412,f73895cd503b5738a75c53ac2047a3dba39d47044571d9a776d1981f74050383
prototype/qa-results/visual-before/m7_skybridge_start_mid.png,808049,0107a62dfc0748f8e30b40c9a286623a596ae0c3447d3eefe61b5896149ccc42
prototype/qa-results/visual-before/m8_second_campus_std_detail.png,578091,ea32aa09c0763886e573145d85c92b81305e8b3b3877a1af20ce846aecb3ae09
prototype/qa-results/visual-before/m8_second_campus_std_entrance.png,660040,c00e71b88795e7f65bfc29bbe2369938179e59e4c131c65a5fc2c09a5ec2a5b4
prototype/qa-results/visual-before/m8_second_campus_std_junction.png,656846,d2211e973a94eeb1a6b0e6d16643c51c57a063719cbf65ad6e4ad383a2233ba0
prototype/qa-results/visual-before/m8_second_campus_std_mid.png,673581,dc6bfa99f59d82603c61f25307ea4b95046b50fb3811264d4077606185fa2253
prototype/qa-results/visual-before/m9_second_campus_2f_detail.png,650020,b60f5d745532a6940e25c5fc8164331a1309559bbf5a26757eb414ff0ca38886
prototype/qa-results/visual-before/m9_second_campus_2f_entrance.png,707348,76a8ac0e45fda2271fb156680e5ed3f5f7c07533670bf041291e25abe7b4c16c
prototype/qa-results/visual-before/m9_second_campus_2f_junction.png,684285,dbb4713a841755cd14e1d48e9212c6018b87480b1a4425a484445e6899a016a3
prototype/qa-results/visual-before/m9_second_campus_2f_mid.png,677364,c83da824cb9a959642b7421fe122db2f0afe136dbd545d51ebd20710f3098807
prototype/qa-results/visual-public-8e1be87.log,419,fe73e1dbd462162e05206dd8a7fd1cb3db6142d9f029aebe6da6bc1b66157be9
prototype/qa-results/visual-public-b5d41e1.log,297,e0cd8accd5716f3f2f4ca7ff532d9ab96ad940032949f1d9c8b94161bcee4a29
prototype/qa-results/visual-public-b5d41e1/m0_316_entrance_detail.png,714055,f204c2c90704700a7f437ff58679ae6d83a47830231b78a7a9785358f9e57dd0
prototype/qa-results/visual-public-b5d41e1/m0_316_entrance_entrance.png,854143,8f15af0e26ca524a35bf029ab71307579146be2154dddf4f381ff31ccf0af823
prototype/qa-results/visual-public-b5d41e1/m0_316_entrance_junction.png,863754,8d43a41b8f29482a185b4062429e0a846a465125bee4da0265590dabd0b5dd33
prototype/qa-results/visual-public-b5d41e1/m0_316_entrance_mid.png,919629,bd72105e644b0b533811e4ac0e5caf1e644819ec7129f09a522bf52fe102e777
prototype/qa-results/visual-public-b5d41e1/m0_316_office_detail.png,773020,df0426fd95b6f0f894c3b3a8b1d3a7b0b365f1dab4a6b680571914993abb6096
prototype/qa-results/visual-public-b5d41e1/m0_316_office_entrance.png,959784,cb76166b6089a3a8efda323f8e6100134ad9c0e79ec67f1b07483f6bf838b19c
prototype/qa-results/visual-public-b5d41e1/m0_316_office_junction.png,857306,cdd026ce4c254e5ac03e5377e0c22e40ce1536fbd725baa4a4f988714147068b
prototype/qa-results/visual-public-b5d41e1/m0_316_office_mid.png,1104413,5062fc814e2d20bf11f7d913d490ee4b0abb91250b6f7b8debc06fa75e010f05
prototype/qa-results/visual-public-b5d41e1/m0_3f_corridor_detail.png,1031943,9ac0f0e02bee169af6d28d3e709abfab34df4e22a95b9a43985bae3f10e8fdac
prototype/qa-results/visual-public-b5d41e1/m0_3f_corridor_entrance.png,1059794,f22211aa321f6a2571ab097ed3a2bede74bb9a25c07f121a08108e23b4890330
prototype/qa-results/visual-public-b5d41e1/m0_3f_corridor_junction.png,992053,dff093909a94471231b0f52164fc629741273640d767495ed8c5b8a4ea6669d4
prototype/qa-results/visual-public-b5d41e1/m0_3f_corridor_mid.png,1022094,b84e313f999aebe0ce3fd2302d9686cf2f0ebc83a15d226f790ea2152d44f7a9
prototype/qa-results/visual-public-b5d41e1/m1_4f_lobby_detail.png,690245,709c42061b467301412eaf8c4d31c93cbc49b817bef40f5c504f9cb2c736129f
prototype/qa-results/visual-public-b5d41e1/m1_4f_lobby_entrance.png,1189009,dbd3a172818da96fa8882145361bab6cff43e053431b405950c1fc986015d878
prototype/qa-results/visual-public-b5d41e1/m1_4f_lobby_junction.png,822888,f379e8b96739c4a1d15a21f25ccdee2d3831cd8924b3f5f124572969c290f90f
prototype/qa-results/visual-public-b5d41e1/m1_4f_lobby_mid.png,1201367,2ed848f5aa35b457085a7fee016ea6b1e8d188b871983a2beef06deefa5d709b
prototype/qa-results/visual-public-b5d41e1/m2_4f_409_detail.png,1012154,2a3cecd7759b5d194d138c53a85b1b474e915792dc91f2f8a826914900bda9f7
prototype/qa-results/visual-public-b5d41e1/m2_4f_409_entrance.png,1030634,ac70edccaa70f1bc245db409800827b47f6062af6b134d4b2ed1fad5d77be3a9
prototype/qa-results/visual-public-b5d41e1/m2_4f_409_junction.png,988930,de2b0413c18fe9201afb47f56d7c598a50535f97a3ec838eca3c7fbd6fb1d924
prototype/qa-results/visual-public-b5d41e1/m2_4f_409_mid.png,1037762,fef2cb34f8c5a5eb6481ec797b29ffda7c3f9f9595d21187ef13190f4f45ece6
prototype/qa-results/visual-public-b5d41e1/m2_4f_duty_room_detail.png,940481,ccb6fc57d249850ae66f4cfbe119f41ebc9fc033fe0a92c5c75f5eba3e2d640c
prototype/qa-results/visual-public-b5d41e1/m2_4f_duty_room_entrance.png,952309,21560de2221b04c4716ccceb3524ef2fbbae4fc0fda38bf3f02f929f97bbbf3c
prototype/qa-results/visual-public-b5d41e1/m2_4f_duty_room_junction.png,994431,c08098f2d7a888cc06fb5e2883c45d42cdd277d690a47932241ae8d9a7180ab7
prototype/qa-results/visual-public-b5d41e1/m2_4f_duty_room_mid.png,1132690,c68e6795cdd4ab9f17c840a33c90a1f3d272db2fd56de46821efdbded036ca0f
prototype/qa-results/visual-public-b5d41e1/m3_4f_nursing_station_detail.png,742030,f2a9f974bb94c1ed4ffe0f1afc8589e8e2dacaf74ad13ccdd8b405306644877f
prototype/qa-results/visual-public-b5d41e1/m3_4f_nursing_station_entrance.png,810347,9883b915a5d65c22d3a645bef6e0825433b4bf74825c74a489f0d930abf1fae8
prototype/qa-results/visual-public-b5d41e1/m3_4f_nursing_station_junction.png,816933,97a67a3a8290ecd79afa2c3ba2a18872f611eaaf9f697454871880192e87c647
prototype/qa-results/visual-public-b5d41e1/m3_4f_nursing_station_mid.png,987283,2860d8208795d0b4ee3e8ae568d722a776583a71c3db4e5e24b0bcda095d0220
prototype/qa-results/visual-public-b5d41e1/m3_4f_ward_gate_detail.png,1007525,1454ea30bd4d72243f232400f5b018fccec37054a559cad6b100716b6f36391b
prototype/qa-results/visual-public-b5d41e1/m3_4f_ward_gate_entrance.png,985983,e5b407023b47afc3561b7022dcdc4b22aae8a428303e02219f7640bda177c440
prototype/qa-results/visual-public-b5d41e1/m3_4f_ward_gate_junction.png,872367,f282fe09a6a0d7b34f5f921f93c2140ac0387c98f850a3be7072549f44f14ff6
prototype/qa-results/visual-public-b5d41e1/m3_4f_ward_gate_mid.png,997585,26a351821a1b7199e622677fa41d6cb9ca9ccc1498d8655dfa94c33ccfec0e64
prototype/qa-results/visual-public-b5d41e1/m4_2f_er_arrival_detail.png,832481,06cdb24d91afdfbc7d7120814d211ac2192535c5bb0f7a4264f984ac4773b7ea
prototype/qa-results/visual-public-b5d41e1/m4_2f_er_arrival_entrance.png,1035317,f7ccd15d4e5bb421c9378194916be9df9e59b267996fdc68aedbb2867c252ff9
prototype/qa-results/visual-public-b5d41e1/m4_2f_er_arrival_junction.png,854172,5ecfb2c14ae9af086b19a8b70e24d1986c6b6fc6919be2aa1a5df6608835b549
prototype/qa-results/visual-public-b5d41e1/m4_2f_er_arrival_mid.png,1020842,1ca3f4b4dcbed444c86256e64d7fe1c2662cc6891c165e14ac8469af641a95fc
prototype/qa-results/visual-public-b5d41e1/m4_2f_er_bays_detail.png,936550,9ac3b6a59e37d6efda6b357a3f34cbb5b0285c6efefae9fc58a5f107a22ccb7d
prototype/qa-results/visual-public-b5d41e1/m4_2f_er_bays_entrance.png,957122,aa1d65b2507ba9adf469eed5432b53765751ea8e6f7f7fd9b199b2b15ad2e179
prototype/qa-results/visual-public-b5d41e1/m4_2f_er_bays_junction.png,1003340,6411753e5f40ec1724965da786fb3ee3f7fe0e55dd0c6361dcb7cb5e9fbd28fa
prototype/qa-results/visual-public-b5d41e1/m4_2f_er_bays_mid.png,987168,f6c59f3035d8c9f01a3f788e4270a2d9a185c38425d49b71317a86bd6f7d97fb
prototype/qa-results/visual-public-b5d41e1/m4_2f_er_exterior_detail.png,506222,a22f0502c33c56af1ca2fe59119793800a9a00249fecbdf04f4b3d4e9da67330
prototype/qa-results/visual-public-b5d41e1/m4_2f_er_exterior_entrance.png,646087,af21f2b793b745f2f24e99892db6711c2edf77d67c1103349d429a28463d297c
prototype/qa-results/visual-public-b5d41e1/m4_2f_er_exterior_junction.png,797426,0f123f2775036924e481959c446a6b68cd2b4dec4ed9854649e6571f99df812b
prototype/qa-results/visual-public-b5d41e1/m4_2f_er_exterior_mid.png,781474,a511cee61675cbd6c147f21f957152f45a0072a0e31baf944838cec266be49ff
prototype/qa-results/visual-public-b5d41e1/m4_2f_er_treatment_detail.png,797186,2a90c265273c951ae7d017baa504ee6820c62fa0f45c2183987eba92a7829a71
prototype/qa-results/visual-public-b5d41e1/m4_2f_er_treatment_entrance.png,980499,2d0c9386d25481064ed93949f336ec1a2db5d62fd050bdb389d507c4cd8addfb
prototype/qa-results/visual-public-b5d41e1/m4_2f_er_treatment_junction.png,923658,06b653a4d48fcd6fafe0971d202a1b4fb3a33cb153328a6ce4dd499f9af12b70
prototype/qa-results/visual-public-b5d41e1/m4_2f_er_treatment_mid.png,1060668,9b96f9735dee1336e9d7e939d2e96c872ede6baf75a5e097ef9ce0a6606076d8
prototype/qa-results/visual-public-b5d41e1/m4_2f_er_triage_detail.png,888938,2160074881bd4dd8c4b3eac8dc3531af12d82b05f33341d195881195b0045c31
prototype/qa-results/visual-public-b5d41e1/m4_2f_er_triage_entrance.png,931396,1a9003c0e325079dc4cf3d1cdb19a39b8b1429d6da62a28fa8a3b1ccee651888
prototype/qa-results/visual-public-b5d41e1/m4_2f_er_triage_junction.png,1139085,07c23931ee2c57638289315c75a219e98e3c68428038fa393fc2e573ff0d9983
prototype/qa-results/visual-public-b5d41e1/m4_2f_er_triage_mid.png,1084279,3a9d9302b76f9f2fe81ff86c6e17fa00a45f0e77bc8206eefb559df08d02c161
prototype/qa-results/visual-public-b5d41e1/m5_1f_lobby_entrance_detail.png,933428,b009e3078b86114bcd032d78344010b2351e702f8b418659c5b70e55ab6db4cf
prototype/qa-results/visual-public-b5d41e1/m5_1f_lobby_entrance_entrance.png,1232125,cec446b8b74e2023aff19d5c9bc673e44cd5a75335b68f7b6eb3ff5f3c86336b
prototype/qa-results/visual-public-b5d41e1/m5_1f_lobby_entrance_junction.png,975746,7e5420ed9f5675c5bf46eb0d23c0c147ae60335698ce2d5a7a777ddd2bdf012c
prototype/qa-results/visual-public-b5d41e1/m5_1f_lobby_entrance_mid.png,1270421,216af4c087f0f7cfaff4824469559d9da9ff593efc8a3dfd6e6f879a7149de66
prototype/qa-results/visual-public-b5d41e1/m5_1f_reception_detail.png,865495,d9550a320cdb2708a4bb3492783e7ecb5c3a6fe1a65e2ddb880996206a0b525f
prototype/qa-results/visual-public-b5d41e1/m5_1f_reception_entrance.png,884133,e027e0be937340e25202ec5c80e0aa2aeed288b9088a99be7d68cf032b3bdabd
prototype/qa-results/visual-public-b5d41e1/m5_1f_reception_junction.png,1166428,8072c84eee2e9dd1e6312116453e50f7e5da81979612749655cc33fccafa3380
prototype/qa-results/visual-public-b5d41e1/m5_1f_reception_mid.png,1243173,69309239c807b507a84b68814130fc5a1780c68b8aee2fb6cb120489a4a14029
prototype/qa-results/visual-public-b5d41e1/m6_8f_bridge_entry_detail.png,818986,ef0e41c9fa6328add72e01b2a053629b81b12b94ae4c51193923660f5a5dcc23
prototype/qa-results/visual-public-b5d41e1/m6_8f_bridge_entry_entrance.png,933576,8d59646615a6d5adc1b592144c26c4acedd804513f268f632707a197ff7a8c2e
prototype/qa-results/visual-public-b5d41e1/m6_8f_bridge_entry_junction.png,1019606,65efd56ea6a12dc7f770e121c328599f3f3d1c443be6e2e9d941b80b5fdb1cd9
prototype/qa-results/visual-public-b5d41e1/m6_8f_bridge_entry_mid.png,1009139,8dea5442c8444d3cd161fceee1343b939ca9322a574c8696c5de0d5758478656
prototype/qa-results/visual-public-b5d41e1/m7_skybridge_end_detail.png,676243,08b90f689908e73ab4d10268fd67912f9fafb0a34fe645b378d5646870f73178
prototype/qa-results/visual-public-b5d41e1/m7_skybridge_end_entrance.png,855640,b09c596d8d4481a0b881eb22d933aa55d9af2f54a94cbdaaac00944e1d253757
prototype/qa-results/visual-public-b5d41e1/m7_skybridge_end_junction.png,819514,4c45ca36d467ab411103605360907a85f5d35391f8996b86bf6ce51eec7b29d3
prototype/qa-results/visual-public-b5d41e1/m7_skybridge_end_mid.png,864316,71fd5372c0370a3a7e6af8a0a947f45478db5a33f07cdaca39affc6cfcd1d74e
prototype/qa-results/visual-public-b5d41e1/m7_skybridge_mid_detail.png,964754,392408a6dbd5b3c700bf02950a050033463283fc1bb938aea91d76ca26b8b249
prototype/qa-results/visual-public-b5d41e1/m7_skybridge_mid_entrance.png,1095042,877bc0e748975467644a3fae204d0036cc41f59b4b18024bbc270f53b1014f76
prototype/qa-results/visual-public-b5d41e1/m7_skybridge_mid_junction.png,908189,f75a5c773cafb737a61e842948ded4809f615433b28b247f33f57a22cb11c89f
prototype/qa-results/visual-public-b5d41e1/m7_skybridge_mid_mid.png,1086802,93d584180724a0d1d1bf6ed618d00ebf46b16139085403e0bec68445f1b4088e
prototype/qa-results/visual-public-b5d41e1/m7_skybridge_start_detail.png,1002488,92f354d9ce5cb10757cab6c60ec11e68622deb73f31537ed6175c88686080d2f
prototype/qa-results/visual-public-b5d41e1/m7_skybridge_start_entrance.png,1133698,994b8ae0f9dab1ff51a9b323b1ac9fbb66de2ff0d65facc86217c4dc7ff16071
prototype/qa-results/visual-public-b5d41e1/m7_skybridge_start_junction.png,926322,e37ae383739a4b7288e0d2c1e535370fbf5982ee144b017ad3d1c6570971174b
prototype/qa-results/visual-public-b5d41e1/m7_skybridge_start_mid.png,1114223,7128ac4fa32527c443803a58fc3c6668cb3d6b63c133bcbf79307d363802d070
prototype/qa-results/visual-public-b5d41e1/m8_second_campus_std_detail.png,586429,7cb509d5f2f09255cdfcb7314e02e2e09db45cac7cf0bbec119705ae41e9c6b3
prototype/qa-results/visual-public-b5d41e1/m8_second_campus_std_entrance.png,736387,4924cfc9983568d1535f3f2427a5795c0bf90fffbda0bb1cceb9bf316927798c
prototype/qa-results/visual-public-b5d41e1/m8_second_campus_std_junction.png,804024,3ccc73d023cd97c701f8d7eef356931511dbfb3f7281ab22e3222e6b416c3dae
prototype/qa-results/visual-public-b5d41e1/m8_second_campus_std_mid.png,950619,2b198ce75871fbc6de9ddeb2ebb7b0249179eba6876c0a198a48ad598953fbdd
prototype/qa-results/visual-public-b5d41e1/m9_second_campus_2f_detail.png,941792,df5502d69550c587b6e50c5ae87f9b333db440f63289800094cadb4e167d5eb0
prototype/qa-results/visual-public-b5d41e1/m9_second_campus_2f_entrance.png,1329493,47db1ac52830039e991a8e09462f2dda9f81161f78b2d5284a4faccd4c6b4635
prototype/qa-results/visual-public-b5d41e1/m9_second_campus_2f_junction.png,947140,196d9ee74869b12b96da9faecde85568d5a11c0bb2dd02a7847d6d624c815cfc
prototype/qa-results/visual-public-b5d41e1/m9_second_campus_2f_mid.png,1280328,3e4e98f11dbd646015176c6e8c79bcf8f606c2eeba47b80d5997db6f6040d0fa
